# Blender 4.0.2
# www.blender.org
mtllib boeing 747-400f.mtl
o Cylinder
v -2.234923 -4.452776 12.482465
v -1.933488 -4.452776 12.407681
v -2.234923 -4.547266 12.491771
v -1.933488 -4.561855 12.418424
v -2.234923 -4.638124 12.519332
v -1.933488 -4.666742 12.450240
v -2.234923 -4.721859 12.564090
v -1.933488 -4.763406 12.501908
v -2.234923 -4.795253 12.624323
v -1.933488 -4.848134 12.571443
v -2.234923 -4.855486 12.697718
v -1.933488 -4.917667 12.656170
v -2.234923 -4.900244 12.781452
v -1.933488 -4.969336 12.752834
v -2.234923 -4.927805 12.872311
v -1.933488 -5.001153 12.857721
v -2.234923 -4.937111 12.966800
v -1.933488 -5.011896 12.966800
v -2.234923 -4.927805 13.061289
v -1.933488 -5.001153 13.075878
v -2.234923 -4.900244 13.152147
v -1.933488 -4.969336 13.180765
v -2.234923 -4.855486 13.235882
v -1.933488 -4.917667 13.277430
v -2.234923 -4.795253 13.309277
v -1.933488 -4.848134 13.362157
v -2.234923 -4.721859 13.369510
v -1.933488 -4.763406 13.431691
v -2.234923 -4.638124 13.414268
v -1.933488 -4.666742 13.483359
v -2.234923 -4.547266 13.441829
v -1.933488 -4.561855 13.515176
v -2.234923 -4.452776 13.451135
v -1.933488 -4.452776 13.525919
v -2.234923 -4.358287 13.441829
v -1.933488 -4.343697 13.515176
v -2.234923 -4.267429 13.414268
v -1.933488 -4.060303 13.426421
v -2.234923 -4.183694 13.325121
v -1.933488 -3.963639 13.380447
v -2.234923 -4.110300 13.271526
v -2.234923 -4.050066 13.206223
v -1.933488 -3.809378 13.243191
v -2.234923 -4.005309 13.131717
v -1.933488 -3.757710 13.157181
v -2.234923 -3.977747 13.050874
v -1.933488 -3.725893 13.063855
v -2.234923 -3.968441 12.966800
v -1.933488 -3.715149 12.966800
v -2.234923 -3.977747 12.882726
v -1.933488 -3.725893 12.869744
v -2.234923 -4.005309 12.801883
v -1.933488 -3.757710 12.776418
v -2.234923 -4.050066 12.727377
v -1.933488 -3.809378 12.690409
v -2.234923 -4.110300 12.662072
v -2.234923 -4.183694 12.608479
v -1.933488 -3.963639 12.553151
v -2.234923 -4.267429 12.519332
v -1.933488 -4.060303 12.507178
v -2.234923 -4.358287 12.491771
v -1.933488 -4.343697 12.418424
v -2.590418 -4.452776 12.582855
v -2.590418 -4.527680 12.590232
v -2.590418 -4.599706 12.612081
v -2.590418 -4.666085 12.647561
v -2.590418 -4.724267 12.695310
v -2.590418 -4.772015 12.753491
v -2.590418 -4.807495 12.819870
v -2.590418 -4.829344 12.891896
v -2.590418 -4.836721 12.966800
v -2.590418 -4.829344 13.041703
v -2.590418 -4.807495 13.113729
v -2.590418 -4.772015 13.180108
v -2.590418 -4.724267 13.238290
v -2.590418 -4.666085 13.286038
v -2.590418 -4.599706 13.321519
v -2.590418 -4.527680 13.343368
v -2.590418 -4.452776 13.350744
v -2.590418 -4.377872 13.343368
v -2.590418 -4.305847 13.321519
v -2.590418 -4.239468 13.286038
v -2.590418 -4.181286 13.238290
v -2.590418 -4.133538 13.180108
v -2.590418 -4.098057 13.113729
v -2.590418 -4.076209 13.041703
v -2.590418 -4.068831 12.966800
v -2.590418 -4.076209 12.891896
v -2.590418 -4.098057 12.819870
v -2.590418 -4.133538 12.753491
v -2.590418 -4.181286 12.695310
v -2.590418 -4.239468 12.647561
v -2.590418 -4.305847 12.612081
v -2.590418 -4.377872 12.590232
v -2.934975 -4.452776 12.727859
v -2.934975 -4.499391 12.732451
v -2.934975 -4.544215 12.746048
v -2.934975 -4.585524 12.768128
v -2.934975 -4.621732 12.797844
v -2.934975 -4.651447 12.834052
v -2.934975 -4.673528 12.875361
v -2.934975 -4.687125 12.920185
v -2.934975 -4.691716 12.966800
v -2.934975 -4.687125 13.013414
v -2.934975 -4.673528 13.058238
v -2.934975 -4.651447 13.099547
v -2.934975 -4.621732 13.135756
v -2.934975 -4.585524 13.165471
v -2.934975 -4.544215 13.187551
v -2.934975 -4.499391 13.201148
v -2.934975 -4.452776 13.205740
v -2.934975 -4.406161 13.201148
v -2.934975 -4.361338 13.187551
v -2.934975 -4.320028 13.165471
v -2.934975 -4.283820 13.135756
v -2.934975 -4.254105 13.099547
v -2.934975 -4.232025 13.058238
v -2.934975 -4.218428 13.013414
v -2.934975 -4.213837 12.966800
v -2.934975 -4.218428 12.920185
v -2.934975 -4.232025 12.875361
v -2.934975 -4.254105 12.834052
v -2.934975 -4.283820 12.797844
v -2.934975 -4.320028 12.768128
v -2.934975 -4.361338 12.746048
v -2.934975 -4.406161 12.732451
v -3.109988 -4.452776 12.871404
v -3.109988 -4.471387 12.873237
v -3.109988 -4.489283 12.878665
v -3.109988 -4.505775 12.887481
v -3.109988 -4.520231 12.899344
v -3.109988 -4.532095 12.913800
v -3.109988 -4.540911 12.930293
v -3.109988 -4.546339 12.948189
v -3.109988 -4.548172 12.966800
v -3.109988 -4.546339 12.985411
v -3.109988 -4.540911 13.003306
v -3.109988 -4.532095 13.019799
v -3.109988 -4.520231 13.034255
v -3.109988 -4.505775 13.046119
v -3.109988 -4.489283 13.054935
v -3.109988 -4.471387 13.060363
v -3.109988 -4.452776 13.062196
v -3.109988 -4.434165 13.060363
v -3.109988 -4.416269 13.054935
v -3.109988 -4.399777 13.046119
v -3.109988 -4.385321 13.034255
v -3.109988 -4.373457 13.019799
v -3.109988 -4.364641 13.003306
v -3.109988 -4.359213 12.985411
v -3.109988 -4.357380 12.966800
v -3.109988 -4.359213 12.948189
v -3.109988 -4.364641 12.930293
v -3.109988 -4.373457 12.913800
v -3.109988 -4.385321 12.899344
v -3.109988 -4.399777 12.887481
v -3.109988 -4.416269 12.878665
v -3.109988 -4.434165 12.873237
v -3.153741 -4.452776 12.966800
v -3.153741 -4.452776 12.966800
v -3.153741 -4.452776 12.966800
v -3.153741 -4.452776 12.966800
v -3.153741 -4.452776 12.966800
v -3.153741 -4.452776 12.966800
v -3.153741 -4.452776 12.966800
v -3.153741 -4.452776 12.966800
v -3.153741 -4.452776 12.966800
v -3.153741 -4.452776 12.966800
v -3.153741 -4.452776 12.966800
v -3.153741 -4.452776 12.966800
v -3.153741 -4.452776 12.966800
v -3.153741 -4.452776 12.966800
v -3.153741 -4.452776 12.966800
v -3.153741 -4.452776 12.966800
v -3.153741 -4.452776 12.966800
v -3.153741 -4.452776 12.966800
v -3.153741 -4.452776 12.966800
v -3.153741 -4.452776 12.966800
v -3.153741 -4.452776 12.966800
v -3.153741 -4.452776 12.966800
v -3.153741 -4.452776 12.966800
v -3.153741 -4.452776 12.966800
v -3.153741 -4.452776 12.966800
v -3.153741 -4.452776 12.966800
v -3.153741 -4.452776 12.966800
v -3.153741 -4.452776 12.966800
v -3.153741 -4.452776 12.966800
v -3.153741 -4.452776 12.966800
v -3.153741 -4.452776 12.966800
v -3.153741 -4.452776 12.966800
v -1.664588 -4.457554 12.370839
v -1.664588 -4.573821 12.382291
v -1.664588 -4.685618 12.416204
v -1.664588 -4.788652 12.471277
v -1.664588 -4.878962 12.545392
v -1.664588 -4.953077 12.635702
v -1.664588 -5.008150 12.738735
v -1.664588 -5.042064 12.850533
v -1.664588 -5.053514 12.966800
v -1.664588 -5.042064 13.083066
v -1.664588 -5.008150 13.194864
v -1.664588 -4.953077 13.297897
v -1.664588 -4.878962 13.388207
v -1.664588 -4.788652 13.462322
v -1.664588 -4.685618 13.517395
v -1.664588 -4.573821 13.551309
v -1.664588 -4.457554 13.562760
v -1.664588 -4.341288 13.551309
v -1.664589 -4.039221 13.456705
v -1.664589 -3.936188 13.407703
v -1.664589 -3.845878 13.341757
v -1.664589 -3.771763 13.261402
v -1.664589 -3.716690 13.169725
v -1.664589 -3.682776 13.070251
v -1.664589 -3.671325 12.966800
v -1.664589 -3.682776 12.863349
v -1.664589 -3.716690 12.763874
v -1.664589 -3.771763 12.672197
v -1.664589 -3.845878 12.591842
v -1.664589 -3.936188 12.525896
v -1.664589 -4.039221 12.476893
v -1.664588 -4.341288 12.382291
v -1.251121 -4.484292 12.333366
v -1.251121 -4.607868 12.345537
v -1.251121 -4.726696 12.381583
v -1.251121 -4.836208 12.440119
v -1.251121 -4.932197 12.518894
v -1.251121 -5.010972 12.614882
v -1.251121 -5.069508 12.724395
v -1.251121 -5.105554 12.843223
v -1.251121 -5.117725 12.966800
v -1.251121 -5.105554 13.090377
v -1.251121 -5.069508 13.209205
v -1.251121 -5.010972 13.318717
v -1.251121 -4.932197 13.414705
v -1.251121 -4.836208 13.493481
v -1.251121 -4.726696 13.552016
v -1.251121 -4.607868 13.588062
v -1.251121 -4.484292 13.600233
v -1.251121 -4.360715 13.588062
v -1.251121 -4.036008 13.487511
v -1.251121 -3.926495 13.435427
v -1.251121 -3.830507 13.365335
v -1.251121 -3.751731 13.279926
v -1.251121 -3.693196 13.182485
v -1.251121 -3.657150 13.076755
v -1.251121 -3.644979 12.966800
v -1.251121 -3.657150 12.856844
v -1.251121 -3.693196 12.751114
v -1.251121 -3.751731 12.653673
v -1.251121 -3.830507 12.568265
v -1.251121 -3.926495 12.498173
v -1.251121 -4.036008 12.446089
v -1.251121 -4.360715 12.345537
v -0.797181 -4.493474 12.301898
v -0.797181 -4.623189 12.314674
v -0.797181 -4.747921 12.352511
v -0.797181 -4.862873 12.413955
v -0.797181 -4.963630 12.496643
v -0.797181 -5.046319 12.597401
v -0.797181 -5.107762 12.712353
v -0.797181 -5.145599 12.837084
v -0.797181 -5.158375 12.966800
v -0.797181 -5.145599 13.096516
v -0.797181 -5.107762 13.221247
v -0.797181 -5.046319 13.336199
v -0.797181 -4.963630 13.436956
v -0.797181 -4.862873 13.519645
v -0.797181 -4.747921 13.581088
v -0.797181 -4.623189 13.618925
v -0.797181 -4.493474 13.631701
v -0.797181 -4.363758 13.618925
v -0.797181 -4.045884 13.513378
v -0.797181 -3.930931 13.458707
v -0.797181 -3.830174 13.385133
v -0.797181 -3.747485 13.295482
v -0.797181 -3.686042 13.193200
v -0.797181 -3.648205 13.082217
v -0.797181 -3.635429 12.966800
v -0.797181 -3.648205 12.851381
v -0.797181 -3.686042 12.740399
v -0.797181 -3.747485 12.638117
v -0.797181 -3.830174 12.548467
v -0.797181 -3.930931 12.474892
v -0.797181 -4.045884 12.420221
v -0.797181 -4.363758 12.314674
v -0.009624 -4.493474 12.301898
v -0.009624 -4.623189 12.314674
v -0.009624 -4.747921 12.352511
v -0.009624 -4.862873 12.413955
v -0.009624 -4.963630 12.496643
v -0.009624 -5.046319 12.597401
v -0.009624 -5.107762 12.712353
v -0.009624 -5.145599 12.837084
v -0.009624 -5.158375 12.966800
v -0.009624 -5.145599 13.096516
v -0.009624 -5.107762 13.221247
v -0.009624 -5.046319 13.336199
v -0.009624 -4.963630 13.436956
v -0.009624 -4.862873 13.519645
v -0.009624 -4.747921 13.581088
v -0.009624 -4.623189 13.618925
v -0.009624 -4.493474 13.631701
v -0.009624 -4.363758 13.618925
v -0.009623 -4.045884 13.513378
v -0.009623 -3.930931 13.458707
v -0.009623 -3.830174 13.385133
v -0.009623 -3.747485 13.295482
v -0.009623 -3.686042 13.193200
v -0.009623 -3.648205 13.082217
v -0.009623 -3.635429 12.966800
v -0.009623 -3.648205 12.851381
v -0.009623 -3.686042 12.740399
v -0.009623 -3.747485 12.638117
v -0.009623 -3.830174 12.548467
v -0.009623 -3.930931 12.474892
v -0.009623 -4.045884 12.420221
v -0.009624 -4.363758 12.314674
v 0.272949 -4.493474 12.301898
v 0.272949 -4.623189 12.314674
v 0.272949 -4.747921 12.352511
v 0.272949 -4.862873 12.413955
v 0.272949 -4.963630 12.496643
v 0.272949 -5.046319 12.597401
v 0.272949 -5.107763 12.712353
v 0.272949 -5.145599 12.837084
v 0.272949 -5.158375 12.966800
v 0.272949 -5.145599 13.096516
v 0.272949 -5.107763 13.221247
v 0.272949 -5.046319 13.336199
v 0.272949 -4.963630 13.436956
v 0.272949 -4.862873 13.519645
v 0.272949 -4.747921 13.581088
v 0.272949 -4.623189 13.618925
v 0.272949 -4.493474 13.631701
v 0.272949 -4.363758 13.618925
v 0.272950 -4.045884 13.513378
v 0.272950 -3.930931 13.458707
v 0.272950 -3.830174 13.385133
v 0.272950 -3.747485 13.295482
v 0.272950 -3.686042 13.193200
v 0.272950 -3.648205 13.082217
v 0.272950 -3.635429 12.966800
v 0.272950 -3.648205 12.851381
v 0.272950 -3.686042 12.740399
v 0.272950 -3.747485 12.638117
v 0.272950 -3.830174 12.548467
v 0.272950 -3.930931 12.474892
v 0.272950 -4.045884 12.420221
v 0.272949 -4.363758 12.314674
v 0.810749 -4.493474 12.301898
v 0.810749 -4.623190 12.314674
v 0.810749 -4.747921 12.352511
v 0.810749 -4.862873 12.413955
v 0.810749 -4.963630 12.496643
v 0.810749 -5.046319 12.597401
v 0.810749 -5.107763 12.712353
v 0.810749 -5.145599 12.837084
v 0.810749 -5.158375 12.966800
v 0.810749 -5.145599 13.096516
v 0.810749 -5.107763 13.221247
v 0.810749 -5.046319 13.336199
v 0.810749 -4.963630 13.436956
v 0.810749 -4.862873 13.519645
v 0.810749 -4.747921 13.581088
v 0.810749 -4.623190 13.618925
v 0.810749 -4.493474 13.631701
v 0.810749 -4.363758 13.618925
v 0.810750 -4.045884 13.513378
v 0.810750 -3.930931 13.458707
v 0.810750 -3.830174 13.385133
v 0.810750 -3.747485 13.295482
v 0.810750 -3.686042 13.193200
v 0.810750 -3.648205 13.082217
v 0.810750 -3.635429 12.966800
v 0.810750 -3.648205 12.851381
v 0.810750 -3.686042 12.740399
v 0.810750 -3.747485 12.638117
v 0.810750 -3.830174 12.548467
v 0.810750 -3.930931 12.474892
v 0.810750 -4.045884 12.420221
v 0.810749 -4.363758 12.314674
v 1.339434 -4.493474 12.301898
v 1.339434 -4.623190 12.314674
v 1.339434 -4.747921 12.352511
v 1.339434 -4.862874 12.413955
v 1.339434 -4.963630 12.496643
v 1.339434 -5.046319 12.597401
v 1.339434 -5.107763 12.712353
v 1.339434 -5.145599 12.837084
v 1.339434 -5.158375 12.966800
v 1.339434 -5.145599 13.096516
v 1.339434 -5.107763 13.221247
v 1.339434 -5.046319 13.336199
v 1.339434 -4.963630 13.436956
v 1.339434 -4.862874 13.519645
v 1.339434 -4.747921 13.581088
v 1.339434 -4.623190 13.618925
v 1.339434 -4.493474 13.631701
v 1.339434 -4.363758 13.618925
v 1.339435 -4.045884 13.513378
v 1.339435 -3.930931 13.458707
v 1.339435 -3.830174 13.385133
v 1.339435 -3.747485 13.295482
v 1.339435 -3.686042 13.193200
v 1.339435 -3.648205 13.082217
v 1.339435 -3.635429 12.966800
v 1.339435 -3.648205 12.851381
v 1.339435 -3.686042 12.740399
v 1.339435 -3.747485 12.638117
v 1.339435 -3.830174 12.548467
v 1.339435 -3.930931 12.474892
v 1.339435 -4.045884 12.420221
v 1.339434 -4.363758 12.314674
v 1.936483 -4.493474 12.301898
v 1.936483 -4.623190 12.314674
v 1.936483 -4.747921 12.352511
v 1.936483 -4.862874 12.413955
v 1.936483 -4.963630 12.496643
v 1.936483 -5.046319 12.597401
v 1.936483 -5.107763 12.712353
v 1.936483 -5.145599 12.837084
v 1.936483 -5.158375 12.966800
v 1.936483 -5.145599 13.096516
v 1.936483 -5.107763 13.221247
v 1.936483 -5.046319 13.336199
v 1.936483 -4.963630 13.436956
v 1.936483 -4.862874 13.519645
v 1.936483 -4.747921 13.581088
v 1.936483 -4.623190 13.618925
v 1.936483 -4.493474 13.631701
v 1.936483 -4.363758 13.618925
v 1.936484 -4.123363 13.513378
v 1.936484 -4.008411 13.458707
v 1.936484 -3.907654 13.385133
v 1.936484 -3.824965 13.295482
v 1.936484 -3.763521 13.193200
v 1.936484 -3.725685 13.082217
v 1.936484 -3.712909 12.966800
v 1.936484 -3.725685 12.851381
v 1.936484 -3.763521 12.740399
v 1.936484 -3.824965 12.638117
v 1.936484 -3.907654 12.548467
v 1.936484 -4.008411 12.474892
v 1.936484 -4.123363 12.420221
v 1.936483 -4.363758 12.314674
v 2.569993 -4.493474 12.301898
v 2.569993 -4.623190 12.314674
v 2.569993 -4.747921 12.352511
v 2.569993 -4.862874 12.413955
v 2.569993 -4.963630 12.496643
v 2.569993 -5.046319 12.597401
v 2.569993 -5.107763 12.712353
v 2.569993 -5.145599 12.837084
v 2.569993 -5.158375 12.966800
v 2.569993 -5.145599 13.096516
v 2.569993 -5.107763 13.221247
v 2.569993 -5.046319 13.336199
v 2.569993 -4.963630 13.436956
v 2.569993 -4.862874 13.519645
v 2.569993 -4.747921 13.581088
v 2.569993 -4.623190 13.618925
v 2.569993 -4.493474 13.631701
v 2.569993 -4.363758 13.618925
v 2.569994 -4.196286 13.513378
v 2.569994 -4.081333 13.458707
v 2.569994 -3.980576 13.385133
v 2.569994 -3.897887 13.295482
v 2.569994 -3.836444 13.193200
v 2.569994 -3.798607 13.082217
v 2.569994 -3.785831 12.966800
v 2.569994 -3.798607 12.851381
v 2.569994 -3.836444 12.740399
v 2.569994 -3.897887 12.638117
v 2.569994 -3.980576 12.548467
v 2.569994 -4.081333 12.474892
v 2.569994 -4.196286 12.420221
v 2.569993 -4.363758 12.314674
v 3.180715 -4.493474 12.301898
v 3.180716 -4.623190 12.314674
v 3.180716 -4.747921 12.352511
v 3.180716 -4.862874 12.413955
v 3.180716 -4.963631 12.496643
v 3.180716 -5.046319 12.597401
v 3.180716 -5.107763 12.712353
v 3.180716 -5.145600 12.837084
v 3.180716 -5.158376 12.966800
v 3.180716 -5.145600 13.096516
v 3.180716 -5.107763 13.221247
v 3.180716 -5.046319 13.336199
v 3.180716 -4.963631 13.436956
v 3.180716 -4.862874 13.519645
v 3.180716 -4.747921 13.581088
v 3.180716 -4.623190 13.618925
v 3.180715 -4.493474 13.631701
v 3.180715 -4.363759 13.618925
v 3.180716 -4.255535 13.513378
v 3.180716 -4.140582 13.458707
v 3.180716 -4.039825 13.385133
v 3.180716 -3.957137 13.295482
v 3.180716 -3.895693 13.193200
v 3.180716 -3.857856 13.082217
v 3.180716 -3.845080 12.966800
v 3.180716 -3.857856 12.851381
v 3.180716 -3.895693 12.740399
v 3.180716 -3.957137 12.638117
v 3.180716 -4.039825 12.548467
v 3.180716 -4.140582 12.474892
v 3.180716 -4.255535 12.420221
v 3.180715 -4.363759 12.314674
v 4.105914 -4.493475 12.301898
v 4.105914 -4.623190 12.314674
v 4.105914 -4.747921 12.352511
v 4.105914 -4.862874 12.413955
v 4.105914 -4.963631 12.496643
v 4.105914 -5.046320 12.597401
v 4.105914 -5.107763 12.712353
v 4.105914 -5.145600 12.837084
v 4.105914 -5.158376 12.966800
v 4.105914 -5.145600 13.096516
v 4.105914 -5.107763 13.221247
v 4.105914 -5.046320 13.336199
v 4.105914 -4.963631 13.436956
v 4.105914 -4.862874 13.519645
v 4.105914 -4.747921 13.581088
v 4.105914 -4.623190 13.618925
v 4.105914 -4.493475 13.631701
v 4.105914 -4.363759 13.618925
v 4.105914 -4.255536 13.581088
v 4.105914 -4.140583 13.519645
v 4.105914 -4.039826 13.436956
v 4.105914 -3.957137 13.336199
v 4.105914 -3.895693 13.221247
v 4.105914 -3.857857 13.096516
v 4.105914 -3.845081 12.966800
v 4.105914 -3.857857 12.837084
v 4.105914 -3.895693 12.712353
v 4.105914 -3.957137 12.597401
v 4.105914 -4.039826 12.496643
v 4.105914 -4.140583 12.413955
v 4.105914 -4.255536 12.352511
v 4.105914 -4.363759 12.314674
v 5.231647 -4.493475 12.301898
v 5.231647 -4.623191 12.314674
v 5.231647 -4.747922 12.352511
v 5.231647 -4.862875 12.413955
v 5.231647 -4.963632 12.496643
v 5.231647 -5.046320 12.597401
v 5.231647 -5.107764 12.712353
v 5.231647 -5.145601 12.837084
v 5.231647 -5.158377 12.966800
v 5.231647 -5.145601 13.096516
v 5.231647 -5.107764 13.221247
v 5.231647 -5.046320 13.336199
v 5.231647 -4.963632 13.436956
v 5.231647 -4.862875 13.519645
v 5.231647 -4.747922 13.581088
v 5.231647 -4.623191 13.618925
v 5.231647 -4.493475 13.631701
v 5.231647 -4.363760 13.618925
v 5.231648 -4.255536 13.581088
v 5.231648 -4.140583 13.519645
v 5.231648 -4.039826 13.436956
v 5.231648 -3.957138 13.336199
v 5.231648 -3.895694 13.221247
v 5.231648 -3.857857 13.096516
v 5.231648 -3.845081 12.966800
v 5.231648 -3.857857 12.837084
v 5.231648 -3.895694 12.712353
v 5.231648 -3.957138 12.597401
v 5.231648 -4.039826 12.496643
v 5.231648 -4.140583 12.413955
v 5.231648 -4.255536 12.352511
v 5.231647 -4.363760 12.314674
v 5.887946 -4.493475 12.301898
v 5.887946 -4.623191 12.314674
v 5.887946 -4.747922 12.352511
v 5.887946 -4.862875 12.413955
v 5.887946 -4.963632 12.496643
v 5.887946 -5.046320 12.597401
v 5.887946 -5.107764 12.712353
v 5.887946 -5.145601 12.837084
v 5.887946 -5.158377 12.966800
v 5.887946 -5.145601 13.096516
v 5.887946 -5.107764 13.221247
v 5.887946 -5.046320 13.336199
v 5.887946 -4.963632 13.436956
v 5.887946 -4.862875 13.519645
v 5.887946 -4.747922 13.581088
v 5.887946 -4.623191 13.618925
v 5.887946 -4.493475 13.631701
v 5.887946 -4.363760 13.618925
v 5.887946 -4.255536 13.581088
v 5.887946 -4.140583 13.519645
v 5.887946 -4.039826 13.436956
v 5.887946 -3.957138 13.336199
v 5.887946 -3.895694 13.221247
v 5.887946 -3.857857 13.096516
v 5.887946 -3.845081 12.966800
v 5.887946 -3.857857 12.837084
v 5.887946 -3.895694 12.712353
v 5.887946 -3.957138 12.597401
v 5.887946 -4.039826 12.496643
v 5.887946 -4.140583 12.413955
v 5.887946 -4.255536 12.352511
v 5.887946 -4.363760 12.314674
v 6.462207 -4.475433 12.320528
v 6.462207 -4.601514 12.332947
v 6.462207 -4.722750 12.369722
v 6.462207 -4.834482 12.429444
v 6.462207 -4.932415 12.509817
v 6.462207 -5.012788 12.607751
v 6.462207 -5.072510 12.719482
v 6.462207 -5.109286 12.840718
v 6.462207 -5.121704 12.966800
v 6.462207 -5.109286 13.092881
v 6.462207 -5.072510 13.214117
v 6.462207 -5.012788 13.325849
v 6.462207 -4.932415 13.423782
v 6.462207 -4.834482 13.504155
v 6.462207 -4.722750 13.563877
v 6.462207 -4.601514 13.600653
v 6.462207 -4.475433 13.613071
v 6.462207 -4.349351 13.600653
v 6.462208 -4.244160 13.563877
v 6.462208 -4.132428 13.504155
v 6.462208 -4.034494 13.423782
v 6.462208 -3.954123 13.325849
v 6.462208 -3.894401 13.214117
v 6.462208 -3.857624 13.092881
v 6.462208 -3.845206 12.966800
v 6.462208 -3.857624 12.840718
v 6.462208 -3.894401 12.719482
v 6.462208 -3.954123 12.607751
v 6.462208 -4.034494 12.509817
v 6.462208 -4.132428 12.429444
v 6.462208 -4.244160 12.369722
v 6.462207 -4.349351 12.332947
v 7.123063 -4.416673 12.368995
v 7.123063 -4.533298 12.380482
v 7.123063 -4.645442 12.414500
v 7.123063 -4.748795 12.469743
v 7.123063 -4.839385 12.544087
v 7.123063 -4.913729 12.634677
v 7.123063 -4.968972 12.738029
v 7.123063 -5.002991 12.850174
v 7.123063 -5.014478 12.966800
v 7.123063 -5.002991 13.083426
v 7.123063 -4.968972 13.195570
v 7.123063 -4.913729 13.298923
v 7.123063 -4.839385 13.389512
v 7.123063 -4.748795 13.463857
v 7.123063 -4.645442 13.519099
v 7.123063 -4.533298 13.553118
v 7.123063 -4.416673 13.564605
v 7.123063 -4.300046 13.553118
v 7.123064 -4.202744 13.519099
v 7.123064 -4.099391 13.463857
v 7.123064 -4.008802 13.389512
v 7.123064 -3.934458 13.298923
v 7.123064 -3.879214 13.195570
v 7.123064 -3.845196 13.083426
v 7.123064 -3.833709 12.966800
v 7.123064 -3.845196 12.850174
v 7.123064 -3.879214 12.738029
v 7.123064 -3.934458 12.634677
v 7.123064 -4.008802 12.544087
v 7.123064 -4.099391 12.469743
v 7.123064 -4.202744 12.414500
v 7.123063 -4.300046 12.380482
v 7.829496 -4.353598 12.441551
v 7.829496 -4.456069 12.451644
v 7.829496 -4.554602 12.481533
v 7.829496 -4.645411 12.530071
v 7.829496 -4.725005 12.595393
v 7.829496 -4.790327 12.674987
v 7.829496 -4.838864 12.765796
v 7.829496 -4.868754 12.864328
v 7.829496 -4.878847 12.966800
v 7.829496 -4.868754 13.069271
v 7.829496 -4.838864 13.167804
v 7.829496 -4.790327 13.258613
v 7.829496 -4.725005 13.338206
v 7.829496 -4.645411 13.403528
v 7.829496 -4.554602 13.452066
v 7.829496 -4.456069 13.481956
v 7.829496 -4.353598 13.492048
v 7.829496 -4.251127 13.481956
v 7.829496 -4.165634 13.452066
v 7.829496 -4.074826 13.403528
v 7.829496 -3.995231 13.338206
v 7.829496 -3.929910 13.258613
v 7.829496 -3.881372 13.167804
v 7.829496 -3.851482 13.069271
v 7.829496 -3.841390 12.966800
v 7.829496 -3.851482 12.864328
v 7.829496 -3.881372 12.765796
v 7.829496 -3.929910 12.674987
v 7.829496 -3.995231 12.595393
v 7.829496 -4.074826 12.530071
v 7.829496 -4.165634 12.481533
v 7.829496 -4.251127 12.451644
v 8.499468 -4.267829 12.523542
v 8.499468 -4.354305 12.532060
v 8.499468 -4.437457 12.557283
v 8.499468 -4.514090 12.598245
v 8.499468 -4.581260 12.653369
v 8.499468 -4.636384 12.720539
v 8.499468 -4.677346 12.797173
v 8.499468 -4.702570 12.880324
v 8.499468 -4.711087 12.966800
v 8.499468 -4.702570 13.053275
v 8.499468 -4.677346 13.136427
v 8.499468 -4.636384 13.213060
v 8.499468 -4.581260 13.280231
v 8.499468 -4.514090 13.335355
v 8.499468 -4.437457 13.376316
v 8.499468 -4.354305 13.401540
v 8.499468 -4.267829 13.410057
v 8.499468 -4.181354 13.401540
v 8.499468 -4.109207 13.376316
v 8.499468 -4.032573 13.335355
v 8.499468 -3.965404 13.280231
v 8.499468 -3.910279 13.213060
v 8.499468 -3.869318 13.136427
v 8.499468 -3.844094 13.053275
v 8.499468 -3.835577 12.966800
v 8.499468 -3.844094 12.880324
v 8.499468 -3.869318 12.797173
v 8.499468 -3.910279 12.720539
v 8.499468 -3.965404 12.653369
v 8.499468 -4.032573 12.598245
v 8.499468 -4.109207 12.557283
v 8.499468 -4.181354 12.532060
v 9.114748 -4.195763 12.608395
v 9.114748 -4.265684 12.615281
v 9.114748 -4.332919 12.635676
v 9.114748 -4.394882 12.668797
v 9.114748 -4.449193 12.713368
v 9.114748 -4.493766 12.767680
v 9.114748 -4.526886 12.829644
v 9.114748 -4.547281 12.896878
v 9.114748 -4.554168 12.966800
v 9.114748 -4.547281 13.036721
v 9.114748 -4.526886 13.103955
v 9.114748 -4.493766 13.165919
v 9.114748 -4.449193 13.220231
v 9.114748 -4.394882 13.264803
v 9.114748 -4.332919 13.297923
v 9.114748 -4.265684 13.318318
v 9.114748 -4.195763 13.325205
v 9.114748 -4.125841 13.318318
v 9.114748 -4.067505 13.297923
v 9.114748 -4.005541 13.264803
v 9.114748 -3.951230 13.220231
v 9.114748 -3.906658 13.165919
v 9.114748 -3.873538 13.103955
v 9.114748 -3.853142 13.036721
v 9.114748 -3.846255 12.966800
v 9.114748 -3.853142 12.896878
v 9.114748 -3.873538 12.829644
v 9.114748 -3.906658 12.767680
v 9.114748 -3.951230 12.713368
v 9.114748 -4.005541 12.668797
v 9.114748 -4.067505 12.635676
v 9.114748 -4.125841 12.615281
v 9.807507 -4.109684 12.659554
v 9.807507 -4.169625 12.665457
v 9.807507 -4.227262 12.682941
v 9.807507 -4.280381 12.711334
v 9.807507 -4.326940 12.749544
v 9.807507 -4.365150 12.796103
v 9.807507 -4.393542 12.849221
v 9.807507 -4.411026 12.906859
v 9.807507 -4.416930 12.966800
v 9.807507 -4.411026 13.026740
v 9.807507 -4.393542 13.084378
v 9.807507 -4.365150 13.137497
v 9.807507 -4.326940 13.184055
v 9.807507 -4.280381 13.222265
v 9.807507 -4.227262 13.250658
v 9.807507 -4.169625 13.268143
v 9.807507 -4.109684 13.274046
v 9.807507 -4.049743 13.268143
v 9.807507 -3.999734 13.250658
v 9.807507 -3.946615 13.222265
v 9.807507 -3.900056 13.184055
v 9.807507 -3.861846 13.137497
v 9.807507 -3.833454 13.084378
v 9.807507 -3.815969 13.026740
v 9.807507 -3.810066 12.966800
v 9.807507 -3.815969 12.906859
v 9.807507 -3.833454 12.849221
v 9.807507 -3.861846 12.796103
v 9.807507 -3.900056 12.749544
v 9.807507 -3.946615 12.711334
v 9.807507 -3.999734 12.682941
v 9.807507 -4.049743 12.665457
v 10.226809 -4.046462 12.717527
v 10.226809 -4.095093 12.722318
v 10.226809 -4.141854 12.736503
v 10.226809 -4.184950 12.759538
v 10.226809 -4.222724 12.790538
v 10.226809 -4.253724 12.828312
v 10.226809 -4.276760 12.871408
v 10.226809 -4.290944 12.918169
v 10.226809 -4.295734 12.966800
v 10.226809 -4.290944 13.015430
v 10.226809 -4.276760 13.062192
v 10.226809 -4.253724 13.105288
v 10.226809 -4.222724 13.143062
v 10.226809 -4.184950 13.174062
v 10.226809 -4.141854 13.197097
v 10.226809 -4.095093 13.211282
v 10.226809 -4.046462 13.216072
v 10.226809 -3.997832 13.211282
v 10.226809 -3.957258 13.197097
v 10.226809 -3.914163 13.174062
v 10.226809 -3.876389 13.143062
v 10.226809 -3.845389 13.105288
v 10.226809 -3.822354 13.062192
v 10.226809 -3.808169 13.015430
v 10.226809 -3.803379 12.966800
v 10.226809 -3.808169 12.918169
v 10.226809 -3.822354 12.871408
v 10.226809 -3.845389 12.828312
v 10.226809 -3.876389 12.790538
v 10.226809 -3.914163 12.759538
v 10.226809 -3.957258 12.736503
v 10.226809 -3.997832 12.722318
v 10.454690 -4.024152 12.764955
v 10.454690 -4.063530 12.768833
v 10.454690 -4.101395 12.780319
v 10.454690 -4.136291 12.798972
v 10.454690 -4.166878 12.824074
v 10.454690 -4.191980 12.854661
v 10.454690 -4.210632 12.889557
v 10.454690 -4.222118 12.927422
v 10.454690 -4.225997 12.966800
v 10.454690 -4.222118 13.006178
v 10.454690 -4.210632 13.044043
v 10.454690 -4.191980 13.078938
v 10.454690 -4.166878 13.109526
v 10.454690 -4.136291 13.134627
v 10.454690 -4.101395 13.153280
v 10.454690 -4.063530 13.164766
v 10.454690 -4.024152 13.168645
v 10.454690 -3.984774 13.164766
v 10.454690 -3.951921 13.153280
v 10.454690 -3.917024 13.134627
v 10.454690 -3.886437 13.109526
v 10.454690 -3.861335 13.078938
v 10.454690 -3.842683 13.044043
v 10.454690 -3.831197 13.006178
v 10.454690 -3.827318 12.966800
v 10.454690 -3.831197 12.927422
v 10.454690 -3.842683 12.889557
v 10.454690 -3.861335 12.854661
v 10.454690 -3.886437 12.824074
v 10.454690 -3.917024 12.798972
v 10.454690 -3.951921 12.780319
v 10.454690 -3.984774 12.768833
v 10.568631 -3.984527 12.903214
v 10.568631 -3.996932 12.904436
v 10.568631 -4.008861 12.908054
v 10.568631 -4.019854 12.913931
v 10.568631 -4.029489 12.921838
v 10.568631 -4.037397 12.931474
v 10.568631 -4.043272 12.942467
v 10.568631 -4.046891 12.954395
v 10.568631 -4.048113 12.966800
v 10.568631 -4.046891 12.979204
v 10.568631 -4.043272 12.991133
v 10.568631 -4.037397 13.002126
v 10.568631 -4.029489 13.011762
v 10.568631 -4.019854 13.019669
v 10.568631 -4.008861 13.025545
v 10.568631 -3.996932 13.029163
v 10.568631 -3.984527 13.030385
v 10.568631 -3.972122 13.029163
v 10.568631 -3.961773 13.025545
v 10.568631 -3.950780 13.019669
v 10.568631 -3.941144 13.011762
v 10.568631 -3.933237 13.002126
v 10.568631 -3.927361 12.991133
v 10.568631 -3.923743 12.979204
v 10.568631 -3.922521 12.966800
v 10.568631 -3.923743 12.954395
v 10.568631 -3.927361 12.942467
v 10.568631 -3.933237 12.931474
v 10.568631 -3.941144 12.921838
v 10.568631 -3.950780 12.913931
v 10.568631 -3.961773 12.908054
v 10.568631 -3.972122 12.904436
v -2.082762 -3.840581 12.966800
v -1.854853 -3.869251 13.325356
v -1.872769 -3.957440 13.386602
v -2.048636 -3.967302 13.300605
v -1.971223 -3.839508 13.238563
v -2.137512 -3.972286 13.218169
v -2.033805 -3.840110 13.148706
v -2.198911 -3.975728 13.134759
v -1.933488 -3.960845 13.378407
v -2.070615 -3.840465 13.057950
v -1.933488 -3.839145 13.275464
v -1.848570 -3.838327 13.293207
v -1.854737 -3.869237 12.608232
v -2.033942 -3.840222 12.784904
v -2.198907 -3.975725 12.798840
v -1.971543 -3.839764 12.695076
v -2.137500 -3.972276 12.715429
v -1.872133 -3.957375 12.546932
v -2.048615 -3.967285 12.632991
v -1.933488 -3.839484 12.657768
v -1.933488 -3.960820 12.555209
v -2.070648 -3.840492 12.875650
v -1.848741 -3.838861 12.639851
v -1.159407 -3.691751 13.184649
v -1.159407 -3.655343 13.077859
v -1.159407 -5.113645 13.091617
v -1.159407 -5.077237 13.211637
v -1.159407 -3.643049 12.966800
v -1.159407 -5.018114 13.322248
v -1.159407 -3.655343 12.855741
v -1.159407 -4.938548 13.419201
v -1.159407 -3.691751 12.748949
v -1.159407 -4.841596 13.498767
v -1.159407 -3.750874 12.650530
v -1.159407 -4.730984 13.557890
v -1.159407 -4.486147 12.327008
v -1.159407 -4.610964 12.339302
v -1.159407 -3.830440 12.564265
v -1.159407 -4.610964 13.594297
v -1.159407 -4.730984 12.375710
v -1.159407 -3.927392 12.493469
v -1.159407 -4.486147 13.606591
v -1.159407 -4.841596 12.434833
v -1.159407 -4.038003 12.440863
v -1.159407 -4.361330 13.594297
v -1.159407 -4.938548 12.514399
v -1.159407 -4.361330 12.339302
v -1.159407 -4.038003 13.492737
v -1.159407 -5.018114 12.611351
v -1.159407 -3.927392 13.440130
v -1.159407 -5.077237 12.721962
v -1.159407 -3.830440 13.369334
v -1.159407 -5.113645 12.841983
v -1.159407 -3.750874 13.283069
v -1.159407 -5.125938 12.966800
v -1.355442 -3.928941 13.428432
v -1.355442 -3.834385 13.359385
v -1.355442 -5.054027 12.728013
v -1.355442 -5.089535 12.845068
v -1.355442 -3.756786 13.275252
v -1.355442 -5.101524 12.966800
v -1.355442 -3.699124 13.179266
v -1.355442 -5.089535 13.088531
v -1.355442 -3.663616 13.075114
v -1.355442 -5.054027 13.205586
v -1.355442 -3.651626 12.966800
v -1.355442 -4.996365 13.313464
v -1.355442 -3.663616 12.858485
v -1.355442 -4.918765 13.408019
v -1.355442 -3.699124 12.754333
v -1.355442 -4.824210 13.485620
v -1.355442 -3.756786 12.658346
v -1.355442 -4.716332 13.543281
v -1.355442 -4.477546 12.342821
v -1.355442 -4.599277 12.354811
v -1.355442 -3.834385 12.574213
v -1.355442 -4.599277 13.578789
v -1.355442 -4.716332 12.390319
v -1.355442 -3.928941 12.505167
v -1.355442 -4.477546 13.590778
v -1.355442 -4.824210 12.447980
v -1.355442 -4.036819 12.453861
v -1.355442 -4.355814 13.578789
v -1.355442 -4.918765 12.525580
v -1.355442 -4.355814 12.354811
v -1.355442 -4.036819 13.479738
v -1.355442 -4.996365 12.620135
v -2.234923 -4.335019 13.434771
v -1.933488 -4.271121 13.492446
v -2.590418 -4.359427 13.337771
v -2.934975 -4.394682 13.197666
v -3.109988 -4.429582 13.058972
v -3.153741 -4.452776 12.966800
v -1.664589 -4.263930 13.527081
v -1.251121 -4.277558 13.562311
v -0.797181 -4.282351 13.591895
v -0.009624 -4.282351 13.591895
v 0.272950 -4.282351 13.591895
v 0.810750 -4.282351 13.591895
v 1.339434 -4.282351 13.591895
v 1.936483 -4.302194 13.591895
v 2.569993 -4.320869 13.591895
v 3.180716 -4.336043 13.591895
v 4.105914 -4.336043 13.609235
v 5.231648 -4.336044 13.609235
v 5.887946 -4.336044 13.609235
v 6.462207 -4.322412 13.591235
v 7.123064 -4.275128 13.544406
v 7.829496 -4.229233 13.474301
v 8.499468 -4.162878 13.395081
v 9.114748 -4.110901 13.313095
v 9.807507 -4.036936 13.263664
v 10.226809 -3.987441 13.207649
v 10.454690 -3.976360 13.161825
v 10.568631 -3.969472 13.028236
v -1.159407 -4.278526 13.568288
v -1.355442 -4.274119 13.553422
v -2.234923 -4.584177 12.502968
v -1.933488 -4.604465 12.431349
v -2.590418 -4.556941 12.599109
v -2.934975 -4.517601 12.737975
v -3.109988 -4.478657 12.875442
v -3.153741 -4.452776 12.966800
v -1.664588 -4.619238 12.396068
v -1.251121 -4.656142 12.360181
v -0.797181 -4.673862 12.330046
v -0.009624 -4.673862 12.330046
v 0.272949 -4.673862 12.330046
v 0.810749 -4.673862 12.330046
v 1.339434 -4.673862 12.330046
v 1.936483 -4.673862 12.330046
v 2.569993 -4.673862 12.330046
v 3.180716 -4.673862 12.330046
v 4.105914 -4.673862 12.330046
v 5.231647 -4.673863 12.330046
v 5.887946 -4.673863 12.330046
v 6.462207 -4.650766 12.347887
v 7.123063 -4.578857 12.394301
v 7.829496 -4.496098 12.463786
v 8.499468 -4.388085 12.542307
v 9.114748 -4.292998 12.623567
v 9.807507 -4.193040 12.672560
v 10.226809 -4.114089 12.728080
v 10.454690 -4.078913 12.773499
v 10.568631 -4.001778 12.905906
v -1.159407 -4.659722 12.354093
v -1.355442 -4.646831 12.369236
v 6.318643 -4.035828 12.506523
v 6.318643 -4.134467 12.425572
v 6.318642 -4.606933 13.605221
v 6.318642 -4.479943 13.617728
v 6.318642 -4.729043 12.365419
v 6.318642 -4.841580 12.425572
v 6.318643 -4.247004 12.365419
v 6.318642 -4.352953 13.605221
v 6.318642 -4.940219 12.506523
v 6.318642 -4.352953 12.328379
v 6.318643 -4.247004 13.568180
v 6.318642 -5.021171 12.605163
v 6.318642 -4.479943 12.315871
v 6.318643 -4.134467 13.508027
v 6.318642 -5.081323 12.717700
v 6.318643 -4.035828 13.427076
v 6.318642 -5.118365 12.839809
v 6.318643 -3.954876 13.328437
v 6.318642 -5.130872 12.966800
v 6.318643 -3.894724 13.215899
v 6.318642 -5.118365 13.093790
v 6.318643 -3.857682 13.093790
v 6.318642 -5.081323 13.215899
v 6.318643 -3.845175 12.966800
v 6.318642 -5.021171 13.328437
v 6.318643 -3.857682 12.839809
v 6.318642 -4.940219 13.427076
v 6.318643 -3.894724 12.717700
v 6.318642 -4.841580 13.508027
v 6.318643 -3.954876 12.605163
v 6.318642 -4.729043 13.568180
v 6.318642 -4.606933 12.328379
v 6.318642 -4.325820 13.595735
v 6.318642 -4.656540 12.343427
v 5.615416 -3.857857 12.837084
v 5.615416 -3.895694 12.712353
v 5.615416 -4.963632 13.436956
v 5.615416 -4.862875 13.519645
v 5.615416 -3.957138 12.597401
v 5.615416 -4.747922 13.581088
v 5.615416 -4.493475 12.301898
v 5.615416 -4.623191 12.314674
v 5.615416 -4.039826 12.496643
v 5.615416 -4.623191 13.618925
v 5.615416 -4.747922 12.352511
v 5.615416 -4.140583 12.413955
v 5.615416 -4.493475 13.631701
v 5.615416 -4.862875 12.413955
v 5.615416 -4.255536 12.352511
v 5.615416 -4.363760 13.618925
v 5.615416 -4.963632 12.496643
v 5.615416 -4.363760 12.314674
v 5.615416 -4.255536 13.581088
v 5.615416 -5.046320 12.597401
v 5.615416 -4.140583 13.519645
v 5.615416 -5.107764 12.712353
v 5.615416 -4.039826 13.436956
v 5.615416 -5.145601 12.837084
v 5.615416 -3.957138 13.336199
v 5.615416 -5.158377 12.966800
v 5.615416 -3.895694 13.221247
v 5.615416 -5.145601 13.096516
v 5.615416 -3.857857 13.096516
v 5.615416 -5.107764 13.221247
v 5.615416 -3.845081 12.966800
v 5.615416 -5.046320 13.336199
v 5.615416 -4.336044 13.609235
v 5.615416 -4.673863 12.330046
v -0.198194 -3.648205 12.851381
v -0.198194 -3.686042 12.740399
v -0.198194 -4.963630 13.436956
v -0.198194 -4.862873 13.519645
v -0.198194 -3.747485 12.638117
v -0.198194 -4.747921 13.581088
v -0.198194 -4.493474 12.301898
v -0.198194 -4.623189 12.314674
v -0.198194 -3.830174 12.548467
v -0.198194 -4.623189 13.618925
v -0.198194 -4.747921 12.352511
v -0.198194 -3.930931 12.474892
v -0.198194 -4.493474 13.631701
v -0.198194 -4.862873 12.413955
v -0.198194 -4.045884 12.420221
v -0.198194 -4.363758 13.618925
v -0.198194 -4.963630 12.496643
v -0.198194 -4.363758 12.314674
v -0.198194 -4.045884 13.513378
v -0.198194 -5.046319 12.597401
v -0.198194 -3.930931 13.458707
v -0.198194 -5.107762 12.712353
v -0.198194 -3.830174 13.385133
v -0.198194 -5.145599 12.837084
v -0.198194 -3.747485 13.295482
v -0.198194 -5.158375 12.966800
v -0.198194 -3.686042 13.193200
v -0.198194 -5.145599 13.096516
v -0.198194 -3.648205 13.082217
v -0.198194 -5.107762 13.221247
v -0.198194 -3.635429 12.966800
v -0.198194 -5.046319 13.336199
v -0.198194 -4.282351 13.591895
v -0.198194 -4.673862 12.330046
v -2.234923 -4.286740 13.420125
v -2.590418 -4.321156 13.326162
v -2.934975 -4.370865 13.190441
v -3.109988 -4.420073 13.056088
v -3.153741 -4.452776 12.966800
v -1.159407 -4.106724 13.514322
v -1.355442 -4.104619 13.500791
v -1.933488 -4.120537 13.445285
v -1.664589 -4.103424 13.476812
v -1.251121 -4.105022 13.508882
v -0.797181 -4.113446 13.535811
v -0.009624 -4.113446 13.535811
v 0.272950 -4.113446 13.535811
v 0.810750 -4.113446 13.535811
v 1.339434 -4.113446 13.535811
v 1.936484 -4.174458 13.535811
v 2.569994 -4.231881 13.535811
v 3.180716 -4.278537 13.535811
v 4.105914 -4.278538 13.589130
v 5.231648 -4.278538 13.589130
v 5.887946 -4.278538 13.589130
v 6.462208 -4.266518 13.571693
v 7.123064 -4.223425 13.526330
v 7.829496 -4.183805 13.458419
v 8.499468 -4.124541 13.381678
v 9.114748 -4.079904 13.302258
v 9.807507 -4.010363 13.254375
v 10.226809 -3.965882 13.200112
v 10.454690 -3.958903 13.155722
v 10.568631 -3.963973 13.026314
v 6.318642 -4.269523 13.576053
v 5.615416 -4.278538 13.589130
v -0.198194 -4.113446 13.535811
vn -0.2397 -0.0952 -0.9662
vn -0.2397 -0.2818 -0.9290
vn -0.2397 -0.4577 -0.8562
vn -0.2397 -0.6159 -0.7505
vn -0.2397 -0.7505 -0.6159
vn -0.2397 -0.8562 -0.4577
vn -0.2397 -0.9290 -0.2818
vn -0.2397 -0.9662 -0.0952
vn -0.2397 -0.9662 0.0952
vn -0.2397 -0.9290 0.2818
vn -0.2397 -0.8562 0.4577
vn -0.2397 -0.7505 0.6159
vn -0.2397 -0.6159 0.7505
vn -0.2397 -0.4577 0.8562
vn -0.2397 -0.2818 0.9290
vn -0.2397 -0.0952 0.9662
vn -0.2397 0.0952 0.9662
vn -0.2360 0.2884 0.9280
vn -0.4574 0.5331 0.7117
vn -0.5009 0.5104 0.6990
vn -0.5567 0.6107 0.5632
vn -0.5988 0.6866 0.4124
vn -0.6269 0.7374 0.2514
vn -0.6269 0.7374 -0.2514
vn -0.5988 0.6866 -0.4124
vn -0.5567 0.6107 -0.5632
vn -0.5009 0.5104 -0.6990
vn -0.4574 0.5331 -0.7117
vn -0.1522 -0.9836 -0.0969
vn -0.2376 0.2883 -0.9276
vn -0.2397 0.0952 -0.9662
vn -0.2706 0.2795 -0.9213
vn -0.3863 0.8827 0.2678
vn -0.2706 -0.9581 0.0944
vn -0.2706 0.2795 0.9213
vn -0.2389 0.8438 -0.4806
vn -0.2706 -0.7442 -0.6107
vn -0.2706 -0.4538 0.8490
vn -0.2585 0.9192 0.2971
vn -0.2706 -0.0944 -0.9581
vn -0.2706 0.0944 -0.9581
vn -0.2706 -0.9213 0.2795
vn -0.2216 0.6229 0.7503
vn -0.2135 0.7354 -0.6431
vn -0.2706 -0.8490 -0.4538
vn -0.2706 -0.2795 0.9213
vn -0.2692 0.9578 0.1005
vn -0.2706 -0.2795 -0.9213
vn -0.2706 -0.8490 0.4538
vn -0.1861 0.5995 0.7784
vn -0.1861 0.5995 -0.7784
vn -0.2706 -0.9213 -0.2795
vn -0.2706 -0.0944 0.9581
vn -0.2692 0.9578 -0.1005
vn -0.2706 -0.4538 -0.8490
vn -0.2706 -0.7442 0.6107
vn -0.2135 0.7354 0.6431
vn -0.2216 0.6229 -0.7503
vn -0.2706 -0.9581 -0.0944
vn -0.2706 0.0944 0.9581
vn -0.2585 0.9192 -0.2971
vn -0.2706 -0.6107 -0.7442
vn -0.2706 -0.6107 0.7442
vn -0.2389 0.8438 0.4806
vn -0.6323 0.7413 -0.2249
vn -0.3863 -0.8827 0.2678
vn -0.3863 0.9179 0.0904
vn -0.3863 -0.8135 0.4348
vn -0.3863 0.9179 -0.0904
vn -0.3863 -0.7130 0.5851
vn -0.3863 0.8827 -0.2677
vn -0.3863 -0.5851 0.7130
vn -0.3863 0.8135 -0.4348
vn -0.3863 -0.4348 0.8135
vn -0.3863 -0.0904 -0.9179
vn -0.3863 0.7130 -0.5851
vn -0.3863 -0.2677 0.8827
vn -0.3863 -0.2678 -0.8827
vn -0.3863 0.5851 -0.7130
vn -0.3863 -0.0904 0.9179
vn -0.3863 -0.4348 -0.8135
vn -0.3863 0.4348 -0.8135
vn -0.3863 0.0904 0.9179
vn -0.3863 -0.5851 -0.7130
vn -0.3863 0.2678 -0.8827
vn -0.3863 0.2677 0.8827
vn -0.3863 -0.7130 -0.5851
vn -0.3863 0.0904 -0.9179
vn -0.3863 0.4348 0.8135
vn -0.3863 -0.8135 -0.4348
vn -0.3863 0.5851 0.7130
vn -0.3863 -0.8827 -0.2677
vn -0.3863 0.7130 0.5851
vn -0.3863 -0.9179 -0.0904
vn -0.3863 0.8135 0.4348
vn -0.3863 -0.9179 0.0904
vn -0.9082 -0.1215 -0.4005
vn -0.6323 -0.4915 0.5988
vn -0.6323 0.6832 -0.3652
vn -0.6323 -0.3652 0.6832
vn -0.6323 -0.0759 -0.7710
vn -0.6323 0.5988 -0.4915
vn -0.6323 -0.2249 0.7413
vn -0.6323 -0.2249 -0.7413
vn -0.6323 0.4915 -0.5988
vn -0.6323 -0.0759 0.7710
vn -0.6323 -0.3652 -0.6832
vn -0.6323 0.3652 -0.6832
vn -0.6323 0.0759 0.7710
vn -0.6323 -0.4915 -0.5988
vn -0.6323 0.2249 -0.7413
vn -0.6323 0.2249 0.7413
vn -0.6323 -0.5988 -0.4915
vn -0.6323 0.0759 -0.7710
vn -0.6323 0.3652 0.6832
vn -0.6323 -0.6832 -0.3652
vn -0.6323 0.4915 0.5988
vn -0.6323 -0.7413 -0.2249
vn -0.6323 0.5988 0.4915
vn -0.6323 -0.7710 -0.0759
vn -0.6323 0.6832 0.3652
vn -0.6323 -0.7710 0.0759
vn -0.6323 0.7413 0.2249
vn -0.6323 -0.7413 0.2249
vn -0.6323 0.7710 0.0759
vn -0.6323 -0.6832 0.3652
vn -0.6323 0.7710 -0.0759
vn -0.6323 -0.5988 0.4915
vn 1.0000 -0.0000 -0.0000
vn -0.9082 0.2656 -0.3235
vn -0.9082 -0.0411 0.4165
vn -0.9082 -0.1973 -0.3691
vn -0.9082 0.1973 -0.3691
vn -0.9082 0.0411 0.4165
vn -0.9082 -0.2656 -0.3235
vn -0.9082 0.1215 -0.4005
vn -0.9082 0.1214 0.4005
vn -0.9082 -0.3236 -0.2655
vn -0.9082 0.0410 -0.4165
vn -0.9082 0.1973 0.3691
vn -0.9082 -0.3691 -0.1973
vn -0.9082 0.2655 0.3236
vn -0.9082 -0.4005 -0.1215
vn -0.9082 0.3236 0.2655
vn -0.9082 -0.4165 -0.0410
vn -0.9082 0.3691 0.1973
vn -0.9082 -0.4165 0.0410
vn -0.9082 0.4005 0.1215
vn -0.9082 -0.4005 0.1215
vn -0.9082 0.4166 0.0410
vn -0.9082 -0.3691 0.1973
vn -0.9082 0.4165 -0.0410
vn -0.9082 -0.3235 0.2655
vn -0.9082 0.4005 -0.1215
vn -0.9082 -0.2656 0.3235
vn -0.9082 0.3691 -0.1973
vn -0.9082 -0.1973 0.3691
vn -0.9082 -0.0410 -0.4165
vn -0.9082 0.3236 -0.2655
vn -0.9082 -0.1215 0.4005
vn -0.0678 0.5884 0.8057
vn -0.1334 0.0971 0.9863
vn -0.1575 0.9347 -0.3187
vn -0.1460 -0.6276 -0.7647
vn -0.1460 -0.6276 0.7647
vn -0.1530 0.8471 0.5089
vn -0.1298 0.2963 -0.9462
vn -0.1522 -0.9836 0.0969
vn -0.1298 0.2963 0.9462
vn -0.1530 0.8471 -0.5089
vn -0.1484 -0.7644 -0.6274
vn -0.1432 -0.4665 0.8728
vn -0.1575 0.9347 0.3187
vn -0.1368 -0.0971 -0.9858
vn -0.1334 0.0971 -0.9863
vn -0.1516 -0.9459 0.2869
vn -0.1342 0.4256 0.8949
vn -0.1503 -0.8719 -0.4660
vn -0.1401 -0.2874 0.9475
vn -0.1599 0.9811 0.1086
vn -0.1401 -0.2874 -0.9475
vn -0.1503 -0.8719 0.4660
vn -0.1406 0.5839 -0.7996
vn -0.1516 -0.9459 -0.2869
vn -0.1368 -0.0971 0.9858
vn -0.1599 0.9811 -0.1086
vn -0.1432 -0.4665 -0.8728
vn -0.1484 -0.7644 0.6274
vn -0.1471 0.7271 0.6706
vn -0.1342 0.4256 -0.8949
vn -0.0225 0.9463 0.3226
vn -0.1503 -0.9461 -0.2870
vn -0.0658 0.7335 0.6765
vn -0.1527 -0.9835 -0.0969
vn -0.0645 0.8554 0.5139
vn -0.1527 -0.9835 0.0969
vn -0.0636 0.9446 0.3220
vn -0.1503 -0.9461 0.2870
vn -0.0632 0.9919 0.1098
vn -0.1457 -0.8725 0.4664
vn -0.0632 0.9919 -0.1098
vn -0.1388 -0.7655 0.6283
vn -0.0636 0.9446 -0.3220
vn -0.1301 -0.6290 0.7664
vn -0.0645 0.8554 -0.5139
vn -0.1198 -0.4680 0.8756
vn -0.0961 -0.0976 -0.9906
vn -0.0658 0.7335 -0.6765
vn -0.1083 -0.2886 0.9513
vn -0.1083 -0.2886 -0.9513
vn -0.0678 0.5884 -0.8057
vn -0.0961 -0.0976 0.9906
vn -0.1198 -0.4680 -0.8756
vn -0.0704 0.4284 -0.9008
vn -0.0836 0.0977 0.9917
vn -0.1301 -0.6290 -0.7664
vn -0.0720 0.2954 -0.9527
vn -0.0711 0.2954 0.9527
vn -0.1388 -0.7655 -0.6283
vn -0.0836 0.0977 -0.9917
vn -0.0704 0.4284 0.9008
vn -0.1457 -0.8725 -0.4664
vn -0.0000 0.9465 -0.3227
vn -0.0880 -0.9532 0.2892
vn -0.0209 0.9937 0.1100
vn -0.0865 -0.8786 0.4696
vn -0.0209 0.9937 -0.1100
vn -0.0843 -0.7703 0.6321
vn -0.0225 0.9463 -0.3226
vn -0.0815 -0.6323 0.7704
vn -0.0257 0.8569 -0.5148
vn -0.0783 -0.4700 0.8792
vn -0.0708 -0.0978 -0.9927
vn -0.0301 0.7347 -0.6777
vn -0.0747 -0.2895 0.9543
vn -0.0747 -0.2895 -0.9543
vn -0.0356 0.5894 -0.8071
vn -0.0708 -0.0978 0.9927
vn -0.0783 -0.4700 -0.8792
vn -0.0421 0.4291 -0.9023
vn -0.0669 0.0978 0.9930
vn -0.0815 -0.6323 -0.7704
vn -0.0550 0.3069 -0.9502
vn -0.0606 0.3068 0.9498
vn -0.0843 -0.7703 -0.6321
vn -0.0669 0.0978 -0.9930
vn -0.0421 0.4291 0.9023
vn -0.0865 -0.8786 -0.4696
vn -0.0356 0.5894 0.8071
vn -0.0880 -0.9532 -0.2892
vn -0.0301 0.7347 0.6777
vn -0.0888 -0.9913 -0.0976
vn -0.0257 0.8569 0.5148
vn -0.0888 -0.9913 0.0976
vn -0.0000 -0.2903 -0.9569
vn -0.0000 -0.6344 0.7730
vn -0.0000 0.8572 -0.5150
vn -0.0000 -0.4714 0.8819
vn -0.0000 -0.0980 -0.9952
vn -0.0000 0.7351 -0.6780
vn -0.0000 -0.2903 0.9569
vn -0.0000 0.5897 -0.8076
vn -0.0000 -0.0980 0.9952
vn -0.0000 -0.4714 -0.8819
vn -0.0000 0.4295 -0.9031
vn -0.0000 0.0980 0.9952
vn -0.0000 -0.6344 -0.7730
vn -0.0000 0.3151 -0.9491
vn -0.0000 0.3151 0.9491
vn -0.0000 -0.7730 -0.6344
vn -0.0000 0.0980 -0.9952
vn -0.0000 0.4295 0.9031
vn -0.0000 -0.8819 -0.4714
vn -0.0000 0.5897 0.8076
vn -0.0000 -0.9569 -0.2903
vn -0.0000 0.7351 0.6780
vn -0.0000 -0.9952 -0.0980
vn -0.0000 0.8572 0.5150
vn -0.0000 -0.9952 0.0980
vn -0.0000 0.9465 0.3227
vn -0.0000 -0.9569 0.2903
vn -0.0000 0.9939 0.1100
vn -0.0000 -0.8819 0.4714
vn -0.0000 0.9939 -0.1100
vn -0.0000 -0.7730 0.6344
vn 0.1279 0.9858 -0.1091
vn 0.1219 0.9394 -0.3203
vn 0.1106 0.8520 -0.5118
vn 0.0950 0.7318 -0.6749
vn 0.0763 0.5880 -0.8052
vn 0.0556 0.4288 -0.9017
vn 0.0229 0.3536 -0.9351
vn 0.0059 0.3537 0.9353
vn 0.0556 0.4288 0.9017
vn 0.0763 0.5880 0.8052
vn 0.0950 0.7318 0.6749
vn 0.1106 0.8520 0.5118
vn 0.1219 0.9394 0.3203
vn 0.1279 0.9858 0.1091
vn 0.0843 0.7325 -0.6756
vn 0.0677 0.5884 -0.8057
vn 0.0494 0.4290 -0.9020
vn 0.0264 0.4595 -0.8878
vn 0.0068 0.4596 0.8881
vn 0.0494 0.4290 0.9020
vn 0.0677 0.5884 0.8057
vn 0.0843 0.7325 0.6756
vn 0.0982 0.8531 0.5125
vn 0.1083 0.9409 0.3208
vn 0.1137 0.9875 0.1093
vn 0.1137 0.9875 -0.1093
vn 0.1083 0.9409 -0.3208
vn 0.0982 0.8531 -0.5125
vn -0.0481 0.6121 0.7893
vn 0.0295 0.6077 -0.7936
vn 0.0076 0.6079 0.7940
vn 0.0416 0.4291 0.9023
vn 0.0571 0.5888 0.8063
vn 0.0711 0.7332 0.6763
vn 0.0829 0.8543 0.5132
vn 0.0914 0.9425 0.3213
vn 0.0960 0.9893 0.1095
vn 0.0960 0.9893 -0.1095
vn 0.0914 0.9425 -0.3213
vn 0.0829 0.8543 -0.5132
vn 0.0711 0.7332 -0.6763
vn 0.0571 0.5888 -0.8063
vn 0.0416 0.4291 -0.9023
vn -0.0000 0.9569 0.2903
vn -0.0328 0.7546 0.6554
vn -0.0183 0.8702 0.4923
vn -0.0070 0.9521 0.3057
vn -0.0008 0.9946 0.1037
vn -0.0008 0.9946 -0.1037
vn -0.0070 0.9521 -0.3057
vn -0.0183 0.8702 -0.4923
vn -0.0328 0.7546 -0.6554
vn -0.0481 0.6121 -0.7893
vn -0.0619 0.4500 -0.8909
vn -0.0305 0.5520 -0.8333
vn -0.0078 0.5522 0.8336
vn -0.0619 0.4500 0.8909
vn -0.0000 0.9569 -0.2903
vn -0.0000 0.9952 0.0980
vn -0.0000 0.9952 -0.0980
vn -0.0000 0.8819 -0.4714
vn -0.0000 0.7730 -0.6344
vn -0.0000 0.6344 -0.7730
vn -0.0000 0.4714 -0.8819
vn -0.0000 0.3300 -0.9440
vn -0.0000 0.3300 0.9440
vn -0.0000 0.4714 0.8819
vn -0.0000 0.6344 0.7730
vn -0.0000 0.7730 0.6344
vn -0.0000 0.8819 0.4714
vn 0.0118 0.6343 -0.7730
vn 0.0641 0.0978 -0.9931
vn 0.0353 -0.0980 0.9946
vn 0.0470 -0.4709 -0.8809
vn 0.0171 0.4713 -0.8818
vn 0.0292 0.0980 0.9948
vn 0.0521 -0.6335 -0.7720
vn 0.0217 0.3299 -0.9437
vn 0.0218 0.3299 0.9437
vn 0.0565 -0.7718 -0.6334
vn 0.0292 0.0980 -0.9948
vn 0.0171 0.4713 0.8818
vn 0.0599 -0.8803 -0.4706
vn 0.0118 0.6343 0.7730
vn 0.0622 -0.9551 -0.2897
vn 0.0074 0.7730 0.6344
vn 0.0634 -0.9932 -0.0978
vn 0.0039 0.8819 0.4714
vn 0.0634 -0.9932 0.0978
vn 0.0014 0.9569 0.2903
vn 0.0622 -0.9551 0.2897
vn 0.0002 0.9952 0.0980
vn 0.0599 -0.8803 0.4706
vn 0.0002 0.9952 -0.0980
vn 0.0565 -0.7718 0.6334
vn 0.0014 0.9569 -0.2903
vn 0.0521 -0.6335 0.7720
vn 0.0039 0.8819 -0.4714
vn 0.0470 -0.4709 0.8809
vn 0.0353 -0.0980 -0.9946
vn 0.0074 0.7730 -0.6344
vn 0.0414 -0.2900 0.9561
vn 0.0414 -0.2900 -0.9561
vn 0.1271 -0.2879 -0.9492
vn 0.0302 0.4712 0.8815
vn 0.1497 -0.8720 -0.4661
vn 0.0154 0.6343 0.7729
vn 0.1561 -0.9452 -0.2867
vn 0.0028 0.7730 0.6344
vn 0.1594 -0.9825 -0.0968
vn -0.0070 0.8819 0.4714
vn 0.1594 -0.9825 0.0968
vn -0.0138 0.9568 0.2903
vn 0.1561 -0.9452 0.2867
vn -0.0173 0.9950 0.0980
vn 0.1497 -0.8720 0.4661
vn -0.0173 0.9950 -0.0980
vn 0.1403 -0.7654 0.6281
vn -0.0138 0.9568 -0.2903
vn 0.1283 -0.6291 0.7666
vn -0.0070 0.8819 -0.4714
vn 0.1141 -0.4683 0.8762
vn 0.0814 -0.0977 -0.9919
vn 0.0028 0.7730 -0.6344
vn 0.0983 -0.2889 0.9523
vn 0.0983 -0.2889 -0.9523
vn 0.0154 0.6343 -0.7729
vn 0.0814 -0.0977 0.9919
vn 0.1141 -0.4683 -0.8762
vn 0.0302 0.4712 -0.8815
vn 0.0641 0.0978 0.9931
vn 0.1283 -0.6291 -0.7666
vn 0.0432 0.3297 -0.9431
vn 0.0432 0.3297 0.9431
vn 0.1403 -0.7654 -0.6281
vn 0.2156 -0.7548 -0.6195
vn 0.0439 0.6338 -0.7723
vn 0.1103 -0.0974 0.9891
vn 0.1428 -0.4666 -0.8729
vn 0.0588 0.4706 -0.8804
vn 0.0931 0.0976 0.9909
vn 0.1569 -0.6265 -0.7634
vn 0.0720 0.3292 -0.9415
vn 0.0720 0.3292 0.9415
vn 0.1688 -0.7619 -0.6253
vn 0.0931 0.0976 -0.9909
vn 0.0588 0.4706 0.8804
vn 0.1781 -0.8678 -0.4639
vn 0.0439 0.6338 0.7723
vn 0.1844 -0.9405 -0.2853
vn 0.0312 0.7726 0.6341
vn 0.1877 -0.9775 -0.0963
vn 0.0212 0.8817 0.4713
vn 0.1877 -0.9775 0.0963
vn 0.0143 0.9568 0.2903
vn 0.1844 -0.9405 0.2853
vn 0.0108 0.9951 0.0980
vn 0.1781 -0.8678 0.4639
vn 0.0108 0.9951 -0.0980
vn 0.1688 -0.7619 0.6253
vn 0.0143 0.9568 -0.2903
vn 0.1569 -0.6265 0.7634
vn 0.0212 0.8817 -0.4713
vn 0.1428 -0.4666 0.8729
vn 0.1103 -0.0974 -0.9891
vn 0.0312 0.7726 -0.6341
vn 0.1271 -0.2879 0.9492
vn 0.2460 -0.9646 -0.0950
vn 0.1086 0.0974 -0.9893
vn 0.0599 0.4705 0.8803
vn 0.2285 -0.8586 -0.4589
vn 0.0386 0.6339 0.7724
vn 0.2373 -0.9296 -0.2820
vn 0.0205 0.7728 0.6343
vn 0.2418 -0.9657 -0.0951
vn 0.0062 0.8819 0.4714
vn 0.2418 -0.9657 0.0951
vn -0.0036 0.9569 0.2903
vn 0.2373 -0.9296 0.2820
vn -0.0086 0.9951 0.0980
vn 0.2285 -0.8586 0.4589
vn -0.0086 0.9951 -0.0980
vn 0.2156 -0.7548 0.6195
vn -0.0036 0.9569 -0.2903
vn 0.1989 -0.6217 0.7576
vn 0.0062 0.8819 -0.4714
vn 0.1792 -0.4638 0.8676
vn 0.1331 -0.0971 -0.9863
vn 0.0205 0.7728 -0.6343
vn 0.1570 -0.2867 0.9451
vn 0.1570 -0.2867 -0.9451
vn 0.0386 0.6339 -0.7724
vn 0.1331 -0.0971 0.9863
vn 0.1792 -0.4638 -0.8676
vn 0.0599 0.4705 -0.8803
vn 0.1086 0.0974 0.9893
vn 0.1989 -0.6217 -0.7576
vn 0.0787 0.3290 -0.9410
vn 0.0787 0.3290 0.9410
vn 0.1801 -0.8675 0.4637
vn 0.0309 0.8815 0.4712
vn 0.2460 -0.9646 0.0950
vn 0.0219 0.9567 0.2902
vn 0.2419 -0.9285 0.2817
vn 0.0173 0.9950 0.0980
vn 0.2339 -0.8575 0.4583
vn 0.0173 0.9950 -0.0980
vn 0.2221 -0.7537 0.6185
vn 0.0219 0.9567 -0.2902
vn 0.2070 -0.6207 0.7563
vn 0.0309 0.8815 -0.4712
vn 0.1890 -0.4629 0.8660
vn 0.1471 -0.0970 -0.9844
vn 0.0440 0.7723 -0.6338
vn 0.1688 -0.2861 0.9432
vn 0.1688 -0.2861 -0.9432
vn 0.0607 0.6332 -0.7716
vn 0.1471 -0.0970 0.9844
vn 0.1890 -0.4629 -0.8660
vn 0.0802 0.4699 -0.8791
vn 0.1248 0.0973 0.9874
vn 0.2070 -0.6207 -0.7563
vn 0.0974 0.3285 -0.9395
vn 0.0974 0.3285 0.9395
vn 0.2221 -0.7537 -0.6185
vn 0.1248 0.0973 -0.9874
vn 0.0802 0.4699 0.8791
vn 0.2339 -0.8575 -0.4583
vn 0.0607 0.6332 0.7716
vn 0.2419 -0.9285 -0.2817
vn 0.0440 0.7723 0.6338
vn 0.2043 -0.4615 0.8633
vn -0.0519 0.9938 -0.0979
vn 0.1672 -0.7621 0.6255
vn -0.0471 0.9559 -0.2900
vn 0.1506 -0.6272 0.7642
vn -0.0377 0.8813 -0.4711
vn 0.1309 -0.4673 0.8743
vn 0.0854 -0.0977 -0.9916
vn -0.0240 0.7728 -0.6342
vn 0.1089 -0.2886 0.9512
vn 0.1089 -0.2886 -0.9512
vn -0.0065 0.6344 -0.7730
vn 0.0854 -0.0977 0.9916
vn 0.1309 -0.4673 -0.8743
vn 0.0141 0.4713 -0.8818
vn 0.0612 0.0978 0.9933
vn 0.1506 -0.6272 -0.7642
vn 0.0321 0.3299 -0.9435
vn 0.0321 0.3299 0.9435
vn 0.1672 -0.7621 -0.6255
vn 0.0612 0.0978 -0.9933
vn 0.0141 0.4713 0.8818
vn 0.1801 -0.8675 -0.4637
vn -0.0065 0.6344 0.7730
vn 0.1889 -0.9397 -0.2851
vn -0.0240 0.7728 0.6342
vn 0.1934 -0.9764 -0.0962
vn -0.0377 0.8813 0.4711
vn 0.1934 -0.9764 0.0962
vn -0.0471 0.9559 0.2900
vn 0.1889 -0.9397 0.2851
vn -0.0519 0.9938 0.0979
vn 0.1938 0.0962 0.9763
vn 0.1506 -0.0969 -0.9838
vn 0.0184 0.7729 -0.6343
vn 0.1785 -0.2856 0.9416
vn 0.1785 -0.2856 -0.9416
vn 0.0397 0.6339 -0.7724
vn 0.1506 -0.0969 0.9838
vn 0.2043 -0.4615 -0.8633
vn 0.0648 0.4704 -0.8801
vn 0.1219 0.0973 0.9878
vn 0.2272 -0.6178 -0.7528
vn 0.0868 0.3288 -0.9404
vn 0.0868 0.3288 0.9404
vn 0.2463 -0.7492 -0.6148
vn 0.1219 0.0973 -0.9878
vn 0.0648 0.4704 0.8801
vn 0.2612 -0.8513 -0.4550
vn 0.0397 0.6339 0.7724
vn 0.2713 -0.9210 -0.2794
vn 0.0184 0.7729 0.6343
vn 0.2764 -0.9564 -0.0942
vn 0.0016 0.8819 0.4714
vn 0.2764 -0.9564 0.0942
vn -0.0100 0.9569 0.2903
vn 0.2713 -0.9210 0.2794
vn -0.0159 0.9951 0.0980
vn 0.2612 -0.8513 0.4550
vn -0.0159 0.9951 -0.0980
vn 0.2463 -0.7492 0.6148
vn -0.0100 0.9569 -0.2903
vn 0.2272 -0.6178 0.7528
vn 0.0016 0.8819 -0.4714
vn 0.6955 0.4559 -0.5555
vn 0.2600 -0.6126 -0.7464
vn 0.1712 0.3252 -0.9300
vn 0.1712 0.3252 0.9300
vn 0.2721 -0.7438 -0.6105
vn 0.1938 0.0962 -0.9763
vn 0.1566 0.4656 0.8710
vn 0.2816 -0.8462 -0.4523
vn 0.1403 0.6281 0.7654
vn 0.2881 -0.9164 -0.2780
vn 0.1264 0.7668 0.6293
vn 0.2913 -0.9520 -0.0938
vn 0.1154 0.8760 0.4682
vn 0.2913 -0.9520 0.0938
vn 0.1079 0.9514 0.2886
vn 0.2881 -0.9164 0.2780
vn 0.1040 0.9898 0.0975
vn 0.2816 -0.8462 0.4523
vn 0.1040 0.9898 -0.0975
vn 0.2721 -0.7438 0.6105
vn 0.1079 0.9514 -0.2886
vn 0.2600 -0.6126 0.7464
vn 0.1154 0.8760 -0.4682
vn 0.2455 -0.4570 0.8549
vn 0.2118 -0.0958 -0.9726
vn 0.1264 0.7668 -0.6293
vn 0.2293 -0.2826 0.9315
vn 0.2293 -0.2826 -0.9315
vn 0.1403 0.6281 -0.7654
vn 0.2118 -0.0958 0.9726
vn 0.2455 -0.4570 -0.8549
vn 0.1566 0.4656 -0.8710
vn 0.7788 -0.0615 0.6242
vn 0.7173 0.3285 -0.6145
vn 0.7611 0.0636 0.6455
vn 0.7359 0.2235 -0.6392
vn 0.7359 0.2235 0.6392
vn 0.7611 0.0636 -0.6455
vn 0.7173 0.3285 0.6145
vn 0.6955 0.4558 0.5555
vn 0.8388 -0.5211 -0.1581
vn 0.6752 0.5702 0.4679
vn 0.8409 -0.5386 -0.0530
vn 0.6582 0.6639 0.3549
vn 0.8409 -0.5386 0.0530
vn 0.6459 0.7306 0.2216
vn 0.7788 -0.0615 -0.6242
vn 0.8388 -0.5211 0.1581
vn 0.6394 0.7652 0.0754
vn 0.8345 -0.4860 0.2598
vn 0.7945 -0.1762 -0.5811
vn 0.6394 0.7652 -0.0754
vn 0.8280 -0.4335 0.3558
vn 0.8080 -0.2777 -0.5196
vn 0.6459 0.7306 -0.2216
vn 0.8192 -0.3639 0.4434
vn 0.8192 -0.3639 -0.4434
vn 0.6582 0.6639 -0.3549
vn 0.8080 -0.2777 0.5196
vn 0.8280 -0.4335 -0.3558
vn 0.6752 0.5702 -0.4679
vn 0.7945 -0.1763 0.5811
vn 0.8345 -0.4860 -0.2598
vn -0.1406 0.5839 0.7996
vn -0.6410 0.7629 0.0844
vn -0.1471 0.7271 -0.6706
vn -0.6410 0.7629 -0.0844
vn -0.0609 0.2972 0.9529
vn -0.0553 0.2973 -0.9532
vn -0.0783 -0.4699 -0.8792
vn -0.0710 0.2969 0.9523
vn -0.0720 0.2969 -0.9522
vn -0.0720 0.2969 0.9522
vn -0.0550 0.2973 0.9532
vn 0.1712 0.3251 0.9300
vn 0.0217 0.3299 0.9437
vn -0.0318 0.5520 0.8332
vn 0.0308 0.6076 0.7936
vn 0.0276 0.4595 0.8878
vn 0.0239 0.3536 0.9351
vn -0.0547 0.3069 0.9502
vn -0.0721 0.2954 0.9526
vn -0.9082 0.1213 0.4005
vn -0.6323 0.2248 0.7413
vn -0.3863 0.2678 0.8827
vn -0.2390 0.2882 0.9273
vn 0.7945 -0.1763 -0.5811
vn -0.9082 -0.1216 -0.4005
vn 0.0218 0.3299 -0.9437
vn -0.0730 0.2954 0.9526
vn -0.0491 0.3070 0.9504
vn 0.0410 0.3534 0.9346
vn 0.0472 0.4591 0.8871
vn 0.0526 0.6071 0.7929
vn -0.0544 0.5514 0.8324
vn 0.0217 0.3300 0.9437
vn -0.0495 0.2974 0.9535
vn -0.0730 0.2969 0.9521
vn -0.9082 0.1216 0.4005
vn -0.2375 0.2883 0.9276
vt 1.000000 0.500000
vt 1.000000 1.000000
vt 0.968750 1.000000
vt 0.968750 0.500000
vt 0.956055 0.500000
vt 0.956055 1.000000
vt 0.937500 1.000000
vt 0.937500 0.500000
vt 0.906250 1.000000
vt 0.906250 0.500000
vt 0.875000 1.000000
vt 0.875000 0.500000
vt 0.843750 1.000000
vt 0.843750 0.500000
vt 0.812500 1.000000
vt 0.812500 0.500000
vt 0.781250 1.000000
vt 0.781250 0.500000
vt 0.750000 1.000000
vt 0.750000 0.500000
vt 0.718750 1.000000
vt 0.718750 0.500000
vt 0.687500 1.000000
vt 0.687500 0.500000
vt 0.656250 1.000000
vt 0.656250 0.500000
vt 0.625000 1.000000
vt 0.625000 0.500000
vt 0.593750 1.000000
vt 0.593750 0.500000
vt 0.562500 1.000000
vt 0.562500 0.500000
vt 0.531250 1.000000
vt 0.531250 0.500000
vt 0.500000 1.000000
vt 0.500000 0.500000
vt 0.468750 1.000000
vt 0.468750 0.500000
vt 0.444142 0.500000
vt 0.444142 1.000000
vt 0.437500 1.000000
vt 0.437500 0.500000
vt 0.406250 1.000000
vt 0.406250 0.500000
vt 0.405220 1.000000
vt 0.375000 0.809000
vt 0.375000 0.500000
vt 0.343750 0.661580
vt 0.343750 0.500000
vt 0.312500 0.559735
vt 0.312500 0.500000
vt 0.281250 0.500000
vt 0.218750 0.500000
vt 0.187500 0.559742
vt 0.187500 0.500000
vt 0.156250 0.661599
vt 0.156250 0.500000
vt 0.125000 0.809036
vt 0.125000 0.500000
vt 0.094790 1.000000
vt 0.093750 1.000000
vt 0.093750 0.500000
vt 0.062500 1.000000
vt 0.062500 0.500000
vt 0.031250 1.000000
vt 0.031250 0.500000
vt 0.000000 1.000000
vt 0.000000 0.500000
vt 0.444142 0.500000
vt 0.250000 0.500000
vt 0.956055 0.500000
vt 0.956055 0.500000
vt 0.960938 0.500000
vt 0.444142 0.500000
vt 0.455087 0.500000
vt 0.375000 1.000000
vt 0.375000 1.000000
vt 0.187500 1.000000
vt 0.218750 1.000000
vt 0.312500 1.000000
vt 0.343750 1.000000
vt 0.460747 1.000000
vt 0.156250 1.000000
vt 0.281250 1.000000
vt 0.250000 1.000000
vt 0.956055 1.000000
vt 0.357128 1.000000
vt 0.361723 1.000000
vt 0.281250 1.000000
vt 0.718750 1.000000
vt 0.250000 1.000000
vt 0.656250 1.000000
vt 0.156250 1.000000
vt 0.125000 1.000000
vt 0.956055 1.000000
vt 0.093750 1.000000
vt 0.031250 1.000000
vt 0.460747 1.000000
vt 0.687500 1.000000
vt 0.625000 1.000000
vt 0.187500 1.000000
vt 0.968750 1.000000
vt 0.531250 1.000000
vt 0.500000 1.000000
vt 0.468750 1.000000
vt 0.812500 1.000000
vt 0.750000 1.000000
vt 0.843750 1.000000
vt 0.656250 1.000000
vt 0.460747 1.000000
vt 0.956055 1.000000
vt 0.125000 1.000000
vt 0.906250 1.000000
vt 0.460747 1.000000
vt 0.406250 1.000000
vt 0.437500 1.000000
vt 0.468750 1.000000
vt 0.460747 1.000000
vt 0.843750 1.000000
vt 0.812500 1.000000
vt 0.343750 1.000000
vt 0.593750 1.000000
vt 0.562500 1.000000
vt 0.956055 1.000000
vt 0.956055 1.000000
vt 0.296822 0.485388
vt 0.250000 0.490000
vt 0.203178 0.485388
vt 0.158156 0.471731
vt 0.116663 0.449553
vt 0.080294 0.419706
vt 0.050447 0.383337
vt 0.028269 0.341844
vt 0.014612 0.296822
vt 0.010000 0.250000
vt 0.014612 0.203178
vt 0.028269 0.158156
vt 0.050447 0.116663
vt 0.080294 0.080294
vt 0.116663 0.050447
vt 0.158156 0.028269
vt 0.167725 0.025366
vt 0.191648 0.018109
vt 0.203178 0.014612
vt 0.250000 0.010000
vt 0.296822 0.014612
vt 0.341844 0.028269
vt 0.383337 0.050447
vt 0.419706 0.080294
vt 0.449553 0.116663
vt 0.471731 0.158156
vt 0.485388 0.203178
vt 0.490000 0.250000
vt 0.485388 0.296822
vt 0.471731 0.341844
vt 0.449553 0.383337
vt 0.419706 0.419706
vt 0.383337 0.449553
vt 0.341844 0.471731
vt 0.315112 0.479840
vt 0.343750 0.937409
vt 0.312500 0.833601
vt 0.281250 0.772544
vt 0.250000 0.752396
vt 0.156250 0.936878
vt 0.187500 0.833374
vt 0.138051 1.000000
vt 0.142720 1.000000
vt 0.218750 0.772489
vt 0.444142 1.000000
vt 0.444142 1.000000
vt 0.444142 1.000000
vt 0.444142 1.000000
vt 0.444142 1.000000
vt 0.460747 0.500000
vt 0.460938 0.500000
vt 0.460747 0.500000
vt 0.460747 0.500000
vt 0.460747 0.500000
s 0
usemtl Material.001
f 1/1/1 2/2/1 4/3/1 3/4/1
f 1012/5/2 1013/6/2 6/7/2 5/8/2
f 5/8/3 6/7/3 8/9/3 7/10/3
f 7/10/4 8/9/4 10/11/4 9/12/4
f 9/12/5 10/11/5 12/13/5 11/14/5
f 11/14/6 12/13/6 14/15/6 13/16/6
f 13/16/7 14/15/7 16/17/7 15/18/7
f 15/18/8 16/17/8 18/19/8 17/20/8
f 17/20/9 18/19/9 20/21/9 19/22/9
f 19/22/10 20/21/10 22/23/10 21/24/10
f 21/24/11 22/23/11 24/25/11 23/26/11
f 23/26/12 24/25/12 26/27/12 25/28/12
f 25/28/13 26/27/13 28/29/13 27/30/13
f 27/30/14 28/29/14 30/31/14 29/32/14
f 29/32/15 30/31/15 32/33/15 31/34/15
f 31/34/16 32/33/16 34/35/16 33/36/16
f 33/36/17 34/35/17 36/37/17 35/38/17
f 1144/39/18 1151/40/18 38/41/18 37/42/18
f 37/42/19 38/41/19 40/43/19 39/44/19
f 39/44/20 40/43/20 903/45/20 898/46/20 41/47/20
f 41/47/21 898/46/21 900/48/21 42/49/21
f 42/49/22 900/48/22 902/50/22 44/51/22
f 44/51/23 902/50/23 46/52/23
f 50/53/24 909/54/24 52/55/24
f 52/55/25 909/54/25 911/56/25 54/57/25
f 54/57/26 911/56/26 913/58/26 56/59/26
f 56/59/27 913/58/27 915/60/27 58/61/27 57/62/27
f 57/62/28 58/61/28 60/63/28 59/64/28
f 18/19/29 16/17/29 198/17/29 199/19/29
f 59/64/30 60/63/30 62/65/30 61/66/30
f 61/66/31 62/65/31 2/67/31 1/68/31
f 59/64/32 61/66/32 94/66/32 93/64/32
f 85/51/33 86/52/33 118/52/33 117/51/33
f 17/20/34 19/22/34 72/22/34 71/20/34
f 1144/39/35 37/42/35 81/42/35 1145/69/35
f 52/55/36 54/57/36 90/57/36 89/55/36
f 9/12/37 11/14/37 68/14/37 67/12/37
f 27/30/38 29/32/38 77/32/38 76/30/38
f 44/51/39 46/52/39 86/52/39 85/51/39
f 1/1/40 3/4/40 64/4/40 63/1/40
f 61/66/41 1/68/41 63/68/41 94/66/41
f 19/22/42 21/24/42 73/24/42 72/22/42
f 37/42/43 39/44/43 82/44/43 81/42/43
f 54/57/44 56/59/44 91/59/44 90/57/44
f 11/14/45 13/16/45 69/16/45 68/14/45
f 29/32/46 31/34/46 78/34/46 77/32/46
f 46/52/47 48/70/47 87/70/47 86/52/47
f 1012/5/48 5/8/48 65/8/48 1014/71/48
f 21/24/49 23/26/49 74/26/49 73/24/49
f 39/44/50 41/47/50 83/47/50 82/44/50
f 56/59/51 57/62/51 92/62/51 91/59/51
f 13/16/52 15/18/52 70/18/52 69/16/52
f 31/34/53 33/36/53 79/36/53 78/34/53
f 48/70/54 50/53/54 88/53/54 87/70/54
f 5/8/55 7/10/55 66/10/55 65/8/55
f 23/26/56 25/28/56 75/28/56 74/26/56
f 41/47/57 42/49/57 84/49/57 83/47/57
f 57/62/58 59/64/58 93/64/58 92/62/58
f 15/18/59 17/20/59 71/20/59 70/18/59
f 33/36/60 35/38/60 80/38/60 79/36/60
f 50/53/61 52/55/61 89/55/61 88/53/61
f 7/10/62 9/12/62 67/12/62 66/10/62
f 25/28/63 27/30/63 76/30/63 75/28/63
f 42/49/64 44/51/64 85/51/64 84/49/64
f 120/53/65 121/55/65 153/55/65 152/53/65
f 72/22/66 73/24/66 105/24/66 104/22/66
f 86/52/67 87/70/67 119/70/67 118/52/67
f 73/24/68 74/26/68 106/26/68 105/24/68
f 87/70/69 88/53/69 120/53/69 119/70/69
f 74/26/70 75/28/70 107/28/70 106/26/70
f 88/53/71 89/55/71 121/55/71 120/53/71
f 75/28/72 76/30/72 108/30/72 107/28/72
f 89/55/73 90/57/73 122/57/73 121/55/73
f 76/30/74 77/32/74 109/32/74 108/30/74
f 63/1/75 64/4/75 96/4/75 95/1/75
f 90/57/76 91/59/76 123/59/76 122/57/76
f 77/32/77 78/34/77 110/34/77 109/32/77
f 1014/71/78 65/8/78 97/8/78 1015/72/78
f 91/59/79 92/62/79 124/62/79 123/59/79
f 78/34/80 79/36/80 111/36/80 110/34/80
f 65/8/81 66/10/81 98/10/81 97/8/81
f 92/62/82 93/64/82 125/64/82 124/62/82
f 79/36/83 80/38/83 112/38/83 111/36/83
f 66/10/84 67/12/84 99/12/84 98/10/84
f 93/64/85 94/66/85 126/66/85 125/64/85
f 1145/69/86 81/42/86 113/42/86 1146/39/86
f 67/12/87 68/14/87 100/14/87 99/12/87
f 94/66/88 63/68/88 95/68/88 126/66/88
f 81/42/89 82/44/89 114/44/89 113/42/89
f 68/14/90 69/16/90 101/16/90 100/14/90
f 82/44/91 83/47/91 115/47/91 114/44/91
f 69/16/92 70/18/92 102/18/92 101/16/92
f 83/47/93 84/49/93 116/49/93 115/47/93
f 70/18/94 71/20/94 103/20/94 102/18/94
f 84/49/95 85/51/95 117/51/95 116/49/95
f 71/20/96 72/22/96 104/22/96 103/20/96
f 1016/5/97 129/8/97 161/8/97 1017/73/97
f 107/28/98 108/30/98 140/30/98 139/28/98
f 121/55/99 122/57/99 154/57/99 153/55/99
f 108/30/100 109/32/100 141/32/100 140/30/100
f 95/1/101 96/4/101 128/4/101 127/1/101
f 122/57/102 123/59/102 155/59/102 154/57/102
f 109/32/103 110/34/103 142/34/103 141/32/103
f 1015/72/104 97/8/104 129/8/104 1016/5/104
f 123/59/105 124/62/105 156/62/105 155/59/105
f 110/34/106 111/36/106 143/36/106 142/34/106
f 97/8/107 98/10/107 130/10/107 129/8/107
f 124/62/108 125/64/108 157/64/108 156/62/108
f 111/36/109 112/38/109 144/38/109 143/36/109
f 98/10/110 99/12/110 131/12/110 130/10/110
f 125/64/111 126/66/111 158/66/111 157/64/111
f 1146/39/112 113/42/112 145/42/112 1147/74/112
f 99/12/113 100/14/113 132/14/113 131/12/113
f 126/66/114 95/68/114 127/68/114 158/66/114
f 113/42/115 114/44/115 146/44/115 145/42/115
f 100/14/116 101/16/116 133/16/116 132/14/116
f 114/44/117 115/47/117 147/47/117 146/44/117
f 101/16/118 102/18/118 134/18/118 133/16/118
f 115/47/119 116/49/119 148/49/119 147/47/119
f 102/18/120 103/20/120 135/20/120 134/18/120
f 116/49/121 117/51/121 149/51/121 148/49/121
f 103/20/122 104/22/122 136/22/122 135/20/122
f 117/51/123 118/52/123 150/52/123 149/51/123
f 104/22/124 105/24/124 137/24/124 136/22/124
f 118/52/125 119/70/125 151/70/125 150/52/125
f 105/24/126 106/26/126 138/26/126 137/24/126
f 119/70/127 120/53/127 152/53/127 151/70/127
f 106/26/128 107/28/128 139/28/128 138/26/128
f 159/1/129 160/1/129 1017/1/129 161/1/129 162/1/129 163/1/129 164/1/129 165/1/129 166/1/129 167/1/129 168/1/129 169/1/129 170/1/129 171/1/129 172/1/129 173/1/129 174/1/129 175/1/129 176/1/129 987/1/129 1148/1/129 177/1/129 178/1/129 179/1/129 180/1/129 181/1/129 182/1/129 183/1/129 184/1/129 185/1/129 186/1/129 187/1/129 188/1/129 189/1/129 190/1/129
f 155/59/130 156/62/130 188/62/130 187/59/130
f 142/34/131 143/36/131 175/36/131 174/34/131
f 129/8/132 130/10/132 162/10/132 161/8/132
f 156/62/133 157/64/133 189/64/133 188/62/133
f 143/36/134 144/38/134 176/38/134 175/36/134
f 130/10/135 131/12/135 163/12/135 162/10/135
f 157/64/136 158/66/136 190/66/136 189/64/136
f 1147/74/137 145/42/137 177/42/137 1148/75/137
f 131/12/138 132/14/138 164/14/138 163/12/138
f 158/66/139 127/68/139 159/68/139 190/66/139
f 145/42/140 146/44/140 178/44/140 177/42/140
f 132/14/141 133/16/141 165/16/141 164/14/141
f 146/44/142 147/47/142 179/47/142 178/44/142
f 133/16/143 134/18/143 166/18/143 165/16/143
f 147/47/144 148/49/144 180/49/144 179/47/144
f 134/18/145 135/20/145 167/20/145 166/18/145
f 148/49/146 149/51/146 181/51/146 180/49/146
f 135/20/147 136/22/147 168/22/147 167/20/147
f 149/51/148 150/52/148 182/52/148 181/51/148
f 136/22/149 137/24/149 169/24/149 168/22/149
f 150/52/150 151/70/150 183/70/150 182/52/150
f 137/24/151 138/26/151 170/26/151 169/24/151
f 151/70/152 152/53/152 184/53/152 183/70/152
f 138/26/153 139/28/153 171/28/153 170/26/153
f 152/53/154 153/55/154 185/55/154 184/53/154
f 139/28/155 140/30/155 172/30/155 171/28/155
f 153/55/156 154/57/156 186/57/156 185/55/156
f 140/30/157 141/32/157 173/32/157 172/30/157
f 127/1/158 128/4/158 160/4/158 159/1/158
f 154/57/159 155/59/159 187/59/159 186/57/159
f 141/32/160 142/34/160 174/34/160 173/32/160
f 951/76/161 950/43/161 242/43/161 243/77/161
f 36/37/162 34/35/162 207/35/162 208/37/162
f 53/78/163 51/79/163 216/79/163 217/78/163
f 10/11/164 8/9/164 194/9/164 195/11/164
f 28/29/165 26/27/165 203/27/165 204/29/165
f 45/80/166 43/81/166 212/81/166 213/80/166
f 62/65/167 60/63/167 221/63/167 222/65/167
f 20/21/168 18/19/168 199/19/168 200/21/168
f 983/82/169 36/37/169 208/37/169 988/82/169
f 55/83/170 53/78/170 217/78/170 218/83/170
f 12/13/171 10/11/171 195/11/171 196/13/171
f 30/31/172 28/29/172 204/29/172 205/31/172
f 47/84/173 45/80/173 213/80/173 214/84/173
f 4/3/174 2/2/174 191/2/174 192/3/174
f 2/67/175 62/65/175 222/65/175 191/67/175
f 22/23/176 20/21/176 200/21/176 201/23/176
f 40/43/177 38/41/177 209/41/177 210/43/177 897/43/177
f 14/15/178 12/13/178 196/13/178 197/15/178
f 32/33/179 30/31/179 205/31/179 206/33/179
f 49/85/180 47/84/180 214/84/180 215/85/180
f 1013/6/181 4/3/181 192/3/181 1018/86/181
f 24/25/182 22/23/182 201/23/182 202/25/182
f 58/61/183 915/60/183 912/61/183
f 16/17/184 14/15/184 197/15/184 198/17/184
f 34/35/185 32/33/185 206/33/185 207/35/185
f 51/79/186 49/85/186 215/85/186 216/79/186
f 8/9/187 6/7/187 193/7/187 194/9/187
f 26/27/188 24/25/188 202/25/188 203/27/188
f 43/81/189 905/87/189 906/88/189 896/77/189 211/77/189 212/81/189
f 60/63/190 58/61/190 912/61/190 220/61/190 221/63/190
f 919/89/191 918/80/191 277/80/191 278/84/191
f 953/17/192 952/15/192 229/15/192 230/17/192
f 954/81/193 951/76/193 243/77/193 244/81/193
f 955/19/194 953/17/194 230/17/194 231/19/194
f 956/80/195 954/81/195 244/81/195 245/80/195
f 957/90/196 955/19/196 231/19/196 232/21/196
f 958/84/197 956/80/197 245/80/197 246/84/197
f 959/23/198 957/90/198 232/21/198 233/23/198
f 960/91/199 958/84/199 246/84/199 247/85/199
f 961/92/200 959/23/200 233/23/200 234/25/200
f 962/79/201 960/91/201 247/85/201 248/79/201
f 963/27/202 961/92/202 234/25/202 235/27/202
f 964/78/203 962/79/203 248/79/203 249/78/203
f 965/29/204 963/27/204 235/27/204 236/29/204
f 966/93/205 964/78/205 249/78/205 250/83/205
f 967/31/206 965/29/206 236/29/206 237/31/206
f 969/3/207 968/2/207 223/2/207 224/3/207
f 970/94/208 966/93/208 250/83/208 251/94/208
f 971/33/209 967/31/209 237/31/209 238/33/209
f 1041/95/210 969/3/210 224/3/210 1019/6/210
f 973/96/211 970/94/211 251/94/211 252/61/211
f 975/9/213 972/7/213 225/7/213 226/9/213
f 976/63/214 973/96/214 252/61/214 253/63/214
f 978/11/216 975/9/216 226/9/216 227/11/216
f 979/97/217 976/63/217 253/63/217 254/65/217
f 981/13/219 978/11/219 227/11/219 228/13/219
f 968/67/220 979/97/220 254/65/220 223/67/220
f 950/43/221 980/41/221 241/41/221 242/43/221
f 952/15/222 981/13/222 228/13/222 229/15/222
f 1111/78/223 1110/79/223 312/79/223 313/78/223
f 921/99/224 920/21/224 264/21/224 265/23/224
f 922/85/225 919/89/225 278/84/225 279/85/225
f 923/25/226 921/99/226 265/23/226 266/25/226
f 924/79/227 922/85/227 279/85/227 280/79/227
f 925/100/228 923/25/228 266/25/228 267/27/228
f 926/101/229 924/79/229 280/79/229 281/78/229
f 927/29/230 925/100/230 267/27/230 268/29/230
f 928/83/231 926/101/231 281/78/231 282/83/231
f 929/31/232 927/29/232 268/29/232 269/31/232
f 931/102/233 930/2/233 255/2/233 256/3/233
f 932/94/234 928/83/234 282/83/234 283/94/234
f 933/103/235 929/31/235 269/31/235 270/33/235
f 1040/86/236 931/102/236 256/3/236 1020/95/236
f 935/61/237 932/94/237 283/94/237 284/61/237
f 936/104/238 933/103/238 270/33/238 271/35/238
f 937/9/239 934/7/239 257/7/239 258/9/239
f 938/63/240 935/61/240 284/61/240 285/63/240
f 939/105/241 936/104/241 271/35/241 272/37/241
f 940/11/242 937/9/242 258/9/242 259/11/242
f 941/97/243 938/63/243 285/63/243 286/65/243
f 1010/98/244 939/105/244 272/37/244 990/98/244
f 943/13/245 940/11/245 259/11/245 260/13/245
f 930/67/246 941/97/246 286/65/246 255/67/246
f 944/43/247 942/41/247 273/41/247 274/43/247
f 945/106/248 943/13/248 260/13/248 261/15/248
f 946/77/249 944/43/249 274/43/249 275/77/249
f 947/17/250 945/106/250 261/15/250 262/17/250
f 948/81/251 946/77/251 275/77/251 276/81/251
f 949/107/252 947/17/252 262/17/252 263/19/252
f 918/80/253 948/81/253 276/81/253 277/80/253
f 920/21/254 949/107/254 263/19/254 264/21/254
f 1021/6/255 288/3/255 320/3/255 1022/6/255
f 1113/29/256 1112/27/256 299/27/256 300/29/256
f 1114/83/257 1111/78/257 313/78/257 314/83/257
f 1115/31/258 1113/29/258 300/29/258 301/31/258
f 1117/3/259 1116/2/259 287/2/259 288/3/259
f 1119/33/261 1115/31/261 301/31/261 302/33/261
f 1143/6/255 1117/3/255 288/3/255 1021/6/255
f 1122/35/263 1119/33/263 302/33/263 303/35/263
f 1123/9/264 1120/7/264 289/7/264 290/9/264
f 1125/37/266 1122/35/266 303/35/266 304/37/266
f 1126/11/267 1123/9/267 290/9/267 291/11/267
f 1127/65/268 1124/63/268 317/63/268 318/65/268
f 1142/82/269 1125/37/269 304/37/269 991/82/269
f 1129/108/270 1126/11/270 291/11/270 292/13/270
f 1116/67/271 1127/65/271 318/65/271 287/67/271
f 1131/15/273 1129/108/273 292/13/273 293/15/273
f 1133/17/275 1131/15/275 293/15/275 294/17/275
f 1135/19/277 1133/17/277 294/17/277 295/19/277
f 1136/80/278 1134/81/278 308/81/278 309/80/278
f 1137/21/279 1135/19/279 295/19/279 296/21/279
f 1138/84/280 1136/80/280 309/80/280 310/84/280
f 1139/23/281 1137/21/281 296/21/281 297/23/281
f 1140/85/282 1138/84/282 310/84/282 311/85/282
f 1141/109/283 1139/23/283 297/23/283 298/25/283
f 1110/79/284 1140/85/284 311/85/284 312/79/284
f 1112/27/285 1141/109/285 298/25/285 299/27/285
f 324/13/270 323/11/270 355/11/270 356/13/270
f 316/61/262 315/94/262 347/94/262 348/61/262
f 303/35/263 302/33/263 334/33/263 335/35/263
f 290/9/264 289/7/264 321/7/264 322/9/264
f 317/63/265 316/61/265 348/61/265 349/63/265
f 304/37/266 303/35/266 335/35/266 336/37/266
f 291/11/267 290/9/267 322/9/267 323/11/267
f 318/65/268 317/63/268 349/63/268 350/65/268
f 991/82/269 304/37/269 336/37/269 992/98/269
f 292/13/270 291/11/270 323/11/270 324/13/270
f 287/67/271 318/65/271 350/65/271 319/67/271
f 306/43/272 305/41/272 337/41/272 338/43/272
f 293/15/273 292/13/273 324/13/273 325/15/273
f 307/77/274 306/43/274 338/43/274 339/77/274
f 294/17/275 293/15/275 325/15/275 326/17/275
f 308/81/276 307/77/276 339/77/276 340/81/276
f 295/19/277 294/17/277 326/17/277 327/19/277
f 309/80/278 308/81/278 340/81/278 341/80/278
f 296/21/279 295/19/279 327/19/279 328/21/279
f 310/84/280 309/80/280 341/80/280 342/84/280
f 297/23/281 296/21/281 328/21/281 329/23/281
f 311/85/282 310/84/282 342/84/282 343/85/282
f 298/25/283 297/23/283 329/23/283 330/25/283
f 312/79/284 311/85/284 343/85/284 344/79/284
f 299/27/285 298/25/285 330/25/285 331/27/285
f 313/78/223 312/79/223 344/79/223 345/78/223
f 300/29/256 299/27/256 331/27/256 332/29/256
f 314/83/257 313/78/257 345/78/257 346/83/257
f 301/31/258 300/29/258 332/29/258 333/31/258
f 288/3/259 287/2/259 319/2/259 320/3/259
f 315/94/260 314/83/260 346/83/260 347/94/260
f 302/33/261 301/31/261 333/31/261 334/33/261
f 359/19/277 358/17/277 390/17/277 391/19/277
f 319/67/271 350/65/271 382/65/271 351/67/271
f 338/43/272 337/41/272 369/41/272 370/43/272
f 325/15/273 324/13/273 356/13/273 357/15/273
f 339/77/274 338/43/274 370/43/274 371/77/274
f 326/17/275 325/15/275 357/15/275 358/17/275
f 340/81/276 339/77/276 371/77/276 372/81/276
f 327/19/277 326/17/277 358/17/277 359/19/277
f 341/80/278 340/81/278 372/81/278 373/80/278
f 328/21/279 327/19/279 359/19/279 360/21/279
f 342/84/280 341/80/280 373/80/280 374/84/280
f 329/23/281 328/21/281 360/21/281 361/23/281
f 343/85/282 342/84/282 374/84/282 375/85/282
f 330/25/283 329/23/283 361/23/283 362/25/283
f 344/79/284 343/85/284 375/85/284 376/79/284
f 331/27/285 330/25/285 362/25/285 363/27/285
f 345/78/223 344/79/223 376/79/223 377/78/223
f 332/29/256 331/27/256 363/27/256 364/29/256
f 346/83/257 345/78/257 377/78/257 378/83/257
f 333/31/258 332/29/258 364/29/258 365/31/258
f 320/3/259 319/2/259 351/2/259 352/3/259
f 347/94/260 346/83/260 378/83/260 379/94/260
f 334/33/261 333/31/261 365/31/261 366/33/261
f 1022/6/255 320/3/255 352/3/255 1023/6/255
f 348/61/262 347/94/262 379/94/262 380/61/262
f 335/35/263 334/33/263 366/33/263 367/35/263
f 322/9/264 321/7/264 353/7/264 354/9/264
f 349/63/265 348/61/265 380/61/265 381/63/265
f 336/37/266 335/35/266 367/35/266 368/37/266
f 323/11/267 322/9/267 354/9/267 355/11/267
f 350/65/268 349/63/268 381/63/268 382/65/268
f 992/98/269 336/37/269 368/37/269 993/98/269
f 394/25/283 393/23/283 425/23/283 426/25/283
f 373/80/278 372/81/278 404/81/278 405/80/278
f 360/21/279 359/19/279 391/19/279 392/21/279
f 374/84/280 373/80/280 405/80/280 406/84/280
f 361/23/281 360/21/281 392/21/281 393/23/281
f 375/85/282 374/84/282 406/84/282 407/85/282
f 362/25/283 361/23/283 393/23/283 394/25/283
f 376/79/284 375/85/284 407/85/284 408/79/284
f 363/27/285 362/25/285 394/25/285 395/27/285
f 377/78/223 376/79/223 408/79/223 409/78/223
f 364/29/256 363/27/256 395/27/256 396/29/256
f 378/83/257 377/78/257 409/78/257 410/83/257
f 365/31/258 364/29/258 396/29/258 397/31/258
f 352/3/259 351/2/259 383/2/259 384/3/259
f 379/94/260 378/83/260 410/83/260 411/94/260
f 366/33/261 365/31/261 397/31/261 398/33/261
f 1023/6/255 352/3/255 384/3/255 1024/6/255
f 380/61/262 379/94/262 411/94/262 412/61/262
f 367/35/263 366/33/263 398/33/263 399/35/263
f 354/9/264 353/7/264 385/7/264 386/9/264
f 381/63/265 380/61/265 412/61/265 413/63/265
f 368/37/266 367/35/266 399/35/266 400/37/266
f 355/11/267 354/9/267 386/9/267 387/11/267
f 382/65/268 381/63/268 413/63/268 414/65/268
f 993/98/269 368/37/269 400/37/269 994/82/269
f 356/13/270 355/11/270 387/11/270 388/13/270
f 351/67/271 382/65/271 414/65/271 383/67/271
f 370/43/272 369/41/272 401/41/272 402/43/272
f 357/15/273 356/13/273 388/13/273 389/15/273
f 371/77/274 370/43/274 402/43/274 403/77/274
f 358/17/275 357/15/275 389/15/275 390/17/275
f 372/81/276 371/77/276 403/77/276 404/81/276
f 429/31/258 428/29/258 460/29/258 461/31/258
f 408/79/286 407/85/286 439/85/286 440/79/286
f 395/27/285 394/25/285 426/25/285 427/27/285
f 409/78/287 408/79/287 440/79/287 441/78/287
f 396/29/256 395/27/256 427/27/256 428/29/256
f 410/83/288 409/78/288 441/78/288 442/83/288
f 397/31/258 396/29/258 428/29/258 429/31/258
f 384/3/259 383/2/259 415/2/259 416/3/259
f 411/94/289 410/83/289 442/83/289 443/94/289
f 398/33/261 397/31/261 429/31/261 430/33/261
f 1024/6/255 384/3/255 416/3/255 1025/6/255
f 412/61/290 411/94/290 443/94/290 444/61/290
f 399/35/263 398/33/263 430/33/263 431/35/263
f 386/9/264 385/7/264 417/7/264 418/9/264
f 413/63/291 412/61/291 444/61/291 445/63/291
f 400/37/266 399/35/266 431/35/266 432/37/266
f 387/11/267 386/9/267 418/9/267 419/11/267
f 414/65/292 413/63/292 445/63/292 446/65/292
f 994/82/293 400/37/293 432/37/293 995/110/293
f 388/13/270 387/11/270 419/11/270 420/13/270
f 383/67/271 414/65/271 446/65/271 415/67/271
f 402/43/294 401/41/294 433/41/294 434/43/294
f 389/15/273 388/13/273 420/13/273 421/15/273
f 403/77/295 402/43/295 434/43/295 435/77/295
f 390/17/275 389/15/275 421/15/275 422/17/275
f 404/81/296 403/77/296 435/77/296 436/81/296
f 391/19/277 390/17/277 422/17/277 423/19/277
f 405/80/297 404/81/297 436/81/297 437/80/297
f 392/21/279 391/19/279 423/19/279 424/21/279
f 406/84/298 405/80/298 437/80/298 438/84/298
f 393/23/281 392/21/281 424/21/281 425/23/281
f 407/85/299 406/84/299 438/84/299 439/85/299
f 464/37/266 463/35/266 495/35/266 496/37/266
f 416/3/259 415/2/259 447/2/259 448/3/259
f 443/94/300 442/83/300 474/83/300 475/94/300
f 430/33/261 429/31/261 461/31/261 462/33/261
f 1025/6/255 416/3/255 448/3/255 1026/6/255
f 444/61/301 443/94/301 475/94/301 476/61/301
f 431/35/263 430/33/263 462/33/263 463/35/263
f 418/9/264 417/7/264 449/7/264 450/9/264
f 445/63/302 444/61/302 476/61/302 477/63/302
f 432/37/266 431/35/266 463/35/266 464/37/266
f 419/11/267 418/9/267 450/9/267 451/11/267
f 446/65/303 445/63/303 477/63/303 478/65/303
f 995/110/304 432/37/304 464/37/304 996/98/304
f 420/13/270 419/11/270 451/11/270 452/13/270
f 415/67/271 446/65/271 478/65/271 447/67/271
f 434/43/305 433/41/305 465/41/305 466/43/305
f 421/15/273 420/13/273 452/13/273 453/15/273
f 435/77/306 434/43/306 466/43/306 467/77/306
f 422/17/275 421/15/275 453/15/275 454/17/275
f 436/81/307 435/77/307 467/77/307 468/81/307
f 423/19/277 422/17/277 454/17/277 455/19/277
f 437/80/308 436/81/308 468/81/308 469/80/308
f 424/21/279 423/19/279 455/19/279 456/21/279
f 438/84/309 437/80/309 469/80/309 470/84/309
f 425/23/281 424/21/281 456/21/281 457/23/281
f 439/85/310 438/84/310 470/84/310 471/85/310
f 426/25/283 425/23/283 457/23/283 458/25/283
f 440/79/311 439/85/311 471/85/311 472/79/311
f 427/27/285 426/25/285 458/25/285 459/27/285
f 441/78/312 440/79/312 472/79/312 473/78/312
f 428/29/256 427/27/256 459/27/256 460/29/256
f 442/83/313 441/78/313 473/78/313 474/83/313
f 499/77/314 498/43/314 530/43/314 531/77/314
f 451/11/267 450/9/267 482/9/267 483/11/267
f 478/65/315 477/63/315 509/63/315 510/65/315
f 996/98/316 464/37/316 496/37/316 997/82/316
f 452/13/270 451/11/270 483/11/270 484/13/270
f 447/67/271 478/65/271 510/65/271 479/67/271
f 466/43/317 465/41/317 497/41/317 498/43/317
f 453/15/273 452/13/273 484/13/273 485/15/273
f 467/77/318 466/43/318 498/43/318 499/77/318
f 454/17/275 453/15/275 485/15/275 486/17/275
f 468/81/319 467/77/319 499/77/319 500/81/319
f 455/19/277 454/17/277 486/17/277 487/19/277
f 469/80/320 468/81/320 500/81/320 501/80/320
f 456/21/279 455/19/279 487/19/279 488/21/279
f 470/84/321 469/80/321 501/80/321 502/84/321
f 457/23/281 456/21/281 488/21/281 489/23/281
f 471/85/322 470/84/322 502/84/322 503/85/322
f 458/25/283 457/23/283 489/23/283 490/25/283
f 472/79/323 471/85/323 503/85/323 504/79/323
f 459/27/285 458/25/285 490/25/285 491/27/285
f 473/78/324 472/79/324 504/79/324 505/78/324
f 460/29/256 459/27/256 491/27/256 492/29/256
f 474/83/325 473/78/325 505/78/325 506/83/325
f 461/31/258 460/29/258 492/29/258 493/31/258
f 448/3/259 447/2/259 479/2/259 480/3/259
f 475/94/326 474/83/326 506/83/326 507/94/326
f 462/33/261 461/31/261 493/31/261 494/33/261
f 1026/6/255 448/3/255 480/3/255 1027/111/255
f 476/61/327 475/94/327 507/94/327 508/61/327
f 463/35/263 462/33/263 494/33/263 495/35/263
f 450/9/264 449/7/264 481/7/264 482/9/264
f 477/63/328 476/61/328 508/61/328 509/63/328
f 534/84/329 533/80/329 565/80/329 566/84/329
f 486/17/275 485/15/275 517/15/275 518/17/275
f 500/81/330 499/77/330 531/77/330 532/81/330
f 487/19/277 486/17/277 518/17/277 519/19/277
f 501/80/331 500/81/331 532/81/331 533/80/331
f 488/21/279 487/19/279 519/19/279 520/21/279
f 502/84/332 501/80/332 533/80/332 534/84/332
f 489/23/281 488/21/281 520/21/281 521/23/281
f 503/85/333 502/84/333 534/84/333 535/85/333
f 490/25/283 489/23/283 521/23/283 522/25/283
f 504/79/334 503/85/334 535/85/334 536/79/334
f 491/27/285 490/25/285 522/25/285 523/27/285
f 505/78/335 504/79/335 536/79/335 537/78/335
f 492/29/256 491/27/256 523/27/256 524/29/256
f 506/83/336 505/78/336 537/78/336 538/83/336
f 493/31/258 492/29/258 524/29/258 525/31/258
f 480/3/259 479/2/259 511/2/259 512/3/259
f 507/94/337 506/83/337 538/83/337 539/94/337
f 494/33/261 493/31/261 525/31/261 526/33/261
f 1027/111/255 480/3/255 512/3/255 1028/6/255
f 508/61/338 507/94/338 539/94/338 540/61/338
f 495/35/263 494/33/263 526/33/263 527/35/263
f 482/9/264 481/7/264 513/7/264 514/9/264
f 509/63/339 508/61/339 540/61/339 541/63/339
f 496/37/266 495/35/266 527/35/266 528/37/266
f 483/11/267 482/9/267 514/9/267 515/11/267
f 510/65/340 509/63/340 541/63/340 542/65/340
f 997/82/341 496/37/341 528/37/341 998/98/341
f 484/13/270 483/11/270 515/11/270 516/13/270
f 479/67/271 510/65/271 542/65/271 511/67/271
f 498/43/342 497/41/342 529/41/342 530/43/342
f 485/15/273 484/13/273 516/13/273 517/15/273
f 1077/78/343 1076/79/343 600/79/343 601/78/343
f 521/23/281 520/21/281 552/21/281 553/23/281
f 535/85/344 534/84/344 566/84/344 567/85/344
f 522/25/283 521/23/283 553/23/283 554/25/283
f 536/79/345 535/85/345 567/85/345 568/79/345
f 523/27/285 522/25/285 554/25/285 555/27/285
f 537/78/343 536/79/343 568/79/343 569/78/343
f 524/29/256 523/27/256 555/27/256 556/29/256
f 538/83/346 537/78/346 569/78/346 570/83/346
f 525/31/258 524/29/258 556/29/258 557/31/258
f 512/3/259 511/2/259 543/2/259 544/3/259
f 539/94/347 538/83/347 570/83/347 571/94/347
f 526/33/261 525/31/261 557/31/261 558/33/261
f 1028/6/255 512/3/255 544/3/255 1029/6/255
f 540/61/348 539/94/348 571/94/348 572/61/348
f 527/35/263 526/33/263 558/33/263 559/35/263
f 514/9/264 513/7/264 545/7/264 546/9/264
f 541/63/349 540/61/349 572/61/349 573/63/349
f 528/37/266 527/35/266 559/35/266 560/37/266
f 515/11/267 514/9/267 546/9/267 547/11/267
f 542/65/350 541/63/350 573/63/350 574/65/350
f 998/98/351 528/37/351 560/37/351 999/82/351
f 516/13/270 515/11/270 547/11/270 548/13/270
f 511/67/271 542/65/271 574/65/271 543/67/271
f 530/43/352 529/41/352 561/41/352 562/43/352
f 517/15/273 516/13/273 548/13/273 549/15/273
f 531/77/353 530/43/353 562/43/353 563/77/353
f 518/17/275 517/15/275 549/15/275 550/17/275
f 532/81/354 531/77/354 563/77/354 564/81/354
f 519/19/277 518/17/277 550/17/277 551/19/277
f 533/80/355 532/81/355 564/81/355 565/80/355
f 520/21/279 519/19/279 551/19/279 552/21/279
f 1043/61/356 1042/94/356 635/94/356 636/61/356
f 1079/29/256 1078/27/256 587/27/256 588/29/256
f 1080/83/346 1077/78/346 601/78/346 602/83/346
f 1081/31/258 1079/29/258 588/29/258 589/31/258
f 1083/3/259 1082/2/259 575/2/259 576/3/259
f 1084/112/347 1080/83/347 602/83/347 603/94/347
f 1085/33/261 1081/31/261 589/31/261 590/33/261
f 1109/111/255 1083/3/255 576/3/255 1030/111/255
f 1087/61/348 1084/112/348 603/94/348 604/61/348
f 1088/35/263 1085/33/263 590/33/263 591/35/263
f 1089/113/264 1086/7/264 577/7/264 578/9/264
f 1090/63/349 1087/61/349 604/61/349 605/63/349
f 1092/11/267 1089/113/267 578/9/267 579/11/267
f 1093/65/350 1090/63/350 605/63/350 606/65/350
f 1095/13/270 1092/11/270 579/11/270 580/13/270
f 1082/67/271 1093/65/271 606/65/271 575/67/271
f 1097/15/273 1095/13/273 580/13/273 581/15/273
f 1099/17/275 1097/15/275 581/15/275 582/17/275
f 1101/19/277 1099/17/277 582/17/277 583/19/277
f 1103/21/279 1101/19/279 583/19/279 584/21/279
f 1104/84/329 1102/80/329 597/80/329 598/84/329
f 1105/23/281 1103/21/281 584/21/281 585/23/281
f 1106/85/344 1104/84/344 598/84/344 599/85/344
f 1107/25/283 1105/23/283 585/23/283 586/25/283
f 1076/79/345 1106/85/345 599/85/345 600/79/345
f 1078/27/285 1107/25/285 586/25/285 587/27/285
f 607/67/357 638/65/357 670/65/357 639/67/357
f 1045/35/358 1044/33/358 622/33/358 623/35/358
f 1047/9/359 1046/7/359 609/7/359 610/9/359
f 1048/63/360 1043/61/360 636/61/360 637/63/360
f 1049/117/361 1045/35/361 623/35/361 624/37/361
f 1050/11/362 1047/9/362 610/9/362 611/11/362
f 1051/97/363 1048/63/363 637/63/363 638/65/363
f 1074/82/364 1049/117/364 624/37/364 1001/118/364
f 1053/119/365 1050/11/365 611/11/365 612/13/365
f 1054/67/366 1051/97/366 638/65/366 607/67/366
f 1055/43/367 1052/41/367 625/41/367 626/43/367
f 1056/120/368 1053/119/368 612/13/368 613/15/368
f 1057/77/369 1055/43/369 626/43/369 627/77/369
f 1058/17/370 1056/120/370 613/15/370 614/17/370
f 1059/121/371 1057/77/371 627/77/371 628/81/371
f 1060/19/372 1058/17/372 614/17/372 615/19/372
f 1061/80/373 1059/121/373 628/81/373 629/80/373
f 1062/21/374 1060/19/374 615/19/374 616/21/374
f 1063/84/375 1061/80/375 629/80/375 630/84/375
f 1064/23/376 1062/21/376 616/21/376 617/23/376
f 1065/85/377 1063/84/377 630/84/377 631/85/377
f 1066/92/378 1064/23/378 617/23/378 618/25/378
f 1067/79/379 1065/85/379 631/85/379 632/79/379
f 1068/27/380 1066/92/380 618/25/380 619/27/380
f 1069/78/381 1067/79/381 632/79/381 633/78/381
f 1070/122/382 1068/27/382 619/27/382 620/29/382
f 1071/83/383 1069/78/383 633/78/383 634/83/383
f 1072/123/384 1070/122/384 620/29/384 621/31/384
f 1073/102/385 1054/2/385 607/2/385 608/3/385
f 1042/94/386 1071/83/386 634/83/386 635/94/386
f 1044/33/387 1072/123/387 621/31/387 622/33/387
f 1075/6/388 1073/102/388 608/3/388 1031/6/388
f 1032/6/389 640/3/389 672/3/389 1033/124/389
f 626/43/390 625/41/390 657/41/390 658/43/390
f 613/15/391 612/13/391 644/13/391 645/15/391
f 627/77/392 626/43/392 658/43/392 659/77/392
f 614/17/393 613/15/393 645/15/393 646/17/393
f 628/81/394 627/77/394 659/77/394 660/81/394
f 615/19/395 614/17/395 646/17/395 647/19/395
f 629/80/396 628/81/396 660/81/396 661/80/396
f 616/21/397 615/19/397 647/19/397 648/21/397
f 630/84/398 629/80/398 661/80/398 662/84/398
f 617/23/399 616/21/399 648/21/399 649/23/399
f 631/85/400 630/84/400 662/84/400 663/85/400
f 618/25/401 617/23/401 649/23/401 650/25/401
f 632/79/402 631/85/402 663/85/402 664/79/402
f 619/27/403 618/25/403 650/25/403 651/27/403
f 633/78/404 632/79/404 664/79/404 665/78/404
f 620/29/405 619/27/405 651/27/405 652/29/405
f 634/83/406 633/78/406 665/78/406 666/83/406
f 621/31/407 620/29/407 652/29/407 653/31/407
f 608/3/408 607/2/408 639/2/408 640/3/408
f 635/94/409 634/83/409 666/83/409 667/94/409
f 622/33/410 621/31/410 653/31/410 654/33/410
f 1031/6/411 608/3/411 640/3/411 1032/6/411
f 636/61/412 635/94/412 667/94/412 668/61/412
f 623/35/413 622/33/413 654/33/413 655/35/413
f 610/9/414 609/7/414 641/7/414 642/9/414
f 637/63/415 636/61/415 668/61/415 669/63/415
f 624/37/416 623/35/416 655/35/416 656/37/416
f 611/11/417 610/9/417 642/9/417 643/11/417
f 638/65/418 637/63/418 669/63/418 670/65/418
f 1001/118/419 624/37/419 656/37/419 1002/82/419
f 612/13/420 611/11/420 643/11/420 644/13/420
f 676/13/421 675/11/421 707/11/421 708/13/421
f 668/61/422 667/94/422 699/94/422 700/61/422
f 655/35/423 654/33/423 686/33/423 687/35/423
f 642/9/424 641/7/424 673/7/424 674/9/424
f 669/63/425 668/61/425 700/61/425 701/63/425
f 656/37/426 655/35/426 687/35/426 688/37/426
f 643/11/427 642/9/427 674/9/427 675/11/427
f 670/65/428 669/63/428 701/63/428 702/65/428
f 1002/82/429 656/37/429 688/37/429 1003/82/429
f 644/13/430 643/11/430 675/11/430 676/13/430
f 639/67/431 670/65/431 702/65/431 671/67/431
f 658/43/432 657/41/432 689/41/432 690/43/432
f 645/15/433 644/13/433 676/13/433 677/15/433
f 659/77/434 658/43/434 690/43/434 691/77/434
f 646/17/435 645/15/435 677/15/435 678/17/435
f 660/81/436 659/77/436 691/77/436 692/81/436
f 647/19/437 646/17/437 678/17/437 679/19/437
f 661/80/438 660/81/438 692/81/438 693/80/438
f 648/21/439 647/19/439 679/19/439 680/21/439
f 662/84/440 661/80/440 693/80/440 694/84/440
f 649/23/441 648/21/441 680/21/441 681/23/441
f 663/85/442 662/84/442 694/84/442 695/85/442
f 650/25/443 649/23/443 681/23/443 682/25/443
f 664/79/444 663/85/444 695/85/444 696/79/444
f 651/27/445 650/25/445 682/25/445 683/27/445
f 665/78/446 664/79/446 696/79/446 697/78/446
f 652/29/447 651/27/447 683/27/447 684/29/447
f 666/83/448 665/78/448 697/78/448 698/83/448
f 653/31/449 652/29/449 684/29/449 685/31/449
f 640/3/450 639/2/450 671/2/450 672/3/450
f 667/94/451 666/83/451 698/83/451 699/94/451
f 654/33/452 653/31/452 685/31/452 686/33/452
f 711/19/453 710/17/453 742/17/453 743/19/453
f 671/67/454 702/65/454 734/65/454 703/67/454
f 690/43/455 689/41/455 721/41/455 722/43/455
f 677/15/456 676/13/456 708/13/456 709/15/456
f 691/77/457 690/43/457 722/43/457 723/77/457
f 678/17/458 677/15/458 709/15/458 710/17/458
f 692/81/459 691/77/459 723/77/459 724/81/459
f 679/19/460 678/17/460 710/17/460 711/19/460
f 693/80/461 692/81/461 724/81/461 725/80/461
f 680/21/462 679/19/462 711/19/462 712/21/462
f 694/84/463 693/80/463 725/80/463 726/84/463
f 681/23/464 680/21/464 712/21/464 713/23/464
f 695/85/465 694/84/465 726/84/465 727/85/465
f 682/25/466 681/23/466 713/23/466 714/25/466
f 696/79/467 695/85/467 727/85/467 728/79/467
f 683/27/468 682/25/468 714/25/468 715/27/468
f 697/78/469 696/79/469 728/79/469 729/78/469
f 684/29/470 683/27/470 715/27/470 716/29/470
f 698/83/471 697/78/471 729/78/471 730/83/471
f 685/31/472 684/29/472 716/29/472 717/31/472
f 672/3/473 671/2/473 703/2/473 704/3/473
f 699/94/474 698/83/474 730/83/474 731/94/474
f 686/33/475 685/31/475 717/31/475 718/33/475
f 1033/124/476 672/3/476 704/3/476 1034/6/476
f 700/61/477 699/94/477 731/94/477 732/61/477
f 687/35/478 686/33/478 718/33/478 719/35/478
f 674/9/479 673/7/479 705/7/479 706/9/479
f 701/63/480 700/61/480 732/61/480 733/63/480
f 688/37/481 687/35/481 719/35/481 720/37/481
f 675/11/482 674/9/482 706/9/482 707/11/482
f 702/65/483 701/63/483 733/63/483 734/65/483
f 1003/82/484 688/37/484 720/37/484 1004/110/484
f 746/25/485 745/23/485 777/23/485 778/25/485
f 725/80/486 724/81/486 756/81/486 757/80/486
f 712/21/487 711/19/487 743/19/487 744/21/487
f 726/84/488 725/80/488 757/80/488 758/84/488
f 713/23/489 712/21/489 744/21/489 745/23/489
f 727/85/490 726/84/490 758/84/490 759/85/490
f 714/25/491 713/23/491 745/23/491 746/25/491
f 728/79/492 727/85/492 759/85/492 760/79/492
f 715/27/493 714/25/493 746/25/493 747/27/493
f 729/78/494 728/79/494 760/79/494 761/78/494
f 716/29/495 715/27/495 747/27/495 748/29/495
f 730/83/496 729/78/496 761/78/496 762/83/496
f 717/31/497 716/29/497 748/29/497 749/31/497
f 704/3/498 703/2/498 735/2/498 736/3/498
f 731/94/499 730/83/499 762/83/499 763/94/499
f 718/33/500 717/31/500 749/31/500 750/33/500
f 1034/6/501 704/3/501 736/3/501 1035/125/501
f 732/61/502 731/94/502 763/94/502 764/61/502
f 719/35/503 718/33/503 750/33/503 751/35/503
f 706/9/504 705/7/504 737/7/504 738/9/504
f 733/63/505 732/61/505 764/61/505 765/63/505
f 720/37/506 719/35/506 751/35/506 752/37/506
f 707/11/507 706/9/507 738/9/507 739/11/507
f 734/65/508 733/63/508 765/63/508 766/65/508
f 1004/110/509 720/37/509 752/37/509 1005/82/509
f 708/13/510 707/11/510 739/11/510 740/13/510
f 703/67/511 734/65/511 766/65/511 735/67/511
f 722/43/512 721/41/512 753/41/512 754/43/512
f 709/15/513 708/13/513 740/13/513 741/15/513
f 723/77/514 722/43/514 754/43/514 755/77/514
f 710/17/515 709/15/515 741/15/515 742/17/515
f 724/81/516 723/77/516 755/77/516 756/81/516
f 781/31/517 780/29/517 812/29/517 813/31/517
f 760/79/518 759/85/518 791/85/518 792/79/518
f 747/27/519 746/25/519 778/25/519 779/27/519
f 761/78/520 760/79/520 792/79/520 793/78/520
f 748/29/521 747/27/521 779/27/521 780/29/521
f 762/83/522 761/78/522 793/78/522 794/83/522
f 749/31/523 748/29/523 780/29/523 781/31/523
f 736/3/524 735/2/524 767/2/524 768/3/524
f 763/94/525 762/83/525 794/83/525 795/94/525
f 750/33/526 749/31/526 781/31/526 782/33/526
f 1035/125/527 736/3/527 768/3/527 1036/6/527
f 764/61/528 763/94/528 795/94/528 796/61/528
f 751/35/529 750/33/529 782/33/529 783/35/529
f 738/9/530 737/7/530 769/7/530 770/9/530
f 765/63/531 764/61/531 796/61/531 797/63/531
f 752/37/532 751/35/532 783/35/532 784/37/532
f 739/11/533 738/9/533 770/9/533 771/11/533
f 766/65/534 765/63/534 797/63/534 798/65/534
f 1005/82/535 752/37/535 784/37/535 1006/82/535
f 740/13/536 739/11/536 771/11/536 772/13/536
f 735/67/537 766/65/537 798/65/537 767/67/537
f 754/43/538 753/41/538 785/41/538 786/43/538
f 741/15/539 740/13/539 772/13/539 773/15/539
f 755/77/540 754/43/540 786/43/540 787/77/540
f 742/17/541 741/15/541 773/15/541 774/17/541
f 756/81/542 755/77/542 787/77/542 788/81/542
f 743/19/543 742/17/543 774/17/543 775/19/543
f 757/80/544 756/81/544 788/81/544 789/80/544
f 744/21/545 743/19/545 775/19/545 776/21/545
f 758/84/546 757/80/546 789/80/546 790/84/546
f 745/23/547 744/21/547 776/21/547 777/23/547
f 759/85/548 758/84/548 790/84/548 791/85/548
f 816/37/549 815/35/549 847/35/549 848/37/549
f 768/3/550 767/2/550 799/2/550 800/3/550
f 795/94/551 794/83/551 826/83/551 827/94/551
f 782/33/552 781/31/552 813/31/552 814/33/552
f 1036/6/553 768/3/553 800/3/553 1037/124/553
f 796/61/554 795/94/554 827/94/554 828/61/554
f 783/35/555 782/33/555 814/33/555 815/35/555
f 770/9/556 769/7/556 801/7/556 802/9/556
f 797/63/557 796/61/557 828/61/557 829/63/557
f 784/37/558 783/35/558 815/35/558 816/37/558
f 771/11/559 770/9/559 802/9/559 803/11/559
f 798/65/560 797/63/560 829/63/560 830/65/560
f 1006/82/561 784/37/561 816/37/561 1007/98/561
f 772/13/562 771/11/562 803/11/562 804/13/562
f 767/67/563 798/65/563 830/65/563 799/67/563
f 786/43/564 785/41/564 817/41/564 818/43/564
f 773/15/565 772/13/565 804/13/565 805/15/565
f 787/77/566 786/43/566 818/43/566 819/77/566
f 774/17/567 773/15/567 805/15/567 806/17/567
f 788/81/568 787/77/568 819/77/568 820/81/568
f 775/19/569 774/17/569 806/17/569 807/19/569
f 789/80/570 788/81/570 820/81/570 821/80/570
f 776/21/571 775/19/571 807/19/571 808/21/571
f 790/84/572 789/80/572 821/80/572 822/84/572
f 777/23/573 776/21/573 808/21/573 809/23/573
f 791/85/574 790/84/574 822/84/574 823/85/574
f 778/25/575 777/23/575 809/23/575 810/25/575
f 792/79/576 791/85/576 823/85/576 824/79/576
f 779/27/577 778/25/577 810/25/577 811/27/577
f 793/78/578 792/79/578 824/79/578 825/78/578
f 780/29/579 779/27/579 811/27/579 812/29/579
f 794/83/580 793/78/580 825/78/580 826/83/580
f 860/61/581 859/94/581 891/94/581 892/61/581
f 803/11/582 802/9/582 834/9/582 835/11/582
f 830/65/583 829/63/583 861/63/583 862/65/583
f 1007/98/584 816/37/584 848/37/584 1008/82/584
f 804/13/585 803/11/585 835/11/585 836/13/585
f 799/67/586 830/65/586 862/65/586 831/67/586
f 818/43/587 817/41/587 849/41/587 850/43/587
f 805/15/588 804/13/588 836/13/588 837/15/588
f 819/77/589 818/43/589 850/43/589 851/77/589
f 806/17/590 805/15/590 837/15/590 838/17/590
f 820/81/591 819/77/591 851/77/591 852/81/591
f 807/19/592 806/17/592 838/17/592 839/19/592
f 821/80/593 820/81/593 852/81/593 853/80/593
f 808/21/594 807/19/594 839/19/594 840/21/594
f 822/84/595 821/80/595 853/80/595 854/84/595
f 809/23/596 808/21/596 840/21/596 841/23/596
f 823/85/597 822/84/597 854/84/597 855/85/597
f 810/25/598 809/23/598 841/23/598 842/25/598
f 824/79/599 823/85/599 855/85/599 856/79/599
f 811/27/600 810/25/600 842/25/600 843/27/600
f 825/78/601 824/79/601 856/79/601 857/78/601
f 812/29/602 811/27/602 843/27/602 844/29/602
f 826/83/603 825/78/603 857/78/603 858/83/603
f 813/31/604 812/29/604 844/29/604 845/31/604
f 800/3/605 799/2/605 831/2/605 832/3/605
f 827/94/606 826/83/606 858/83/606 859/94/606
f 814/33/607 813/31/607 845/31/607 846/33/607
f 1037/124/608 800/3/608 832/3/608 1038/95/608
f 828/61/609 827/94/609 859/94/609 860/61/609
f 815/35/610 814/33/610 846/33/610 847/35/610
f 802/9/611 801/7/611 833/7/611 834/9/611
f 829/63/612 828/61/612 860/61/612 861/63/612
f 864/126/129 863/127/129 894/128/129 893/129/129 892/130/129 891/131/129 890/132/129 889/133/129 888/134/129 887/135/129 886/136/129 885/137/129 884/138/129 883/139/129 882/140/129 881/141/129 1173/142/129 1009/143/129 880/144/129 879/145/129 878/146/129 877/147/129 876/148/129 875/149/129 874/150/129 873/151/129 872/152/129 871/153/129 870/154/129 869/155/129 868/156/129 867/157/129 866/158/129 865/159/129 1039/160/129
f 847/35/613 846/33/613 878/33/613 879/35/613
f 861/63/614 860/61/614 892/61/614 893/63/614
f 848/37/615 847/35/615 879/35/615 880/37/615
f 862/65/616 861/63/616 893/63/616 894/65/616
f 1008/82/617 848/37/617 880/37/617 1009/118/617
f 831/67/618 862/65/618 894/65/618 863/67/618
f 850/43/619 849/41/619 881/41/619 882/43/619
f 851/77/620 850/43/620 882/43/620 883/77/620
f 838/17/621 837/15/621 869/15/621 870/17/621
f 852/81/622 851/77/622 883/77/622 884/81/622
f 839/19/623 838/17/623 870/17/623 871/19/623
f 853/80/624 852/81/624 884/81/624 885/80/624
f 840/21/625 839/19/625 871/19/625 872/21/625
f 854/84/626 853/80/626 885/80/626 886/84/626
f 832/3/627 831/2/627 863/2/627 864/3/627
f 841/23/628 840/21/628 872/21/628 873/23/628
f 855/85/629 854/84/629 886/84/629 887/85/629
f 842/25/630 841/23/630 873/23/630 874/25/630
f 1038/95/631 832/3/631 864/3/631 1039/6/631
f 856/79/632 855/85/632 887/85/632 888/79/632
f 843/27/633 842/25/633 874/25/633 875/27/633
f 834/9/634 833/7/634 865/7/634 866/9/634
f 857/78/635 856/79/635 888/79/635 889/78/635
f 844/29/636 843/27/636 875/27/636 876/29/636
f 835/11/637 834/9/637 866/9/637 867/11/637
f 858/83/638 857/78/638 889/78/638 890/83/638
f 845/31/639 844/29/639 876/29/639 877/31/639
f 836/13/640 835/11/640 867/11/640 868/13/640
f 859/94/641 858/83/641 890/83/641 891/94/641
f 846/33/642 845/31/642 877/31/642 878/33/642
f 837/15/643 836/13/643 868/13/643 869/15/643
f 899/161/21 905/87/21 43/81/21
f 901/162/22 899/161/22 43/81/22 45/80/22
f 896/77/644 897/43/644 210/43/644 211/77/644
f 897/43/644 903/45/644 40/43/644
f 904/163/23 901/162/23 45/80/23 47/84/23
f 895/164/645 904/163/645 47/84/645 49/85/645
f 910/165/25 908/166/25 53/78/25 55/83/25
f 907/94/646 917/167/646 914/168/646 55/83/646 218/83/646 219/94/646
f 914/168/26 910/165/26 55/83/26
f 916/169/647 895/164/647 49/85/647 51/79/647
f 908/166/24 916/169/24 51/79/24 53/78/24
f 907/94/183 219/94/183 220/61/183 912/61/183
f 232/21/254 231/19/254 949/107/254 920/21/254
f 245/80/253 244/81/253 948/81/253 918/80/253
f 231/19/252 230/17/252 947/17/252 949/107/252
f 244/81/251 243/77/251 946/77/251 948/81/251
f 230/17/250 229/15/250 945/106/250 947/17/250
f 243/77/249 242/43/249 944/43/249 946/77/249
f 229/15/248 228/13/248 943/13/248 945/106/248
f 242/43/247 241/41/247 942/41/247 944/43/247
f 223/67/246 254/65/246 941/97/246 930/67/246
f 228/13/245 227/11/245 940/11/245 943/13/245
f 254/65/649 253/63/649 938/63/649 941/97/649
f 227/11/242 226/9/242 937/9/242 940/11/242
f 253/63/240 252/61/240 935/61/240 938/63/240
f 226/9/650 225/7/650 934/7/650 937/9/650
f 252/61/237 251/94/237 932/94/237 935/61/237
f 1019/6/236 224/3/236 931/102/236 1040/86/236
f 238/33/235 237/31/235 929/31/235 933/103/235
f 251/94/234 250/83/234 928/83/234 932/94/234
f 224/3/233 223/2/233 930/2/233 931/102/233
f 237/31/232 236/29/232 927/29/232 929/31/232
f 250/83/231 249/78/231 926/101/231 928/83/231
f 236/29/230 235/27/230 925/100/230 927/29/230
f 249/78/229 248/79/229 924/79/229 926/101/229
f 235/27/228 234/25/228 923/25/228 925/100/228
f 248/79/227 247/85/227 922/85/227 924/79/227
f 234/25/226 233/23/226 921/99/226 923/25/226
f 247/85/225 246/84/225 919/89/225 922/85/225
f 233/23/224 232/21/224 920/21/224 921/99/224
f 246/84/191 245/80/191 918/80/191 919/89/191
f 197/15/222 196/13/222 981/13/222 952/15/222
f 210/43/221 209/41/221 980/41/221 950/43/221
f 191/67/220 222/65/220 979/97/220 968/67/220
f 196/13/219 195/11/219 978/11/219 981/13/219
f 988/82/651 208/37/651 977/37/651 1011/82/651
f 222/65/652 221/63/652 976/63/652 979/97/652
f 195/11/216 194/9/216 975/9/216 978/11/216
f 208/37/215 207/35/215 974/35/215 977/37/215
f 221/63/214 220/61/214 973/96/214 976/63/214
f 194/9/213 193/7/213 972/7/213 975/9/213
f 207/35/212 206/33/212 971/33/212 974/35/212
f 220/61/211 219/94/211 970/94/211 973/96/211
f 1018/86/210 192/3/210 969/3/210 1041/95/210
f 206/33/209 205/31/209 967/31/209 971/33/209
f 219/94/208 218/83/208 966/93/208 970/94/208
f 192/3/207 191/2/207 968/2/207 969/3/207
f 205/31/206 204/29/206 965/29/206 967/31/206
f 218/83/205 217/78/205 964/78/205 966/93/205
f 204/29/204 203/27/204 963/27/204 965/29/204
f 217/78/203 216/79/203 962/79/203 964/78/203
f 203/27/202 202/25/202 961/92/202 963/27/202
f 216/79/201 215/85/201 960/91/201 962/79/201
f 202/25/200 201/23/200 959/23/200 961/92/200
f 215/85/199 214/84/199 958/84/199 960/91/199
f 201/23/198 200/21/198 957/90/198 959/23/198
f 214/84/197 213/80/197 956/80/197 958/84/197
f 200/21/196 199/19/196 955/19/196 957/90/196
f 213/80/195 212/81/195 954/81/195 956/80/195
f 199/19/194 198/17/194 953/17/194 955/19/194
f 212/81/193 211/77/193 951/76/193 954/81/193
f 198/17/192 197/15/192 952/15/192 953/17/192
f 211/77/161 210/43/161 950/43/161 951/76/161
f 1152/170/653 988/82/653 1011/82/653 1150/170/653
f 1153/170/654 989/98/654 1010/98/654 1149/170/654
f 1172/170/617 1008/82/617 1009/118/617 1173/40/617
f 1171/170/655 1007/98/655 1008/82/655 1172/170/655
f 1170/170/561 1006/82/561 1007/98/561 1171/170/561
f 1169/170/535 1005/82/535 1006/82/535 1170/170/535
f 1168/171/509 1004/110/509 1005/82/509 1169/170/509
f 1167/170/484 1003/82/484 1004/110/484 1168/171/484
f 1166/170/429 1002/82/429 1003/82/429 1167/170/429
f 1165/170/419 1001/118/419 1002/82/419 1166/170/419
f 1174/170/656 1074/82/656 1001/118/656 1165/170/656
f 1162/173/351 998/98/351 999/82/351 1163/174/351
f 1161/170/657 997/82/657 998/98/657 1162/173/657
f 1160/170/658 996/98/658 997/82/658 1161/170/658
f 1159/170/659 995/110/659 996/98/659 1160/170/659
f 1158/170/660 994/82/660 995/110/660 1159/170/660
f 1157/173/269 993/98/269 994/82/269 1158/170/269
f 1156/170/269 992/98/269 993/98/269 1157/173/269
f 1155/173/269 991/82/269 992/98/269 1156/170/269
f 1176/170/269 1142/82/269 991/82/269 1155/173/269
f 1149/170/661 1010/98/661 990/98/661 1154/170/661
f 1150/170/662 1011/82/662 989/98/662 1153/170/662
f 1151/40/169 983/82/169 988/82/169 1152/170/169
f 144/38/663 986/175/663 987/176/663 176/38/663
f 112/38/664 985/177/664 986/175/664 144/38/664
f 80/38/665 984/178/665 985/177/665 112/38/665
f 35/38/35 982/179/35 984/178/35 80/38/35
f 35/38/666 36/37/666 983/82/666 982/179/666
f 193/7/210 1018/86/210 1041/95/210 972/7/210
f 225/7/236 1019/6/236 1040/86/236 934/7/236
f 833/7/667 1038/95/667 1039/6/667 865/7/667
f 801/7/608 1037/124/608 1038/95/608 833/7/608
f 769/7/553 1036/6/553 1037/124/553 801/7/553
f 737/7/527 1035/125/527 1036/6/527 769/7/527
f 705/7/501 1034/6/501 1035/125/501 737/7/501
f 673/7/476 1033/124/476 1034/6/476 705/7/476
f 609/7/411 1031/6/411 1032/6/411 641/7/411
f 641/7/389 1032/6/389 1033/124/389 673/7/389
f 1046/7/388 1075/6/388 1031/6/388 609/7/388
f 1086/7/255 1109/111/255 1030/111/255 577/7/255
f 513/7/255 1028/6/255 1029/6/255 545/7/255
f 481/7/255 1027/111/255 1028/6/255 513/7/255
f 449/7/255 1026/6/255 1027/111/255 481/7/255
f 417/7/255 1025/6/255 1026/6/255 449/7/255
f 385/7/255 1024/6/255 1025/6/255 417/7/255
f 353/7/255 1023/6/255 1024/6/255 385/7/255
f 321/7/255 1022/6/255 1023/6/255 353/7/255
f 1120/7/255 1143/6/255 1021/6/255 289/7/255
f 289/7/255 1021/6/255 1022/6/255 321/7/255
f 934/7/236 1040/86/236 1020/95/236 257/7/236
f 972/7/210 1041/95/210 1019/6/210 225/7/210
f 6/7/181 1013/6/181 1018/86/181 193/7/181
f 96/4/104 1015/72/104 1016/5/104 128/4/104
f 128/4/668 1016/5/668 1017/73/668 160/4/668
f 64/4/78 1014/71/78 1015/72/78 96/4/78
f 3/4/48 1012/5/48 1014/71/48 64/4/48
f 3/4/2 4/3/2 1013/6/2 1012/5/2
f 577/7/388 1030/111/388 1075/6/388 1046/7/388
f 1030/111/388 576/3/388 1073/102/388 1075/6/388
f 590/33/387 589/31/387 1072/123/387 1044/33/387
f 603/94/386 602/83/386 1071/83/386 1042/94/386
f 576/3/385 575/2/385 1054/2/385 1073/102/385
f 589/31/384 588/29/384 1070/122/384 1072/123/384
f 602/83/383 601/78/383 1069/78/383 1071/83/383
f 588/29/382 587/27/382 1068/27/382 1070/122/382
f 601/78/381 600/79/381 1067/79/381 1069/78/381
f 587/27/380 586/25/380 1066/92/380 1068/27/380
f 600/79/379 599/85/379 1065/85/379 1067/79/379
f 586/25/378 585/23/378 1064/23/378 1066/92/378
f 599/85/377 598/84/377 1063/84/377 1065/85/377
f 585/23/376 584/21/376 1062/21/376 1064/23/376
f 598/84/375 597/80/375 1061/80/375 1063/84/375
f 584/21/374 583/19/374 1060/19/374 1062/21/374
f 583/19/372 582/17/372 1058/17/372 1060/19/372
f 582/17/370 581/15/370 1056/120/370 1058/17/370
f 581/15/368 580/13/368 1053/119/368 1056/120/368
f 575/67/366 606/65/366 1051/97/366 1054/67/366
f 580/13/365 579/11/365 1050/11/365 1053/119/365
f 606/65/669 605/63/669 1048/63/669 1051/97/669
f 579/11/362 578/9/362 1047/9/362 1050/11/362
f 605/63/360 604/61/360 1043/61/360 1048/63/360
f 578/9/359 577/7/359 1046/7/359 1047/9/359
f 591/35/358 590/33/358 1044/33/358 1045/35/358
f 604/61/356 603/94/356 1042/94/356 1043/61/356
f 545/7/255 1029/6/255 1109/111/255 1086/7/255
f 1163/174/351 999/82/351 1108/114/351 1175/170/351
f 555/27/285 554/25/285 1107/25/285 1078/27/285
f 568/79/345 567/85/345 1106/85/345 1076/79/345
f 554/25/283 553/23/283 1105/23/283 1107/25/283
f 567/85/344 566/84/344 1104/84/344 1106/85/344
f 553/23/281 552/21/281 1103/21/281 1105/23/281
f 566/84/329 565/80/329 1102/80/329 1104/84/329
f 552/21/279 551/19/279 1101/19/279 1103/21/279
f 565/80/355 564/81/355 1100/81/355 1102/80/355
f 551/19/277 550/17/277 1099/17/277 1101/19/277
f 564/81/354 563/77/354 1098/77/354 1100/81/354
f 550/17/275 549/15/275 1097/15/275 1099/17/275
f 563/77/353 562/43/353 1096/115/353 1098/77/353
f 549/15/273 548/13/273 1095/13/273 1097/15/273
f 562/43/352 561/41/352 1094/116/352 1096/115/352
f 543/67/271 574/65/271 1093/65/271 1082/67/271
f 548/13/270 547/11/270 1092/11/270 1095/13/270
f 999/82/351 560/37/351 1091/37/351 1108/114/351
f 574/65/350 573/63/350 1090/63/350 1093/65/350
f 547/11/267 546/9/267 1089/113/267 1092/11/267
f 560/37/266 559/35/266 1088/35/266 1091/37/266
f 573/63/349 572/61/349 1087/61/349 1090/63/349
f 546/9/264 545/7/264 1086/7/264 1089/113/264
f 559/35/263 558/33/263 1085/33/263 1088/35/263
f 572/61/348 571/94/348 1084/112/348 1087/61/348
f 1029/6/255 544/3/255 1083/3/255 1109/111/255
f 558/33/261 557/31/261 1081/31/261 1085/33/261
f 571/94/347 570/83/347 1080/83/347 1084/112/347
f 544/3/259 543/2/259 1082/2/259 1083/3/259
f 557/31/258 556/29/258 1079/29/258 1081/31/258
f 570/83/346 569/78/346 1077/78/346 1080/83/346
f 556/29/256 555/27/256 1078/27/256 1079/29/256
f 569/78/343 568/79/343 1076/79/343 1077/78/343
f 257/7/255 1020/95/255 1143/6/255 1120/7/255
f 1154/170/269 990/98/269 1142/82/269 1176/170/269
f 267/27/285 266/25/285 1141/109/285 1112/27/285
f 280/79/284 279/85/284 1140/85/284 1110/79/284
f 266/25/283 265/23/283 1139/23/283 1141/109/283
f 279/85/282 278/84/282 1138/84/282 1140/85/282
f 265/23/281 264/21/281 1137/21/281 1139/23/281
f 278/84/280 277/80/280 1136/80/280 1138/84/280
f 264/21/279 263/19/279 1135/19/279 1137/21/279
f 277/80/278 276/81/278 1134/81/278 1136/80/278
f 263/19/277 262/17/277 1133/17/277 1135/19/277
f 276/81/276 275/77/276 1132/77/276 1134/81/276
f 262/17/275 261/15/275 1131/15/275 1133/17/275
f 275/77/274 274/43/274 1130/43/274 1132/77/274
f 261/15/273 260/13/273 1129/108/273 1131/15/273
f 274/43/272 273/41/272 1128/41/272 1130/43/272
f 255/67/271 286/65/271 1127/65/271 1116/67/271
f 260/13/270 259/11/270 1126/11/270 1129/108/270
f 990/98/269 272/37/269 1125/37/269 1142/82/269
f 286/65/268 285/63/268 1124/63/268 1127/65/268
f 259/11/267 258/9/267 1123/9/267 1126/11/267
f 272/37/266 271/35/266 1122/35/266 1125/37/266
f 285/63/265 284/61/265 1121/61/265 1124/63/265
f 258/9/264 257/7/264 1120/7/264 1123/9/264
f 271/35/263 270/33/263 1119/33/263 1122/35/263
f 284/61/262 283/94/262 1118/94/262 1121/61/262
f 1020/95/255 256/3/255 1117/3/255 1143/6/255
f 270/33/261 269/31/261 1115/31/261 1119/33/261
f 283/94/260 282/83/260 1114/83/260 1118/94/260
f 256/3/259 255/2/259 1116/2/259 1117/3/259
f 269/31/258 268/29/258 1113/29/258 1115/31/258
f 282/83/257 281/78/257 1111/78/257 1114/83/257
f 268/29/256 267/27/256 1112/27/256 1113/29/256
f 281/78/223 280/79/223 1110/79/223 1111/78/223
f 273/41/269 1154/170/269 1176/170/269 1128/41/269
f 561/41/351 1163/174/351 1175/170/351 1094/116/351
f 38/41/169 1151/40/169 1152/170/169 209/41/169
f 980/41/670 1150/170/670 1153/170/670 241/41/670
f 942/41/671 1149/170/671 1154/170/671 273/41/671
f 305/41/269 1155/173/269 1156/170/269 337/41/269
f 337/41/269 1156/170/269 1157/173/269 369/41/269
f 369/41/269 1157/173/269 1158/170/269 401/41/269
f 401/41/672 1158/170/672 1159/170/672 433/41/672
f 433/41/673 1159/170/673 1160/170/673 465/41/673
f 465/41/674 1160/170/674 1161/170/674 497/41/674
f 497/41/675 1161/170/675 1162/173/675 529/41/675
f 529/41/351 1162/173/351 1163/174/351 561/41/351
f 1052/41/676 1174/170/676 1165/170/676 625/41/676
f 625/41/419 1165/170/419 1166/170/419 657/41/419
f 657/41/429 1166/170/429 1167/170/429 689/41/429
f 689/41/484 1167/170/484 1168/171/484 721/41/484
f 721/41/509 1168/171/509 1169/170/509 753/41/509
f 753/41/535 1169/170/535 1170/170/535 785/41/535
f 785/41/561 1170/170/561 1171/170/561 817/41/561
f 817/41/584 1171/170/584 1172/170/584 849/41/584
f 849/41/617 1172/170/617 1173/40/617 881/41/617
f 241/41/677 1153/170/677 1149/170/677 942/41/677
f 209/41/678 1152/170/678 1150/170/678 980/41/678
f 986/175/679 1147/74/679 1148/75/679 987/176/679
f 985/177/112 1146/39/112 1147/74/112 986/175/112
f 984/178/86 1145/69/86 1146/39/86 985/177/86
f 982/179/35 1144/39/35 1145/69/35 984/178/35
f 982/179/680 983/82/680 1151/40/680 1144/39/680
usemtl Material.006
f 974/35/212 971/33/212 238/33/212 239/35/212
f 977/37/215 974/35/215 239/35/215 240/37/215
f 1011/82/218 977/37/218 240/37/218 989/98/218
f 1118/94/260 1114/83/260 314/83/260 315/94/260
f 1121/61/262 1118/94/262 315/94/262 316/61/262
f 1124/63/265 1121/61/265 316/61/265 317/63/265
f 1130/43/272 1128/41/272 305/41/272 306/43/272
f 1132/77/274 1130/43/274 306/43/274 307/77/274
f 1134/81/276 1132/77/276 307/77/276 308/81/276
f 1091/37/266 1088/35/266 591/35/266 592/37/266
f 1108/114/351 1091/37/351 592/37/351 1000/110/351
f 1096/115/352 1094/116/352 593/41/352 594/43/352
f 1098/77/353 1096/115/353 594/43/353 595/77/353
f 1100/81/354 1098/77/354 595/77/354 596/81/354
f 1102/80/355 1100/81/355 596/81/355 597/80/355
f 989/98/648 240/37/648 939/105/648 1010/98/648
f 240/37/241 239/35/241 936/104/241 939/105/241
f 239/35/238 238/33/238 933/103/238 936/104/238
f 1175/170/351 1108/114/351 1000/110/351 1164/172/351
f 1164/172/364 1000/110/364 1074/82/364 1174/170/364
f 597/80/373 596/81/373 1059/121/373 1061/80/373
f 596/81/371 595/77/371 1057/77/371 1059/121/371
f 595/77/369 594/43/369 1055/43/369 1057/77/369
f 594/43/367 593/41/367 1052/41/367 1055/43/367
f 1000/110/656 592/37/656 1049/117/656 1074/82/656
f 592/37/361 591/35/361 1045/35/361 1049/117/361
f 593/41/656 1164/172/656 1174/170/656 1052/41/656
f 1128/41/269 1176/170/269 1155/173/269 305/41/269
f 1094/116/351 1175/170/351 1164/172/351 593/41/351
o Cube
v 7.937888 -3.672234 13.033729
v 10.141955 -1.759809 13.033729
v 7.937888 -3.672234 12.899873
v 10.141955 -1.759809 12.899873
v 10.151117 -3.672234 13.033729
v 10.955081 -1.759809 13.033729
v 10.151117 -3.672234 12.899873
v 10.955081 -1.759809 12.899873
v 7.467541 -3.874593 13.033729
v 7.467541 -3.874593 12.899873
v 10.151117 -3.874593 13.033729
v 10.151117 -3.874593 12.899873
v 7.830523 -3.672234 12.966801
v 10.034590 -1.753110 12.966801
v 10.207708 -3.672234 12.966801
v 11.011673 -1.753110 12.966801
v 7.360176 -3.874593 12.966801
v 10.207708 -3.874593 12.966801
vn -0.4435 0.5102 -0.7369
vn -0.0000 -0.0000 -1.0000
vn 0.7340 -0.3080 0.6052
vn -0.0000 -0.0000 1.0000
vn -0.0000 0.9950 0.0996
vn -0.0000 -1.0000 -0.0000
vn -0.3338 0.7758 -0.5354
vn 0.7636 -0.0000 0.6457
vn 0.7636 -0.0000 -0.6457
vn -0.3338 0.7758 0.5354
vn -0.0000 0.9950 -0.0996
vn 0.7340 -0.3080 -0.6052
vn -0.4435 0.5102 0.7369
vt 0.375000 0.125000
vt 0.625000 0.125000
vt 0.625000 0.250000
vt 0.375000 0.250000
vt 0.151251 0.393965
vt 0.633274 0.057900
vt 0.665211 0.191326
vt 0.290510 0.926826
vt 0.375000 0.625000
vt 0.625000 0.625000
vt 0.625000 0.750000
vt 0.375000 0.750000
vt 0.625000 1.000000
vt 0.375000 1.000000
vt 0.875000 0.625000
vt 0.875000 0.750000
vt 0.125000 0.625000
vt 0.125000 0.750000
vt 0.375000 0.500000
vt 0.375000 0.000000
vt 0.125000 0.500000
vt 0.625000 0.500000
vt 0.875000 0.500000
vt 0.625000 0.000000
s 0
usemtl Material.001
f 1189/180/681 1190/181/681 1180/182/681 1179/183/681
f 1179/184/682 1180/185/682 1184/186/682 1183/187/682
f 1191/188/683 1192/189/683 1182/190/683 1181/191/683
f 1181/191/684 1182/190/684 1178/192/684 1177/193/684
f 1181/191/684 1177/193/684 1185/193/684 1187/191/684
f 1192/189/685 1190/194/685 1178/195/685 1182/190/685
f 1193/196/686 1194/188/686 1187/191/686 1185/197/686
f 1179/183/682 1183/198/682 1188/198/682 1186/183/682
f 1189/180/687 1179/183/687 1186/183/687 1193/180/687
f 1191/188/688 1181/191/688 1187/191/688 1194/188/688
f 1183/198/689 1191/188/689 1194/188/689 1188/198/689
f 1177/199/690 1189/180/690 1193/180/690 1185/199/690
f 1186/200/686 1188/198/686 1194/188/686 1193/196/686
f 1184/201/691 1180/202/691 1190/194/691 1192/189/691
f 1183/198/692 1184/201/692 1192/189/692 1191/188/692
f 1177/199/693 1178/203/693 1190/181/693 1189/180/693
o Cube.001
v 3.768240 -4.643266 13.552725
v 4.346621 -4.561229 15.552726
v 3.768240 -5.105031 13.552725
v 4.346621 -4.731307 15.552726
v 0.832741 -4.643266 13.552722
v 2.647272 -4.561229 15.552724
v 0.832741 -5.105031 13.552722
v 2.647272 -4.731307 15.552724
v 6.501375 -4.242924 19.113750
v 6.501375 -4.330965 19.113750
v 5.641249 -4.242924 19.113750
v 5.641249 -4.330965 19.113750
v 3.864637 -4.643266 13.886059
v 3.961033 -4.643266 14.219392
v 4.057430 -4.643266 14.552726
v 4.153827 -4.614401 14.886059
v 4.250224 -4.584017 15.219393
v 4.250224 -4.767767 15.219393
v 4.153827 -4.845247 14.886059
v 4.057430 -4.881708 14.552726
v 3.961034 -4.931842 14.219392
v 3.864637 -4.972860 13.886059
v 2.344851 -4.767767 15.219391
v 2.042428 -4.845247 14.886057
v 1.740007 -4.881708 14.552723
v 1.437585 -4.931842 14.219389
v 1.135163 -4.972860 13.886056
v 2.344851 -4.584017 15.219391
v 2.042428 -4.614401 14.886057
v 1.740007 -4.643266 14.552723
v 1.437585 -4.643266 14.219389
v 1.135163 -4.643266 13.886056
v 4.542507 -4.527806 15.876455
v 4.738394 -4.483749 16.200184
v 4.934281 -4.451846 16.523914
v 5.130168 -4.419942 16.847645
v 5.326055 -4.392596 17.171373
v 5.521941 -4.356135 17.495102
v 5.717828 -4.337905 17.818832
v 5.913715 -4.324232 18.142561
v 6.109602 -4.315117 18.466291
v 6.305489 -4.292329 18.790020
v 6.305488 -4.398600 18.790020
v 6.109601 -4.430503 18.466291
v 5.913714 -4.448733 18.142561
v 5.717828 -4.476079 17.818832
v 5.521941 -4.517098 17.495102
v 5.326055 -4.558116 17.171373
v 5.130167 -4.590020 16.847645
v 4.934280 -4.621923 16.523914
v 4.738394 -4.653827 16.200184
v 4.542507 -4.685730 15.876455
v 2.919452 -4.527806 15.876453
v 3.191632 -4.483749 16.200184
v 3.463812 -4.451846 16.523912
v 3.735991 -4.419942 16.847643
v 4.008171 -4.392596 17.171371
v 4.280351 -4.356135 17.495102
v 4.552530 -4.337905 17.818830
v 4.824710 -4.324232 18.142561
v 5.096890 -4.315117 18.466290
v 5.369069 -4.292329 18.790020
v 5.369069 -4.398600 18.790020
v 5.096889 -4.430503 18.466290
v 4.824710 -4.448733 18.142561
v 4.552530 -4.476079 17.818830
v 4.280351 -4.517098 17.495102
v 4.008171 -4.558116 17.171371
v 3.735991 -4.590020 16.847643
v 3.463811 -4.621923 16.523912
v 3.191632 -4.653827 16.200184
v 2.919452 -4.685730 15.876453
v 3.908712 -4.874149 13.552726
v 4.487092 -4.646267 15.552726
v 0.650855 -4.874149 13.552722
v 2.465386 -4.646267 15.552724
v 6.641847 -4.286944 19.155293
v 5.604228 -4.286944 19.155293
v 0.953276 -4.808063 13.886056
v 1.255698 -4.787554 14.219389
v 1.558120 -4.762487 14.552723
v 1.860542 -4.726026 14.886057
v 2.162964 -4.675892 15.219390
v 4.005109 -4.808063 13.886059
v 4.101505 -4.787554 14.219392
v 4.197902 -4.762487 14.552726
v 4.294299 -4.726026 14.886059
v 4.390696 -4.675892 15.219393
v 2.737566 -4.602970 15.876453
v 3.009746 -4.568788 16.200184
v 3.281925 -4.536884 16.523912
v 3.554105 -4.504981 16.847643
v 3.826285 -4.475357 17.171371
v 4.098464 -4.436617 17.495102
v 4.370644 -4.406992 17.818830
v 4.642824 -4.386483 18.142561
v 4.915003 -4.372810 18.466290
v 5.187182 -4.345464 18.790020
v 4.682979 -4.602970 15.876455
v 4.878866 -4.568788 16.200186
v 5.074752 -4.536884 16.523914
v 5.270639 -4.504981 16.847645
v 5.466526 -4.475357 17.171373
v 5.662413 -4.436617 17.495102
v 5.858300 -4.406992 17.818832
v 6.054187 -4.386483 18.142563
v 6.250073 -4.372810 18.466291
v 6.445960 -4.345464 18.790020
v 3.768240 -4.643266 12.380874
v 4.346621 -4.561229 10.380873
v 3.768240 -5.105031 12.380874
v 4.346621 -4.731307 10.380873
v 0.832741 -4.643266 12.380877
v 2.647272 -4.561229 10.380875
v 0.832741 -5.105031 12.380877
v 2.647272 -4.731307 10.380875
v 6.501374 -4.242924 6.819849
v 6.501374 -4.330965 6.819849
v 5.641249 -4.242924 6.819850
v 5.641249 -4.330965 6.819850
v 3.864637 -4.643266 12.047541
v 3.961033 -4.643266 11.714207
v 4.057430 -4.643266 11.380874
v 4.153827 -4.614401 11.047540
v 4.250224 -4.584017 10.714207
v 4.250224 -4.767767 10.714207
v 4.153827 -4.845247 11.047540
v 4.057430 -4.881708 11.380874
v 3.961033 -4.931842 11.714207
v 3.864637 -4.972860 12.047541
v 2.344851 -4.767767 10.714209
v 2.042428 -4.845247 11.047543
v 1.740007 -4.881708 11.380876
v 1.437585 -4.931842 11.714210
v 1.135163 -4.972860 12.047543
v 2.344851 -4.584017 10.714209
v 2.042428 -4.614401 11.047543
v 1.740007 -4.643266 11.380876
v 1.437585 -4.643266 11.714210
v 1.135163 -4.643266 12.047543
v 4.542507 -4.527806 10.057144
v 4.738394 -4.483749 9.733414
v 4.934280 -4.451846 9.409685
v 5.130167 -4.419942 9.085956
v 5.326054 -4.392597 8.762226
v 5.521941 -4.356136 8.438497
v 5.717828 -4.337905 8.114767
v 5.913714 -4.324232 7.791038
v 6.109601 -4.315117 7.467308
v 6.305488 -4.292329 7.143579
v 6.305488 -4.398600 7.143579
v 6.109601 -4.430503 7.467308
v 5.913714 -4.448734 7.791038
v 5.717827 -4.476079 8.114767
v 5.521940 -4.517098 8.438497
v 5.326054 -4.558116 8.762226
v 5.130167 -4.590020 9.085956
v 4.934280 -4.621923 9.409685
v 4.738394 -4.653827 9.733414
v 4.542507 -4.685730 10.057144
v 2.919452 -4.527806 10.057146
v 3.191632 -4.483749 9.733416
v 3.463811 -4.451846 9.409686
v 3.735991 -4.419942 9.085957
v 4.008171 -4.392597 8.762227
v 4.280351 -4.356136 8.438498
v 4.552530 -4.337905 8.114769
v 4.824710 -4.324232 7.791039
v 5.096889 -4.315117 7.467309
v 5.369069 -4.292329 7.143579
v 5.369069 -4.398600 7.143579
v 5.096889 -4.430503 7.467309
v 4.824710 -4.448734 7.791039
v 4.552530 -4.476079 8.114769
v 4.280351 -4.517098 8.438498
v 4.008171 -4.558116 8.762227
v 3.735991 -4.590020 9.085957
v 3.463811 -4.621923 9.409686
v 3.191632 -4.653827 9.733416
v 2.919452 -4.685730 10.057146
v 3.908712 -4.874149 12.380874
v 4.487092 -4.646267 10.380873
v 0.650855 -4.874149 12.380877
v 2.465386 -4.646267 10.380875
v 6.641846 -4.286944 6.778307
v 5.604227 -4.286944 6.778308
v 0.953277 -4.808063 12.047544
v 1.255699 -4.787554 11.714210
v 1.558120 -4.762487 11.380877
v 1.860542 -4.726026 11.047543
v 2.162964 -4.675892 10.714209
v 4.005109 -4.808063 12.047541
v 4.101505 -4.787554 11.714207
v 4.197902 -4.762487 11.380874
v 4.294299 -4.726026 11.047540
v 4.390696 -4.675892 10.714207
v 2.737566 -4.602970 10.057146
v 3.009746 -4.568788 9.733416
v 3.281925 -4.536884 9.409687
v 3.554105 -4.504981 9.085957
v 3.826285 -4.475357 8.762228
v 4.098464 -4.436617 8.438498
v 4.370644 -4.406992 8.114768
v 4.642824 -4.386483 7.791039
v 4.915003 -4.372810 7.467309
v 5.187182 -4.345464 7.143580
v 4.682979 -4.602970 10.057144
v 4.878865 -4.568788 9.733414
v 5.074752 -4.536884 9.409685
v 5.270639 -4.504981 9.085955
v 5.466526 -4.475357 8.762226
v 5.662413 -4.436617 8.438496
v 5.858299 -4.406992 8.114767
v 6.054186 -4.386483 7.791038
v 6.250073 -4.372810 7.467308
v 6.445960 -4.345464 7.143579
vn 0.5316 -0.8441 -0.0700
vn -0.0000 -0.9941 0.1087
vn -0.4158 0.8550 0.3100
vn -0.0000 0.9977 -0.0682
vn -0.0000 -0.0000 -1.0000
vn 0.3518 0.8734 -0.3369
vn -0.0000 0.6863 0.7273
vn -0.0000 0.9886 -0.1509
vn -0.0000 -0.9789 0.2045
vn -0.2910 -0.8464 0.4461
vn -0.0000 1.0000 -0.0000
vn -0.0000 0.9963 -0.0863
vn -0.0000 0.9959 -0.0908
vn -0.6310 0.5801 0.5150
vn -0.5640 0.6638 0.4913
vn -0.5243 0.7238 0.4485
vn -0.4969 0.7830 0.3741
vn -0.4626 0.8269 0.3198
vn -0.0000 -0.9296 0.3686
vn -0.0000 -0.9925 0.1221
vn -0.0000 -0.9889 0.1487
vn -0.0000 -0.9740 0.2264
vn 0.8137 -0.5778 -0.0635
vn 0.7316 -0.6650 -0.1502
vn 0.6796 -0.7246 -0.1148
vn 0.6436 -0.7584 -0.1032
vn 0.6006 -0.7993 -0.0207
vn -0.3781 -0.8196 0.4304
vn -0.3827 -0.8297 0.4064
vn -0.3869 -0.8275 0.4068
vn -0.3836 -0.8316 0.4016
vn -0.3724 -0.8299 0.4154
vn -0.3505 -0.8525 0.3877
vn -0.3200 -0.8864 0.3346
vn -0.2991 -0.9071 0.2962
vn -0.2765 -0.9077 0.3156
vn -0.0000 -0.9902 0.1394
vn -0.0000 -0.9952 0.0981
vn -0.0000 -0.9921 0.1257
vn -0.0000 -0.9965 0.0842
vn -0.0000 -0.9984 0.0562
vn -0.0000 0.9947 -0.1027
vn -0.0000 0.9909 -0.1348
vn -0.0000 0.9952 -0.0981
vn -0.0000 0.9965 -0.0842
vn -0.0000 0.9937 -0.1119
vn -0.0000 0.9984 -0.0562
vn -0.0000 0.9991 -0.0422
vn -0.0000 0.9996 -0.0281
vn -0.0000 0.9975 -0.0702
vn 0.4595 0.8058 -0.3735
vn 0.4592 0.8052 -0.3752
vn 0.4812 0.7949 -0.3695
vn 0.4784 0.8010 -0.3600
vn 0.4657 0.8016 -0.3749
vn 0.4436 0.8333 -0.3300
vn 0.4052 0.8667 -0.2909
vn 0.3791 0.8879 -0.2606
vn 0.3521 0.8924 -0.2821
vn 0.3636 -0.9216 -0.1357
vn 0.3856 -0.9031 -0.1888
vn 0.4161 -0.8901 -0.1860
vn 0.4618 -0.8675 -0.1848
vn 0.4929 -0.8483 -0.1937
vn 0.4999 -0.8369 -0.2229
vn 0.5048 -0.8339 -0.2233
vn 0.5005 -0.8380 -0.2173
vn 0.5035 -0.8431 -0.1890
vn -0.2873 0.9429 0.1685
vn -0.3052 0.9256 0.2240
vn -0.3305 0.9155 0.2296
vn -0.3688 0.8970 0.2438
vn -0.3983 0.8875 0.2318
vn -0.4041 0.8762 0.2627
vn -0.4092 0.8753 0.2578
vn -0.3929 0.8922 0.2225
vn -0.3927 0.8918 0.2245
vn 0.5667 0.7824 -0.2584
vn 0.6145 0.7479 -0.2510
vn 0.6674 0.7115 -0.2198
vn 0.7204 0.6548 -0.2285
vn 0.7824 0.5556 -0.2813
vn -0.4264 -0.7348 0.5275
vn -0.4724 -0.7207 0.5074
vn -0.4978 -0.6872 0.5291
vn -0.5410 -0.6367 0.5496
vn -0.5556 -0.5108 0.6560
vn -0.3608 0.9066 0.2189
vn -0.0000 -0.6863 0.7273
vn 0.3286 -0.9444 -0.0140
vn -0.3934 -0.8088 0.4371
vn 0.5204 0.8263 -0.2154
vn 0.5316 -0.8441 0.0700
vn -0.0000 -0.9941 -0.1087
vn -0.4158 0.8550 -0.3100
vn -0.0000 0.9977 0.0682
vn -0.0000 -0.0000 1.0000
vn 0.3518 0.8734 0.3369
vn -0.0000 0.6863 -0.7273
vn -0.0000 0.9886 0.1509
vn -0.0000 -0.9789 -0.2045
vn -0.2910 -0.8464 -0.4461
vn -0.0000 0.9963 0.0863
vn -0.0000 0.9959 0.0908
vn -0.6310 0.5801 -0.5150
vn -0.5640 0.6638 -0.4913
vn -0.5243 0.7238 -0.4485
vn -0.4969 0.7830 -0.3741
vn -0.4626 0.8269 -0.3198
vn -0.0000 -0.9296 -0.3686
vn -0.0000 -0.9925 -0.1221
vn -0.0000 -0.9889 -0.1487
vn -0.0000 -0.9740 -0.2264
vn 0.8137 -0.5778 0.0635
vn 0.7316 -0.6650 0.1502
vn 0.6796 -0.7246 0.1148
vn 0.6436 -0.7584 0.1032
vn 0.6006 -0.7993 0.0207
vn -0.3781 -0.8196 -0.4304
vn -0.3827 -0.8297 -0.4064
vn -0.3869 -0.8275 -0.4068
vn -0.3836 -0.8316 -0.4016
vn -0.3724 -0.8299 -0.4154
vn -0.3505 -0.8525 -0.3877
vn -0.3200 -0.8864 -0.3346
vn -0.2991 -0.9071 -0.2962
vn -0.2765 -0.9077 -0.3156
vn -0.0000 -0.9902 -0.1394
vn -0.0000 -0.9952 -0.0981
vn -0.0000 -0.9921 -0.1257
vn -0.0000 -0.9965 -0.0842
vn -0.0000 -0.9984 -0.0562
vn -0.0000 0.9947 0.1027
vn -0.0000 0.9909 0.1348
vn -0.0000 0.9952 0.0981
vn -0.0000 0.9965 0.0842
vn -0.0000 0.9937 0.1119
vn -0.0000 0.9984 0.0562
vn -0.0000 0.9991 0.0422
vn -0.0000 0.9996 0.0281
vn -0.0000 0.9975 0.0702
vn 0.4595 0.8058 0.3735
vn 0.4592 0.8052 0.3752
vn 0.4812 0.7949 0.3695
vn 0.4784 0.8010 0.3600
vn 0.4657 0.8016 0.3749
vn 0.4436 0.8333 0.3300
vn 0.4052 0.8667 0.2909
vn 0.3791 0.8879 0.2606
vn 0.3521 0.8924 0.2821
vn 0.3636 -0.9216 0.1357
vn 0.3856 -0.9031 0.1888
vn 0.4161 -0.8901 0.1860
vn 0.4618 -0.8675 0.1848
vn 0.4929 -0.8483 0.1937
vn 0.4999 -0.8369 0.2229
vn 0.5048 -0.8339 0.2233
vn 0.5005 -0.8380 0.2173
vn 0.5035 -0.8431 0.1890
vn -0.2873 0.9429 -0.1685
vn -0.3052 0.9256 -0.2240
vn -0.3305 0.9155 -0.2296
vn -0.3688 0.8970 -0.2438
vn -0.3983 0.8875 -0.2318
vn -0.4041 0.8762 -0.2627
vn -0.4092 0.8753 -0.2578
vn -0.3929 0.8922 -0.2225
vn -0.3927 0.8918 -0.2245
vn 0.5667 0.7824 0.2584
vn 0.6145 0.7479 0.2510
vn 0.6674 0.7115 0.2198
vn 0.7204 0.6548 0.2285
vn 0.7824 0.5556 0.2813
vn -0.4264 -0.7348 -0.5275
vn -0.4724 -0.7207 -0.5074
vn -0.4978 -0.6872 -0.5291
vn -0.5410 -0.6367 -0.5496
vn -0.5556 -0.5108 -0.6560
vn -0.3608 0.9066 -0.2189
vn -0.0000 -0.6863 -0.7273
vn 0.3286 -0.9444 0.0140
vn -0.3934 -0.8088 -0.4371
vn 0.5204 0.8263 0.2154
vt 0.583333 0.125000
vt 0.625000 0.125000
vt 0.625000 0.250000
vt 0.583333 0.250000
vt 0.625000 0.500000
vt 0.583333 0.500000
vt 0.583333 0.625000
vt 0.625000 0.625000
vt 0.625000 0.750000
vt 0.583333 0.750000
vt 0.625000 1.000000
vt 0.583333 1.000000
vt 0.125000 0.625000
vt 0.375000 0.625000
vt 0.375000 0.750000
vt 0.125000 0.750000
vt 0.625000 0.000000
vt 0.625000 0.000000
vt 0.625000 0.625000
vt 0.875000 0.625000
vt 0.875000 0.750000
vt 0.625000 0.500000
vt 0.416667 0.750000
vt 0.416667 1.000000
vt 0.375000 1.000000
vt 0.458333 0.750000
vt 0.458333 1.000000
vt 0.500000 0.750000
vt 0.500000 1.000000
vt 0.541667 0.750000
vt 0.541667 1.000000
vt 0.416667 0.625000
vt 0.458333 0.625000
vt 0.500000 0.625000
vt 0.541667 0.625000
vt 0.375000 0.250000
vt 0.416667 0.250000
vt 0.416667 0.500000
vt 0.375000 0.500000
vt 0.458333 0.250000
vt 0.458333 0.500000
vt 0.500000 0.250000
vt 0.500000 0.500000
vt 0.541667 0.250000
vt 0.541667 0.500000
vt 0.375000 0.125000
vt 0.416667 0.125000
vt 0.458333 0.125000
vt 0.500000 0.125000
vt 0.541667 0.125000
vt 0.625000 0.500000
vt 0.625000 0.625000
vt 0.625000 0.500000
vt 0.625000 0.625000
vt 0.625000 0.625000
vt 0.625000 0.625000
vt 0.625000 0.625000
vt 0.625000 0.250000
vt 0.625000 0.250000
vt 0.625000 0.750000
vt 0.625000 0.750000
vt 0.625000 0.750000
vt 0.625000 0.125000
vt 0.625000 0.125000
vt 0.625000 0.125000
vt 0.625000 0.125000
vt 0.541667 0.000000
vt 0.583333 0.000000
vt 0.500000 0.000000
vt 0.458333 0.000000
vt 0.416667 0.000000
vt 0.375000 0.000000
vt 0.875000 0.500000
vt 0.125000 0.500000
s 0
usemtl Material.003
f 1282/204/694 1268/205/694 1198/206/694 1212/207/694
f 1212/207/695 1198/206/695 1202/208/695 1217/209/695
f 1277/210/696 1270/211/696 1200/212/696 1222/213/696
f 1222/213/697 1200/212/697 1196/214/697 1211/215/697
f 1267/216/698 1269/217/698 1199/218/698 1195/219/698
f 1302/205/699 1236/220/699 1203/221/699 1271/205/699
f 1272/222/700 1271/223/700 1203/224/700 1205/212/700
f 1236/214/701 1256/212/701 1205/212/701 1203/214/701
f 1257/225/702 1237/206/702 1204/206/702 1206/208/702
f 1292/222/703 1257/225/703 1206/208/703 1272/222/703
f 1199/218/704 1226/226/704 1207/227/704 1195/228/704
f 1226/226/704 1225/229/704 1208/230/704 1207/227/704
f 1225/229/704 1224/231/704 1209/232/704 1208/230/704
f 1224/231/705 1223/233/705 1210/234/705 1209/232/705
f 1223/233/706 1222/213/706 1211/215/706 1210/234/706
f 1269/217/707 1273/235/707 1226/226/707 1199/218/707
f 1273/235/708 1274/236/708 1225/229/708 1226/226/708
f 1274/236/709 1275/237/709 1224/231/709 1225/229/709
f 1275/237/710 1276/238/710 1223/233/710 1224/231/710
f 1276/238/711 1277/210/711 1222/213/711 1223/233/711
f 1197/239/712 1216/240/712 1221/241/712 1201/242/712
f 1216/240/713 1215/243/713 1220/244/713 1221/241/713
f 1215/243/714 1214/245/714 1219/246/714 1220/244/714
f 1214/245/695 1213/247/695 1218/248/695 1219/246/695
f 1213/247/715 1212/207/715 1217/209/715 1218/248/715
f 1267/249/716 1278/250/716 1216/240/716 1197/239/716
f 1278/250/717 1279/251/717 1215/243/717 1216/240/717
f 1279/251/718 1280/252/718 1214/245/718 1215/243/718
f 1280/252/719 1281/253/719 1213/247/719 1214/245/719
f 1281/253/720 1282/204/720 1212/207/720 1213/247/720
f 1270/211/721 1202/208/721 1266/254/721 1283/255/721
f 1283/255/722 1266/254/722 1265/256/722 1284/222/722
f 1284/222/723 1265/256/723 1264/256/723 1285/257/723
f 1285/257/723 1264/256/723 1263/256/723 1286/258/723
f 1286/258/724 1263/256/724 1262/225/724 1287/259/724
f 1287/259/725 1262/225/725 1261/208/725 1288/222/725
f 1288/222/726 1261/208/726 1260/225/726 1289/260/726
f 1289/260/727 1260/225/727 1259/208/727 1290/222/727
f 1290/222/728 1259/208/728 1258/208/728 1291/222/728
f 1291/222/729 1258/208/729 1257/225/729 1292/222/729
f 1202/208/730 1198/206/730 1246/261/730 1266/254/730
f 1266/254/731 1246/261/731 1245/206/731 1265/256/731
f 1265/256/731 1245/206/731 1244/206/731 1264/256/731
f 1264/256/731 1244/206/731 1243/261/731 1263/256/731
f 1263/256/731 1243/261/731 1242/262/731 1262/225/731
f 1262/225/732 1242/262/732 1241/262/732 1261/208/732
f 1261/208/732 1241/262/732 1240/262/732 1260/225/732
f 1260/225/733 1240/262/733 1239/262/733 1259/208/733
f 1259/208/734 1239/262/734 1238/262/734 1258/208/734
f 1258/208/731 1238/262/731 1237/206/731 1257/225/731
f 1196/214/735 1200/212/735 1247/263/735 1227/214/735
f 1227/214/736 1247/263/736 1248/263/736 1228/214/736
f 1228/214/737 1248/263/737 1249/264/737 1229/214/737
f 1229/214/737 1249/264/737 1250/212/737 1230/214/737
f 1230/214/738 1250/212/738 1251/263/738 1231/214/738
f 1231/214/739 1251/263/739 1252/264/739 1232/214/739
f 1232/214/740 1252/264/740 1253/212/740 1233/214/740
f 1233/214/741 1253/212/741 1254/265/741 1234/214/741
f 1234/214/742 1254/265/742 1255/212/742 1235/214/742
f 1235/214/743 1255/212/743 1256/212/743 1236/214/743
f 1268/205/744 1196/221/744 1227/221/744 1293/205/744
f 1293/205/745 1227/221/745 1228/221/745 1294/266/745
f 1294/266/746 1228/221/746 1229/221/746 1295/205/746
f 1295/205/746 1229/221/746 1230/221/746 1296/267/746
f 1296/267/747 1230/221/747 1231/221/747 1297/268/747
f 1297/268/748 1231/221/748 1232/221/748 1298/205/748
f 1298/205/749 1232/221/749 1233/221/749 1299/268/749
f 1299/268/750 1233/221/750 1234/221/750 1300/268/750
f 1300/268/751 1234/221/751 1235/221/751 1301/269/751
f 1301/269/752 1235/221/752 1236/220/752 1302/205/752
f 1238/262/753 1301/269/753 1302/205/753 1237/206/753
f 1239/262/754 1300/268/754 1301/269/754 1238/262/754
f 1240/262/755 1299/268/755 1300/268/755 1239/262/755
f 1241/262/756 1298/205/756 1299/268/756 1240/262/756
f 1242/262/757 1297/268/757 1298/205/757 1241/262/757
f 1243/261/758 1296/267/758 1297/268/758 1242/262/758
f 1244/206/759 1295/205/759 1296/267/759 1243/261/759
f 1245/206/759 1294/266/759 1295/205/759 1244/206/759
f 1246/261/760 1293/205/760 1294/266/760 1245/206/760
f 1198/206/761 1268/205/761 1293/205/761 1246/261/761
f 1255/212/762 1291/222/762 1292/222/762 1256/212/762
f 1254/265/763 1290/222/763 1291/222/763 1255/212/763
f 1253/212/764 1289/260/764 1290/222/764 1254/265/764
f 1252/264/765 1288/222/765 1289/260/765 1253/212/765
f 1251/263/766 1287/259/766 1288/222/766 1252/264/766
f 1250/212/767 1286/258/767 1287/259/767 1251/263/767
f 1249/264/768 1285/257/768 1286/258/768 1250/212/768
f 1248/263/768 1284/222/768 1285/257/768 1249/264/768
f 1247/263/769 1283/255/769 1284/222/769 1248/263/769
f 1200/212/770 1270/211/770 1283/255/770 1247/263/770
f 1210/270/771 1211/271/771 1282/204/771 1281/253/771
f 1209/272/772 1210/270/772 1281/253/772 1280/252/772
f 1208/273/773 1209/272/773 1280/252/773 1279/251/773
f 1207/274/774 1208/273/774 1279/251/774 1278/250/774
f 1195/275/775 1207/274/775 1278/250/775 1267/249/775
f 1218/248/776 1217/209/776 1277/210/776 1276/238/776
f 1219/246/777 1218/248/777 1276/238/777 1275/237/777
f 1220/244/778 1219/246/778 1275/237/778 1274/236/778
f 1221/241/779 1220/244/779 1274/236/779 1273/235/779
f 1201/242/780 1221/241/780 1273/235/780 1269/217/780
f 1256/212/781 1292/222/781 1272/222/781 1205/212/781
f 1206/208/782 1204/276/782 1271/223/782 1272/222/782
f 1237/206/783 1302/205/783 1271/205/783 1204/206/783
f 1197/277/698 1201/242/698 1269/217/698 1267/216/698
f 1217/209/784 1202/208/784 1270/211/784 1277/210/784
f 1211/271/785 1196/221/785 1268/205/785 1282/204/785
f 1390/204/786 1320/207/786 1306/206/786 1376/205/786
f 1320/207/787 1325/209/787 1310/208/787 1306/206/787
f 1385/210/788 1330/213/788 1308/212/788 1378/211/788
f 1330/213/789 1319/215/789 1304/214/789 1308/212/789
f 1375/216/790 1303/219/790 1307/218/790 1377/217/790
f 1410/205/791 1379/205/791 1311/221/791 1344/220/791
f 1380/222/792 1313/212/792 1311/224/792 1379/223/792
f 1344/214/793 1311/214/793 1313/212/793 1364/212/793
f 1365/225/794 1314/208/794 1312/206/794 1345/206/794
f 1400/222/795 1380/222/795 1314/208/795 1365/225/795
f 1307/218/704 1303/228/704 1315/227/704 1334/226/704
f 1334/226/704 1315/227/704 1316/230/704 1333/229/704
f 1333/229/704 1316/230/704 1317/232/704 1332/231/704
f 1332/231/796 1317/232/796 1318/234/796 1331/233/796
f 1331/233/797 1318/234/797 1319/215/797 1330/213/797
f 1377/217/798 1307/218/798 1334/226/798 1381/235/798
f 1381/235/799 1334/226/799 1333/229/799 1382/236/799
f 1382/236/800 1333/229/800 1332/231/800 1383/237/800
f 1383/237/801 1332/231/801 1331/233/801 1384/238/801
f 1384/238/802 1331/233/802 1330/213/802 1385/210/802
f 1305/239/803 1309/242/803 1329/241/803 1324/240/803
f 1324/240/804 1329/241/804 1328/244/804 1323/243/804
f 1323/243/805 1328/244/805 1327/246/805 1322/245/805
f 1322/245/787 1327/246/787 1326/248/787 1321/247/787
f 1321/247/806 1326/248/806 1325/209/806 1320/207/806
f 1375/249/807 1305/239/807 1324/240/807 1386/250/807
f 1386/250/808 1324/240/808 1323/243/808 1387/251/808
f 1387/251/809 1323/243/809 1322/245/809 1388/252/809
f 1388/252/810 1322/245/810 1321/247/810 1389/253/810
f 1389/253/811 1321/247/811 1320/207/811 1390/204/811
f 1378/211/812 1391/255/812 1374/254/812 1310/208/812
f 1391/255/813 1392/222/813 1373/256/813 1374/254/813
f 1392/222/814 1393/257/814 1372/256/814 1373/256/814
f 1393/257/814 1394/258/814 1371/256/814 1372/256/814
f 1394/258/815 1395/259/815 1370/225/815 1371/256/815
f 1395/259/816 1396/222/816 1369/208/816 1370/225/816
f 1396/222/817 1397/260/817 1368/225/817 1369/208/817
f 1397/260/818 1398/222/818 1367/208/818 1368/225/818
f 1398/222/819 1399/222/819 1366/208/819 1367/208/819
f 1399/222/820 1400/222/820 1365/225/820 1366/208/820
f 1310/208/821 1374/254/821 1354/261/821 1306/206/821
f 1374/254/822 1373/256/822 1353/206/822 1354/261/822
f 1373/256/822 1372/256/822 1352/206/822 1353/206/822
f 1372/256/822 1371/256/822 1351/261/822 1352/206/822
f 1371/256/822 1370/225/822 1350/262/822 1351/261/822
f 1370/225/823 1369/208/823 1349/262/823 1350/262/823
f 1369/208/823 1368/225/823 1348/262/823 1349/262/823
f 1368/225/824 1367/208/824 1347/262/824 1348/262/824
f 1367/208/825 1366/208/825 1346/262/825 1347/262/825
f 1366/208/822 1365/225/822 1345/206/822 1346/262/822
f 1304/214/826 1335/214/826 1355/263/826 1308/212/826
f 1335/214/827 1336/214/827 1356/263/827 1355/263/827
f 1336/214/828 1337/214/828 1357/264/828 1356/263/828
f 1337/214/828 1338/214/828 1358/212/828 1357/264/828
f 1338/214/829 1339/214/829 1359/263/829 1358/212/829
f 1339/214/830 1340/214/830 1360/264/830 1359/263/830
f 1340/214/831 1341/214/831 1361/212/831 1360/264/831
f 1341/214/832 1342/214/832 1362/265/832 1361/212/832
f 1342/214/833 1343/214/833 1363/212/833 1362/265/833
f 1343/214/834 1344/214/834 1364/212/834 1363/212/834
f 1376/205/835 1401/205/835 1335/221/835 1304/221/835
f 1401/205/836 1402/266/836 1336/221/836 1335/221/836
f 1402/266/837 1403/205/837 1337/221/837 1336/221/837
f 1403/205/837 1404/267/837 1338/221/837 1337/221/837
f 1404/267/838 1405/268/838 1339/221/838 1338/221/838
f 1405/268/839 1406/205/839 1340/221/839 1339/221/839
f 1406/205/840 1407/268/840 1341/221/840 1340/221/840
f 1407/268/841 1408/268/841 1342/221/841 1341/221/841
f 1408/268/842 1409/269/842 1343/221/842 1342/221/842
f 1409/269/843 1410/205/843 1344/220/843 1343/221/843
f 1346/262/844 1345/206/844 1410/205/844 1409/269/844
f 1347/262/845 1346/262/845 1409/269/845 1408/268/845
f 1348/262/846 1347/262/846 1408/268/846 1407/268/846
f 1349/262/847 1348/262/847 1407/268/847 1406/205/847
f 1350/262/848 1349/262/848 1406/205/848 1405/268/848
f 1351/261/849 1350/262/849 1405/268/849 1404/267/849
f 1352/206/850 1351/261/850 1404/267/850 1403/205/850
f 1353/206/850 1352/206/850 1403/205/850 1402/266/850
f 1354/261/851 1353/206/851 1402/266/851 1401/205/851
f 1306/206/852 1354/261/852 1401/205/852 1376/205/852
f 1363/212/853 1364/212/853 1400/222/853 1399/222/853
f 1362/265/854 1363/212/854 1399/222/854 1398/222/854
f 1361/212/855 1362/265/855 1398/222/855 1397/260/855
f 1360/264/856 1361/212/856 1397/260/856 1396/222/856
f 1359/263/857 1360/264/857 1396/222/857 1395/259/857
f 1358/212/858 1359/263/858 1395/259/858 1394/258/858
f 1357/264/859 1358/212/859 1394/258/859 1393/257/859
f 1356/263/859 1357/264/859 1393/257/859 1392/222/859
f 1355/263/860 1356/263/860 1392/222/860 1391/255/860
f 1308/212/861 1355/263/861 1391/255/861 1378/211/861
f 1318/270/862 1389/253/862 1390/204/862 1319/271/862
f 1317/272/863 1388/252/863 1389/253/863 1318/270/863
f 1316/273/864 1387/251/864 1388/252/864 1317/272/864
f 1315/274/865 1386/250/865 1387/251/865 1316/273/865
f 1303/275/866 1375/249/866 1386/250/866 1315/274/866
f 1326/248/867 1384/238/867 1385/210/867 1325/209/867
f 1327/246/868 1383/237/868 1384/238/868 1326/248/868
f 1328/244/869 1382/236/869 1383/237/869 1327/246/869
f 1329/241/870 1381/235/870 1382/236/870 1328/244/870
f 1309/242/871 1377/217/871 1381/235/871 1329/241/871
f 1364/212/872 1313/212/872 1380/222/872 1400/222/872
f 1314/208/873 1380/222/873 1379/223/873 1312/276/873
f 1345/206/874 1312/206/874 1379/205/874 1410/205/874
f 1305/277/790 1375/216/790 1377/217/790 1309/242/790
f 1325/209/875 1385/210/875 1378/211/875 1310/208/875
f 1319/271/876 1390/204/876 1376/205/876 1304/221/876
o Cube.002
v 6.257764 -4.128476 19.190767
v 6.624197 -3.937645 19.230330
v 6.257764 -4.128476 19.156866
v 6.624197 -3.937645 19.216209
v 6.672830 -4.128476 19.190767
v 6.815028 -3.937645 19.230330
v 6.672830 -4.128476 19.156866
v 6.815028 -3.937645 19.216209
v 5.874923 -4.287081 19.151205
v 5.874923 -4.287081 19.101919
v 6.579854 -4.287081 19.151205
v 6.579854 -4.287081 19.101919
v 6.257764 -4.128476 6.742829
v 6.624197 -3.937645 6.703267
v 6.257764 -4.128476 6.776731
v 6.624197 -3.937645 6.717387
v 6.672830 -4.128476 6.742829
v 6.815028 -3.937645 6.703267
v 6.672830 -4.128476 6.776731
v 6.815028 -3.937645 6.717387
v 5.874923 -4.287081 6.782392
v 5.874923 -4.287081 6.831677
v 6.579854 -4.287081 6.782392
v 6.579854 -4.287081 6.831677
vn -0.4619 0.8869 -0.0000
vn -0.0000 0.2969 -0.9549
vn 0.8019 -0.5975 -0.0000
vn -0.0000 -0.2030 0.9792
vn -0.0000 -0.2420 0.9703
vn -0.0000 1.0000 -0.0000
vn -0.0000 -1.0000 -0.0000
vn -0.0000 0.3274 -0.9449
vn -0.3827 0.9239 -0.0000
vn 0.8627 -0.5057 -0.0000
vn -0.0000 0.2969 0.9549
vn -0.0000 -0.2030 -0.9792
vn -0.0000 -0.2420 -0.9703
vn -0.0000 0.3274 0.9449
vt 0.375000 0.000000
vt 0.625000 0.000000
vt 0.625000 0.250000
vt 0.375000 0.250000
vt 0.625000 0.500000
vt 0.375000 0.500000
vt 0.625000 0.750000
vt 0.375000 0.750000
vt 0.625000 1.000000
vt 0.375000 1.000000
vt 0.875000 0.500000
vt 0.875000 0.750000
s 0
usemtl Material.001
f 1411/278/877 1412/279/877 1414/280/877 1413/281/877
f 1413/281/878 1414/280/878 1418/282/878 1417/283/878
f 1417/283/879 1418/282/879 1416/284/879 1415/285/879
f 1415/285/880 1416/284/880 1412/286/880 1411/287/880
f 1415/285/881 1411/287/881 1419/287/881 1421/285/881
f 1418/282/882 1414/288/882 1412/289/882 1416/284/882
f 1420/281/883 1422/283/883 1421/285/883 1419/287/883
f 1413/281/884 1417/283/884 1422/283/884 1420/281/884
f 1411/278/885 1413/281/885 1420/281/885 1419/278/885
f 1417/283/886 1415/285/886 1421/285/886 1422/283/886
f 1423/278/877 1425/281/877 1426/280/877 1424/279/877
f 1425/281/887 1429/283/887 1430/282/887 1426/280/887
f 1429/283/879 1427/285/879 1428/284/879 1430/282/879
f 1427/285/888 1423/287/888 1424/286/888 1428/284/888
f 1427/285/889 1433/285/889 1431/287/889 1423/287/889
f 1430/282/882 1428/284/882 1424/289/882 1426/288/882
f 1432/281/883 1431/287/883 1433/285/883 1434/283/883
f 1425/281/890 1432/281/890 1434/283/890 1429/283/890
f 1423/278/885 1431/278/885 1432/281/885 1425/281/885
f 1429/283/886 1434/283/886 1433/285/886 1427/285/886
o Cylinder.001
v 1.212142 -4.891177 12.209858
v 1.921300 -4.891177 12.209858
v 1.212142 -4.960352 12.224402
v 1.921300 -4.960351 12.224402
v 1.212142 -5.026868 12.267477
v 1.921300 -5.026868 12.267477
v 1.212142 -5.088171 12.337426
v 1.921300 -5.088171 12.337426
v 1.212142 -5.141902 12.431561
v 1.921300 -5.141902 12.431561
v 1.212142 -5.185998 12.546266
v 1.921300 -5.185998 12.546266
v 1.212142 -5.218765 12.677132
v 1.921300 -5.218765 12.677132
v 1.212142 -5.238943 12.819129
v 1.921300 -5.238943 12.819129
v 1.212142 -5.245756 12.966801
v 1.921300 -5.245756 12.966801
v 1.212142 -5.238943 13.114472
v 1.921300 -5.238943 13.114472
v 1.212142 -5.218765 13.256470
v 1.921300 -5.218765 13.256470
v 1.212142 -5.185998 13.387336
v 1.921300 -5.185998 13.387336
v 1.212142 -5.141902 13.502040
v 1.921300 -5.141902 13.502040
v 1.212142 -5.088171 13.596175
v 1.921300 -5.088171 13.596175
v 1.212142 -5.026868 13.666124
v 1.921300 -5.026868 13.666124
v 1.212142 -4.960352 13.709199
v 1.921300 -4.960351 13.709199
v 1.212142 -4.891177 13.723743
v 1.921300 -4.891177 13.723743
v 1.212142 -4.822002 13.709199
v 1.921300 -4.822001 13.709199
v 1.212142 -4.755485 13.666124
v 1.921300 -4.755485 13.666124
v 1.212142 -4.694183 13.596175
v 1.921300 -4.694183 13.596175
v 1.212142 -4.640451 13.502040
v 1.921300 -4.640451 13.502040
v 1.212142 -4.596355 13.387336
v 1.921300 -4.596355 13.387336
v 1.212142 -4.563588 13.256470
v 1.921300 -4.563588 13.256470
v 1.212142 -4.543411 13.114472
v 1.921300 -4.543411 13.114472
v 1.212142 -4.536598 12.966801
v 1.921300 -4.536597 12.966801
v 1.212142 -4.543411 12.819129
v 1.921300 -4.543411 12.819129
v 1.212142 -4.563588 12.677132
v 1.921300 -4.563588 12.677132
v 1.212142 -4.596355 12.546266
v 1.921300 -4.596355 12.546266
v 1.212142 -4.640451 12.431561
v 1.921300 -4.640451 12.431561
v 1.212142 -4.694183 12.337426
v 1.921300 -4.694183 12.337426
v 1.212142 -4.755485 12.267477
v 1.921300 -4.755485 12.267477
v 1.212142 -4.822002 12.224402
v 1.921300 -4.822001 12.224402
v 0.845708 -4.929461 12.297108
v 0.845708 -4.990663 12.309976
v 0.845708 -5.049512 12.348084
v 0.845708 -5.103748 12.409971
v 0.845708 -5.151287 12.493256
v 0.845708 -5.190300 12.594739
v 0.845708 -5.219290 12.710520
v 0.845708 -5.237142 12.836150
v 0.845708 -5.243170 12.966801
v 0.845708 -5.237142 13.097451
v 0.845708 -5.219290 13.223082
v 0.845708 -5.190300 13.338862
v 0.845708 -5.151287 13.440346
v 0.845708 -5.103748 13.523630
v 0.845708 -5.049512 13.585517
v 0.845708 -4.990663 13.623626
v 0.845708 -4.929461 13.636494
v 0.845708 -4.868259 13.623626
v 0.845708 -4.809410 13.585517
v 0.845708 -4.755174 13.523630
v 0.845708 -4.707635 13.440346
v 0.845708 -4.668622 13.338862
v 0.845708 -4.639632 13.223082
v 0.845708 -4.621780 13.097451
v 0.845708 -4.615753 12.966801
v 0.845708 -4.621780 12.836150
v 0.845708 -4.639632 12.710520
v 0.845708 -4.668622 12.594739
v 0.845708 -4.707635 12.493256
v 0.845708 -4.755174 12.409971
v 0.845708 -4.809410 12.348084
v 0.845708 -4.868259 12.309976
v 0.555843 -4.962276 12.464973
v 0.555843 -5.008137 12.474616
v 0.555843 -5.052235 12.503173
v 0.555843 -5.092876 12.549546
v 0.555843 -5.128499 12.611956
v 0.555843 -5.157733 12.688001
v 0.555843 -5.179456 12.774759
v 0.555843 -5.192833 12.868899
v 0.555843 -5.197351 12.966801
v 0.555843 -5.192833 13.064702
v 0.555843 -5.179456 13.158842
v 0.555843 -5.157733 13.245601
v 0.555843 -5.128499 13.321646
v 0.555843 -5.092876 13.384055
v 0.555843 -5.052235 13.430429
v 0.555843 -5.008137 13.458985
v 0.555843 -4.962276 13.468628
v 0.555843 -4.916416 13.458985
v 0.555843 -4.872317 13.430429
v 0.555843 -4.831676 13.384055
v 0.555843 -4.796054 13.321646
v 0.555843 -4.766819 13.245601
v 0.555843 -4.745096 13.158842
v 0.555843 -4.731719 13.064702
v 0.555843 -4.727202 12.966801
v 0.555843 -4.731719 12.868899
v 0.555843 -4.745096 12.774759
v 0.555843 -4.766819 12.688001
v 0.555843 -4.796054 12.611956
v 0.555843 -4.831676 12.549546
v 0.555843 -4.872317 12.503173
v 0.555843 -4.916416 12.474616
v 0.364422 -4.978684 12.613835
v 0.364422 -5.010941 12.620618
v 0.364422 -5.041957 12.640703
v 0.364422 -5.070543 12.673321
v 0.364422 -5.095598 12.717216
v 0.364422 -5.116160 12.770703
v 0.364422 -5.131440 12.831727
v 0.364422 -5.140849 12.897941
v 0.364422 -5.144025 12.966801
v 0.364422 -5.140849 13.035661
v 0.364422 -5.131440 13.101874
v 0.364422 -5.116160 13.162898
v 0.364422 -5.095598 13.216385
v 0.364422 -5.070543 13.260281
v 0.364422 -5.041957 13.292898
v 0.364422 -5.010941 13.312984
v 0.364422 -4.978684 13.319766
v 0.364422 -4.946427 13.312984
v 0.364422 -4.915410 13.292898
v 0.364422 -4.886825 13.260281
v 0.364422 -4.861770 13.216385
v 0.364422 -4.841207 13.162898
v 0.364422 -4.825928 13.101874
v 0.364422 -4.816519 13.035661
v 0.364422 -4.813342 12.966801
v 0.364422 -4.816519 12.897941
v 0.364422 -4.825928 12.831727
v 0.364422 -4.841207 12.770703
v 0.364422 -4.861770 12.717216
v 0.364422 -4.886825 12.673321
v 0.364422 -4.915410 12.640703
v 0.364422 -4.946427 12.620618
v 0.271447 -4.978684 12.966801
v 0.271447 -4.978684 12.966801
v 0.271447 -4.978684 12.966801
v 0.271447 -4.978684 12.966801
v 0.271447 -4.978684 12.966801
v 0.271447 -4.978684 12.966801
v 0.271447 -4.978684 12.966801
v 0.271447 -4.978684 12.966801
v 0.271447 -4.978684 12.966801
v 0.271447 -4.978684 12.966801
v 0.271447 -4.978684 12.966801
v 0.271447 -4.978684 12.966801
v 0.271447 -4.978684 12.966801
v 0.271447 -4.978684 12.966801
v 0.271447 -4.978684 12.966801
v 0.271447 -4.978684 12.966801
v 0.271447 -4.978684 12.966801
v 0.271447 -4.978684 12.966801
v 0.271447 -4.978684 12.966801
v 0.271447 -4.978684 12.966801
v 0.271447 -4.978684 12.966801
v 0.271447 -4.978684 12.966801
v 0.271447 -4.978684 12.966801
v 0.271447 -4.978684 12.966801
v 0.271447 -4.978684 12.966801
v 0.271447 -4.978684 12.966801
v 0.271447 -4.978684 12.966801
v 0.271447 -4.978684 12.966801
v 0.271447 -4.978684 12.966801
v 0.271447 -4.978684 12.966801
v 0.271447 -4.978684 12.966801
v 0.271447 -4.978684 12.966801
v 2.637760 -4.891177 12.209858
v 2.637760 -4.960351 12.224402
v 2.637760 -5.026868 12.267477
v 2.637760 -5.088171 12.337426
v 2.637760 -5.141902 12.431561
v 2.637760 -5.185998 12.546266
v 2.637760 -5.218765 12.677132
v 2.637760 -5.238943 12.819129
v 2.637760 -5.245756 12.966801
v 2.637760 -5.238943 13.114472
v 2.637760 -5.218765 13.256470
v 2.637760 -5.185998 13.387336
v 2.637760 -5.141902 13.502040
v 2.637760 -5.088171 13.596175
v 2.637760 -5.026868 13.666124
v 2.637760 -4.960351 13.709199
v 2.637760 -4.891177 13.723743
v 2.637760 -4.822001 13.709199
v 2.637760 -4.755485 13.666124
v 2.637760 -4.694183 13.596175
v 2.637760 -4.640451 13.502040
v 2.637760 -4.596355 13.387336
v 2.637760 -4.563588 13.256470
v 2.637760 -4.543411 13.114472
v 2.637760 -4.536597 12.966801
v 2.637760 -4.543411 12.819129
v 2.637760 -4.563588 12.677132
v 2.637760 -4.596355 12.546266
v 2.637760 -4.640451 12.431561
v 2.637760 -4.694183 12.337426
v 2.637760 -4.755485 12.267477
v 2.637760 -4.822001 12.224402
v 3.540170 -4.891177 12.209858
v 3.540170 -4.960351 12.224402
v 3.540170 -5.026868 12.267477
v 3.540170 -5.088170 12.337426
v 3.540170 -5.141902 12.431561
v 3.540170 -5.185998 12.546266
v 3.540170 -5.218765 12.677132
v 3.540170 -5.238943 12.819129
v 3.540170 -5.245756 12.966801
v 3.540170 -5.238943 13.114472
v 3.540170 -5.218765 13.256470
v 3.540170 -5.185998 13.387336
v 3.540170 -5.141902 13.502040
v 3.540170 -5.088170 13.596175
v 3.540170 -5.026868 13.666124
v 3.540170 -4.960351 13.709199
v 3.540170 -4.891177 13.723743
v 3.540170 -4.822001 13.709199
v 3.540170 -4.755485 13.666124
v 3.540170 -4.694183 13.596175
v 3.540170 -4.640451 13.502040
v 3.540170 -4.596355 13.387336
v 3.540170 -4.563588 13.256470
v 3.540170 -4.543411 13.114472
v 3.540170 -4.536597 12.966801
v 3.540170 -4.543411 12.819129
v 3.540170 -4.563588 12.677132
v 3.540170 -4.596355 12.546266
v 3.540170 -4.640451 12.431561
v 3.540170 -4.694183 12.337426
v 3.540170 -4.755485 12.267477
v 3.540170 -4.822001 12.224402
v 4.054271 -4.923992 12.307085
v 4.054271 -4.984281 12.319761
v 4.054271 -5.042254 12.357303
v 4.054271 -5.095682 12.418267
v 4.054271 -5.142512 12.500311
v 4.054271 -5.180944 12.600283
v 4.054271 -5.209502 12.714338
v 4.054271 -5.227088 12.838097
v 4.054271 -5.233026 12.966801
v 4.054271 -5.227088 13.095505
v 4.054271 -5.209502 13.219263
v 4.054271 -5.180944 13.333319
v 4.054271 -5.142512 13.433290
v 4.054271 -5.095682 13.515334
v 4.054271 -5.042254 13.576299
v 4.054271 -4.984281 13.613840
v 4.054271 -4.923992 13.626516
v 4.054271 -4.863702 13.613840
v 4.054271 -4.805729 13.576299
v 4.054271 -4.752301 13.515334
v 4.054271 -4.705471 13.433290
v 4.054271 -4.667038 13.333319
v 4.054271 -4.638481 13.219263
v 4.054271 -4.620895 13.095505
v 4.054271 -4.614957 12.966801
v 4.054271 -4.620895 12.838097
v 4.054271 -4.638481 12.714338
v 4.054271 -4.667038 12.600283
v 4.054271 -4.705471 12.500311
v 4.054271 -4.752301 12.418267
v 4.054271 -4.805729 12.357303
v 4.054271 -4.863702 12.319761
v 4.475395 -4.956807 12.455569
v 4.475395 -5.003527 12.465392
v 4.475395 -5.048451 12.494485
v 4.475395 -5.089854 12.541727
v 4.475395 -5.126144 12.605306
v 4.475395 -5.155926 12.682775
v 4.475395 -5.178056 12.771161
v 4.475395 -5.191684 12.867064
v 4.475395 -5.196286 12.966801
v 4.475395 -5.191684 13.066537
v 4.475395 -5.178056 13.162440
v 4.475395 -5.155926 13.250826
v 4.475395 -5.126144 13.328296
v 4.475395 -5.089854 13.391874
v 4.475395 -5.048451 13.439116
v 4.475395 -5.003527 13.468209
v 4.475395 -4.956807 13.478032
v 4.475395 -4.910086 13.468209
v 4.475395 -4.865162 13.439116
v 4.475395 -4.823759 13.391874
v 4.475395 -4.787469 13.328296
v 4.475395 -4.757687 13.250826
v 4.475395 -4.735557 13.162440
v 4.475395 -4.721929 13.066537
v 4.475395 -4.717327 12.966801
v 4.475395 -4.721929 12.867064
v 4.475395 -4.735557 12.771161
v 4.475395 -4.757687 12.682775
v 4.475395 -4.787469 12.605306
v 4.475395 -4.823759 12.541727
v 4.475395 -4.865162 12.494485
v 4.475395 -4.910086 12.465392
v 4.726977 -4.973214 12.571082
v 4.726977 -5.009377 12.578686
v 4.726977 -5.044152 12.601205
v 4.726977 -5.076200 12.637773
v 4.726977 -5.104290 12.686985
v 4.726977 -5.127343 12.746951
v 4.726977 -5.144473 12.815366
v 4.726977 -5.155021 12.889600
v 4.726977 -5.158583 12.966801
v 4.726977 -5.155021 13.044002
v 4.726977 -5.144473 13.118236
v 4.726977 -5.127343 13.186650
v 4.726977 -5.104290 13.246616
v 4.726977 -5.076200 13.295829
v 4.726977 -5.044152 13.332397
v 4.726977 -5.009377 13.354916
v 4.726977 -4.973214 13.362519
v 4.726977 -4.937050 13.354916
v 4.726977 -4.902277 13.332397
v 4.726977 -4.870229 13.295829
v 4.726977 -4.842138 13.246616
v 4.726977 -4.819086 13.186650
v 4.726977 -4.801956 13.118236
v 4.726977 -4.791407 13.044002
v 4.726977 -4.787845 12.966801
v 4.726977 -4.791407 12.889600
v 4.726977 -4.801956 12.815366
v 4.726977 -4.819086 12.746951
v 4.726977 -4.842138 12.686985
v 4.726977 -4.870229 12.637773
v 4.726977 -4.902277 12.601205
v 4.726977 -4.937050 12.578686
v 4.869175 -4.973214 12.751535
v 4.869175 -4.992887 12.755672
v 4.869175 -5.011804 12.767921
v 4.869175 -5.029237 12.787814
v 4.869175 -5.044518 12.814585
v 4.869175 -5.057058 12.847205
v 4.869175 -5.066377 12.884422
v 4.869175 -5.072115 12.924805
v 4.869175 -5.074052 12.966801
v 4.869175 -5.072115 13.008797
v 4.869175 -5.066377 13.049179
v 4.869175 -5.057058 13.086396
v 4.869175 -5.044518 13.119017
v 4.869175 -5.029237 13.145787
v 4.869175 -5.011804 13.165680
v 4.869175 -4.992887 13.177930
v 4.869175 -4.973214 13.182066
v 4.869175 -4.953542 13.177930
v 4.869175 -4.934625 13.165680
v 4.869175 -4.917192 13.145787
v 4.869175 -4.901911 13.119017
v 4.869175 -4.889370 13.086396
v 4.869175 -4.880052 13.049179
v 4.869175 -4.874314 13.008797
v 4.869175 -4.872376 12.966801
v 4.869175 -4.874314 12.924805
v 4.869175 -4.880052 12.884422
v 4.869175 -4.889370 12.847205
v 4.869175 -4.901911 12.814585
v 4.869175 -4.917192 12.787814
v 4.869175 -4.934625 12.767921
v 4.869175 -4.953542 12.755672
v 4.934805 -4.973215 12.966801
v 4.934805 -4.973215 12.966801
v 4.934805 -4.973215 12.966801
v 4.934805 -4.973215 12.966801
v 4.934805 -4.973215 12.966801
v 4.934805 -4.973215 12.966801
v 4.934805 -4.973215 12.966801
v 4.934805 -4.973215 12.966801
v 4.934805 -4.973215 12.966801
v 4.934805 -4.973215 12.966801
v 4.934805 -4.973215 12.966801
v 4.934805 -4.973215 12.966801
v 4.934805 -4.973215 12.966801
v 4.934805 -4.973215 12.966801
v 4.934805 -4.973215 12.966801
v 4.934805 -4.973215 12.966801
v 4.934805 -4.973215 12.966801
v 4.934805 -4.973215 12.966801
v 4.934805 -4.973215 12.966801
v 4.934805 -4.973215 12.966801
v 4.934805 -4.973215 12.966801
v 4.934805 -4.973215 12.966801
v 4.934805 -4.973215 12.966801
v 4.934805 -4.973215 12.966801
v 4.934805 -4.973215 12.966801
v 4.934805 -4.973215 12.966801
v 4.934805 -4.973215 12.966801
v 4.934805 -4.973215 12.966801
v 4.934805 -4.973215 12.966801
v 4.934805 -4.973215 12.966801
v 4.934805 -4.973215 12.966801
v 4.934805 -4.973215 12.966801
vn -0.0000 -0.2058 -0.9786
vn -0.0000 -0.5436 -0.8394
vn -0.0000 -0.7521 -0.6591
vn -0.0000 -0.8685 -0.4957
vn -0.0000 -0.9334 -0.3588
vn -0.0000 -0.9701 -0.2429
vn -0.0000 -0.9901 -0.1407
vn -0.0000 -0.9989 -0.0461
vn -0.0000 -0.9989 0.0461
vn -0.0000 -0.9901 0.1407
vn -0.0000 -0.9701 0.2429
vn -0.0000 -0.9334 0.3588
vn -0.0000 -0.8685 0.4957
vn -0.0000 -0.7521 0.6591
vn -0.0000 -0.5436 0.8394
vn -0.0000 -0.2058 0.9786
vn -0.0000 0.2058 0.9786
vn -0.0000 0.5436 0.8394
vn -0.0000 0.7521 0.6591
vn -0.0000 0.8685 0.4957
vn -0.0000 0.9334 0.3588
vn -0.0000 0.9701 0.2429
vn -0.0000 0.9901 0.1407
vn -0.0000 0.9989 0.0461
vn -0.0000 0.9989 -0.0461
vn -0.0000 0.9901 -0.1407
vn -0.0000 0.9701 -0.2429
vn -0.0000 0.9334 -0.3588
vn -0.0000 0.8685 -0.4957
vn -0.0000 0.7521 -0.6591
vn -0.0000 0.5436 -0.8394
vn -0.0000 0.2058 -0.9786
vn -0.2109 0.9765 -0.0451
vn -0.2152 -0.9115 -0.3504
vn -0.0980 -0.7484 -0.6559
vn -0.0365 -0.9328 0.3586
vn -0.2256 0.9093 0.3496
vn -0.2477 0.7286 -0.6386
vn -0.0071 -0.9989 -0.0461
vn -0.2466 0.1994 0.9484
vn -0.2133 0.9673 -0.1374
vn -0.0611 -0.8669 -0.4948
vn -0.0611 -0.8669 0.4948
vn -0.2181 0.9467 0.2370
vn -0.2558 0.5255 -0.8114
vn -0.0071 -0.9989 0.0461
vn -0.2558 0.5255 0.8114
vn -0.2181 0.9467 -0.2370
vn -0.0365 -0.9328 -0.3586
vn -0.0980 -0.7484 0.6559
vn -0.2133 0.9673 0.1374
vn -0.2069 -0.2013 -0.9574
vn -0.2466 0.1994 -0.9484
vn -0.0114 -0.9900 0.1407
vn -0.2477 0.7286 0.6386
vn -0.2256 0.9093 -0.3496
vn -0.0207 -0.9698 -0.2428
vn -0.1494 -0.5375 0.8300
vn -0.2109 0.9765 0.0451
vn -0.1494 -0.5375 -0.8300
vn -0.0207 -0.9698 0.2428
vn -0.2358 0.8440 0.4817
vn -0.2358 0.8440 -0.4817
vn -0.0114 -0.9900 -0.1407
vn -0.2069 -0.2013 0.9574
vn -0.2681 -0.9624 -0.0444
vn -0.5082 0.1772 -0.8428
vn -0.4584 0.6684 0.5857
vn -0.1839 -0.9535 -0.2387
vn -0.4238 0.7866 0.4490
vn -0.1649 -0.9765 -0.1388
vn -0.3963 0.8570 0.3295
vn -0.1560 -0.9867 -0.0455
vn -0.3768 0.8986 0.2250
vn -0.1560 -0.9867 0.0455
vn -0.3645 0.9220 0.1310
vn -0.1649 -0.9765 0.1388
vn -0.3585 0.9325 0.0430
vn -0.1839 -0.9535 0.2387
vn -0.3585 0.9325 -0.0430
vn -0.2152 -0.9115 0.3504
vn -0.3645 0.9220 -0.1310
vn -0.2618 -0.8382 0.4784
vn -0.3768 0.8986 -0.2250
vn -0.3266 -0.7108 0.6229
vn -0.4775 -0.1808 -0.8598
vn -0.3963 0.8570 -0.3295
vn -0.4058 -0.4968 0.7672
vn -0.4058 -0.4968 -0.7672
vn -0.4238 0.7866 -0.4490
vn -0.4775 -0.1808 0.8598
vn -0.3266 -0.7108 -0.6229
vn -0.4584 0.6684 -0.5858
vn -0.5082 0.1772 0.8428
vn -0.2618 -0.8382 -0.4784
vn -0.4933 0.4728 -0.7302
vn -0.4933 0.4728 0.7302
vn -0.8895 -0.4433 0.1110
vn -0.4341 0.8739 0.2188
vn -0.2681 -0.9624 0.0444
vn -0.4179 0.8995 0.1278
vn -0.2787 -0.9508 0.1351
vn -0.4100 0.9111 0.0420
vn -0.3010 -0.9251 0.2316
vn -0.4100 0.9111 -0.0420
vn -0.3368 -0.8789 0.3379
vn -0.4179 0.8995 -0.1278
vn -0.3887 -0.8002 0.4567
vn -0.4341 0.8739 -0.2188
vn -0.4571 -0.6689 0.5862
vn -0.5966 -0.1651 -0.7854
vn -0.4598 0.8289 -0.3187
vn -0.5344 -0.4594 0.7095
vn -0.5344 -0.4594 -0.7095
vn -0.4957 0.7543 -0.4305
vn -0.5966 -0.1651 0.7854
vn -0.4571 -0.6689 -0.5862
vn -0.5408 0.6326 -0.5544
vn -0.6144 0.1623 0.7721
vn -0.3887 -0.8002 -0.4567
vn -0.5872 0.4400 -0.6794
vn -0.5872 0.4400 0.6794
vn -0.3368 -0.8789 -0.3379
vn -0.6144 0.1623 -0.7721
vn -0.5408 0.6326 0.5544
vn -0.3010 -0.9251 -0.2316
vn -0.4957 0.7543 0.4305
vn -0.2787 -0.9508 -0.1351
vn -0.4598 0.8289 0.3187
vn 1.0000 -0.0000 -0.0000
vn -0.8714 0.4900 -0.0226
vn -0.9057 -0.3956 0.1521
vn -0.8776 0.4746 -0.0674
vn -0.9244 -0.3313 0.1891
vn -0.8895 0.4433 -0.1110
vn -0.9426 -0.2511 0.2200
vn -0.9656 -0.0535 -0.2544
vn -0.9057 0.3956 -0.1521
vn -0.9574 -0.1570 0.2425
vn -0.9574 -0.1570 -0.2425
vn -0.9244 0.3313 -0.1891
vn -0.9656 -0.0535 0.2544
vn -0.9426 -0.2511 -0.2200
vn -0.9426 0.2511 -0.2200
vn -0.9656 0.0535 0.2544
vn -0.9244 -0.3313 -0.1891
vn -0.9574 0.1570 -0.2425
vn -0.9574 0.1570 0.2425
vn -0.9057 -0.3956 -0.1521
vn -0.9656 0.0535 -0.2544
vn -0.9426 0.2511 0.2200
vn -0.8895 -0.4433 -0.1110
vn -0.9244 0.3313 0.1891
vn -0.8776 -0.4746 -0.0674
vn -0.9057 0.3956 0.1521
vn -0.8714 -0.4900 -0.0226
vn -0.8895 0.4433 0.1110
vn -0.8714 -0.4900 0.0226
vn -0.8776 0.4746 0.0674
vn -0.8776 -0.4746 0.0674
vn -0.8714 0.4900 0.0226
vn 0.1735 0.8553 0.4882
vn 0.2400 0.9611 0.1366
vn 0.0280 -0.9897 -0.1406
vn 0.1638 0.9208 0.3540
vn 0.0247 -0.9986 -0.0461
vn 0.1569 0.9580 0.2399
vn 0.0247 -0.9986 0.0461
vn 0.1526 0.9785 0.1390
vn 0.0280 -0.9897 0.1406
vn 0.1505 0.9876 0.0456
vn 0.0350 -0.9695 0.2427
vn 0.1505 0.9876 -0.0456
vn 0.0468 -0.9324 0.3584
vn 0.1526 0.9785 -0.1390
vn 0.0651 -0.8666 0.4947
vn 0.1569 0.9580 -0.2399
vn 0.0923 -0.7489 0.6563
vn 0.1695 -0.2028 -0.9645
vn 0.1638 0.9208 -0.3540
vn 0.1293 -0.5390 0.8323
vn 0.1293 -0.5390 -0.8323
vn 0.1735 0.8553 -0.4882
vn 0.1695 -0.2028 0.9645
vn 0.0923 -0.7489 -0.6563
vn 0.1854 0.7390 -0.6477
vn 0.1944 0.2018 0.9599
vn 0.0651 -0.8666 -0.4947
vn 0.1959 0.5330 -0.8231
vn 0.1959 0.5330 0.8231
vn 0.0468 -0.9324 -0.3584
vn 0.1944 0.2018 -0.9599
vn 0.1854 0.7390 0.6477
vn 0.0350 -0.9695 -0.2427
vn 0.2750 0.9519 -0.1353
vn 0.0925 -0.9858 0.1401
vn 0.2360 0.9707 0.0448
vn 0.1046 -0.9647 0.2416
vn 0.2360 0.9707 -0.0448
vn 0.1248 -0.9261 0.3560
vn 0.2400 0.9611 -0.1366
vn 0.1554 -0.8579 0.4897
vn 0.2484 0.9397 -0.2353
vn 0.1995 -0.7369 0.6458
vn 0.3125 -0.1954 -0.9296
vn 0.2618 0.9009 -0.3463
vn 0.2565 -0.5254 0.8113
vn 0.2565 -0.5254 -0.8113
vn 0.2809 0.8335 -0.4758
vn 0.3125 -0.1954 0.9296
vn 0.1995 -0.7369 -0.6458
vn 0.3055 0.7161 -0.6276
vn 0.3396 0.1935 0.9204
vn 0.1554 -0.8579 -0.4897
vn 0.3305 0.5130 -0.7922
vn 0.3305 0.5130 0.7922
vn 0.1248 -0.9261 -0.3560
vn 0.3396 0.1935 -0.9204
vn 0.3055 0.7161 0.6276
vn 0.1046 -0.9647 -0.2416
vn 0.2809 0.8335 0.4758
vn 0.0925 -0.9858 -0.1401
vn 0.2618 0.9009 0.3463
vn 0.0868 -0.9952 -0.0459
vn 0.2484 0.9397 0.2353
vn 0.0868 -0.9952 0.0459
vn 0.7423 -0.3642 -0.5624
vn 0.2300 -0.8452 0.4824
vn 0.2862 0.9295 -0.2327
vn 0.2807 -0.7218 0.6326
vn 0.3996 -0.1886 -0.8971
vn 0.3042 0.8892 -0.3418
vn 0.3432 -0.5105 0.7884
vn 0.3432 -0.5105 -0.7884
vn 0.3301 0.8198 -0.4679
vn 0.3996 -0.1886 0.8971
vn 0.2807 -0.7218 -0.6326
vn 0.3638 0.7005 -0.6139
vn 0.4200 0.1867 0.8881
vn 0.2300 -0.8452 -0.4824
vn 0.3999 0.4982 -0.7694
vn 0.3999 0.4982 0.7694
vn 0.1938 -0.9157 -0.3520
vn 0.4200 0.1867 -0.8881
vn 0.3638 0.7005 0.6139
vn 0.1697 -0.9560 -0.2394
vn 0.3301 0.8198 0.4679
vn 0.1550 -0.9781 -0.1390
vn 0.3042 0.8892 0.3418
vn 0.1481 -0.9879 -0.0456
vn 0.2862 0.9295 0.2327
vn 0.1481 -0.9879 0.0456
vn 0.2750 0.9519 0.1353
vn 0.1550 -0.9781 0.1390
vn 0.2696 0.9619 0.0444
vn 0.1697 -0.9560 0.2394
vn 0.2696 0.9619 -0.0444
vn 0.1938 -0.9157 0.3520
vn 0.8793 -0.4445 -0.1709
vn 0.6294 0.6749 -0.3852
vn 0.7789 -0.1290 0.6138
vn 0.6864 -0.5469 -0.4793
vn 0.6864 0.5469 -0.4793
vn 0.7789 0.1290 0.6138
vn 0.6294 -0.6749 -0.3852
vn 0.7423 0.3642 -0.5624
vn 0.7423 0.3642 0.5624
vn 0.5813 -0.7595 -0.2920
vn 0.7789 0.1290 -0.6138
vn 0.6864 0.5469 0.4793
vn 0.5454 -0.8131 -0.2036
vn 0.6294 0.6749 0.3852
vn 0.5220 -0.8444 -0.1200
vn 0.5813 0.7595 0.2920
vn 0.5106 -0.8589 -0.0396
vn 0.5454 0.8131 0.2036
vn 0.5106 -0.8589 0.0396
vn 0.5220 0.8444 0.1200
vn 0.5220 -0.8444 0.1200
vn 0.5106 0.8589 0.0396
vn 0.5454 -0.8131 0.2036
vn 0.5106 0.8589 -0.0396
vn 0.5813 -0.7595 0.2920
vn 0.5220 0.8444 -0.1200
vn 0.6294 -0.6749 0.3852
vn 0.5454 0.8131 -0.2036
vn 0.6864 -0.5469 0.4793
vn 0.7789 -0.1290 -0.6138
vn 0.5813 0.7595 -0.2920
vn 0.7423 -0.3642 0.5624
vn 0.9547 0.0612 -0.2911
vn 0.9253 0.2853 0.2500
vn 0.8595 -0.4958 -0.1241
vn 0.9023 0.3744 0.2137
vn 0.8453 -0.5290 -0.0752
vn 0.8793 0.4445 0.1709
vn 0.8379 -0.5453 -0.0252
vn 0.8595 0.4958 0.1241
vn 0.8379 -0.5453 0.0252
vn 0.8453 0.5290 0.0752
vn 0.8453 -0.5290 0.0752
vn 0.8379 0.5453 0.0252
vn 0.8595 -0.4958 0.1241
vn 0.8379 0.5453 -0.0252
vn 0.8793 -0.4445 0.1709
vn 0.8453 0.5290 -0.0752
vn 0.9023 -0.3744 0.2137
vn 0.8595 0.4958 -0.1241
vn 0.9253 -0.2853 0.2500
vn 0.9547 -0.0612 -0.2911
vn 0.8793 0.4445 -0.1709
vn 0.9441 -0.1792 0.2768
vn 0.9441 -0.1792 -0.2768
vn 0.9023 0.3744 -0.2137
vn 0.9547 -0.0612 0.2911
vn 0.9253 -0.2853 -0.2500
vn 0.9253 0.2853 -0.2500
vn 0.9547 0.0612 0.2911
vn 0.9023 -0.3744 -0.2137
vn 0.9441 0.1792 -0.2768
vn 0.9441 0.1792 0.2768
vt 1.000000 0.500000
vt 1.000000 1.000000
vt 0.968750 1.000000
vt 0.968750 0.500000
vt 0.937500 1.000000
vt 0.937500 0.500000
vt 0.906250 1.000000
vt 0.906250 0.500000
vt 0.875000 1.000000
vt 0.875000 0.500000
vt 0.843750 1.000000
vt 0.843750 0.500000
vt 0.812500 1.000000
vt 0.812500 0.500000
vt 0.781250 1.000000
vt 0.781250 0.500000
vt 0.750000 1.000000
vt 0.750000 0.500000
vt 0.718750 1.000000
vt 0.718750 0.500000
vt 0.687500 1.000000
vt 0.687500 0.500000
vt 0.656250 1.000000
vt 0.656250 0.500000
vt 0.625000 1.000000
vt 0.625000 0.500000
vt 0.593750 1.000000
vt 0.593750 0.500000
vt 0.562500 1.000000
vt 0.562500 0.500000
vt 0.531250 1.000000
vt 0.531250 0.500000
vt 0.500000 1.000000
vt 0.500000 0.500000
vt 0.468750 1.000000
vt 0.468750 0.500000
vt 0.437500 1.000000
vt 0.437500 0.500000
vt 0.406250 1.000000
vt 0.406250 0.500000
vt 0.375000 1.000000
vt 0.375000 0.500000
vt 0.343750 1.000000
vt 0.343750 0.500000
vt 0.312500 1.000000
vt 0.312500 0.500000
vt 0.281250 1.000000
vt 0.281250 0.500000
vt 0.250000 1.000000
vt 0.250000 0.500000
vt 0.218750 1.000000
vt 0.218750 0.500000
vt 0.187500 1.000000
vt 0.187500 0.500000
vt 0.156250 1.000000
vt 0.156250 0.500000
vt 0.125000 1.000000
vt 0.125000 0.500000
vt 0.093750 1.000000
vt 0.093750 0.500000
vt 0.062500 1.000000
vt 0.062500 0.500000
vt 0.031250 1.000000
vt 0.031250 0.500000
vt 0.000000 1.000000
vt 0.000000 0.500000
vt 0.750000 0.490000
vt 0.796822 0.485388
vt 0.841844 0.471731
vt 0.883337 0.449553
vt 0.919706 0.419706
vt 0.949553 0.383337
vt 0.971731 0.341844
vt 0.985388 0.296822
vt 0.990000 0.250000
vt 0.985388 0.203178
vt 0.971731 0.158156
vt 0.949553 0.116663
vt 0.919706 0.080294
vt 0.883337 0.050447
vt 0.841844 0.028269
vt 0.796822 0.014612
vt 0.750000 0.010000
vt 0.703178 0.014612
vt 0.658156 0.028269
vt 0.616663 0.050447
vt 0.580294 0.080294
vt 0.550447 0.116663
vt 0.528269 0.158156
vt 0.514612 0.203178
vt 0.510000 0.250000
vt 0.514612 0.296822
vt 0.528269 0.341844
vt 0.550447 0.383337
vt 0.580294 0.419706
vt 0.616663 0.449553
vt 0.658156 0.471731
vt 0.703178 0.485388
vt 0.296822 0.485388
vt 0.250000 0.490000
vt 0.203178 0.485388
vt 0.158156 0.471731
vt 0.116663 0.449553
vt 0.080294 0.419706
vt 0.050447 0.383337
vt 0.028269 0.341844
vt 0.014612 0.296822
vt 0.010000 0.250000
vt 0.014612 0.203178
vt 0.028269 0.158156
vt 0.050447 0.116663
vt 0.080294 0.080294
vt 0.116663 0.050447
vt 0.158156 0.028269
vt 0.203178 0.014612
vt 0.250000 0.010000
vt 0.296822 0.014612
vt 0.341844 0.028269
vt 0.383337 0.050447
vt 0.419706 0.080294
vt 0.449553 0.116663
vt 0.471731 0.158156
vt 0.485388 0.203178
vt 0.490000 0.250000
vt 0.485388 0.296822
vt 0.471731 0.341844
vt 0.449553 0.383337
vt 0.419706 0.419706
vt 0.383337 0.449553
vt 0.341844 0.471731
s 0
usemtl Material.001
f 1435/290/891 1436/291/891 1438/292/891 1437/293/891
f 1437/293/892 1438/292/892 1440/294/892 1439/295/892
f 1439/295/893 1440/294/893 1442/296/893 1441/297/893
f 1441/297/894 1442/296/894 1444/298/894 1443/299/894
f 1443/299/895 1444/298/895 1446/300/895 1445/301/895
f 1445/301/896 1446/300/896 1448/302/896 1447/303/896
f 1447/303/897 1448/302/897 1450/304/897 1449/305/897
f 1449/305/898 1450/304/898 1452/306/898 1451/307/898
f 1451/307/899 1452/306/899 1454/308/899 1453/309/899
f 1453/309/900 1454/308/900 1456/310/900 1455/311/900
f 1455/311/901 1456/310/901 1458/312/901 1457/313/901
f 1457/313/902 1458/312/902 1460/314/902 1459/315/902
f 1459/315/903 1460/314/903 1462/316/903 1461/317/903
f 1461/317/904 1462/316/904 1464/318/904 1463/319/904
f 1463/319/905 1464/318/905 1466/320/905 1465/321/905
f 1465/321/906 1466/320/906 1468/322/906 1467/323/906
f 1467/323/907 1468/322/907 1470/324/907 1469/325/907
f 1469/325/908 1470/324/908 1472/326/908 1471/327/908
f 1471/327/909 1472/326/909 1474/328/909 1473/329/909
f 1473/329/910 1474/328/910 1476/330/910 1475/331/910
f 1475/331/911 1476/330/911 1478/332/911 1477/333/911
f 1477/333/912 1478/332/912 1480/334/912 1479/335/912
f 1479/335/913 1480/334/913 1482/336/913 1481/337/913
f 1481/337/914 1482/336/914 1484/338/914 1483/339/914
f 1483/339/915 1484/338/915 1486/340/915 1485/341/915
f 1485/341/916 1486/340/916 1488/342/916 1487/343/916
f 1487/343/917 1488/342/917 1490/344/917 1489/345/917
f 1489/345/918 1490/344/918 1492/346/918 1491/347/918
f 1491/347/919 1492/346/919 1494/348/919 1493/349/919
f 1493/349/920 1494/348/920 1496/350/920 1495/351/920
f 1450/304/897 1448/302/897 1633/302/897 1634/304/897
f 1495/351/921 1496/350/921 1498/352/921 1497/353/921
f 1497/353/922 1498/352/922 1436/354/922 1435/355/922
f 1483/339/923 1485/341/923 1524/341/923 1523/339/923
f 1503/299/924 1504/301/924 1536/301/924 1535/299/924
f 1439/295/925 1441/297/925 1502/297/925 1501/295/925
f 1457/313/926 1459/315/926 1511/315/926 1510/313/926
f 1475/331/927 1477/333/927 1520/333/927 1519/331/927
f 1493/349/928 1495/351/928 1529/351/928 1528/349/928
f 1449/305/929 1451/307/929 1507/307/929 1506/305/929
f 1467/323/930 1469/325/930 1516/325/930 1515/323/930
f 1485/341/931 1487/343/931 1525/343/931 1524/341/931
f 1441/297/932 1443/299/932 1503/299/932 1502/297/932
f 1459/315/933 1461/317/933 1512/317/933 1511/315/933
f 1477/333/934 1479/335/934 1521/335/934 1520/333/934
f 1495/351/935 1497/353/935 1530/353/935 1529/351/935
f 1451/307/936 1453/309/936 1508/309/936 1507/307/936
f 1469/325/937 1471/327/937 1517/327/937 1516/325/937
f 1487/343/938 1489/345/938 1526/345/938 1525/343/938
f 1443/299/939 1445/301/939 1504/301/939 1503/299/939
f 1461/317/940 1463/319/940 1513/319/940 1512/317/940
f 1479/335/941 1481/337/941 1522/337/941 1521/335/941
f 1435/290/942 1437/293/942 1500/293/942 1499/290/942
f 1497/353/943 1435/355/943 1499/355/943 1530/353/943
f 1453/309/944 1455/311/944 1509/311/944 1508/309/944
f 1471/327/945 1473/329/945 1518/329/945 1517/327/945
f 1489/345/946 1491/347/946 1527/347/946 1526/345/946
f 1445/301/947 1447/303/947 1505/303/947 1504/301/947
f 1463/319/948 1465/321/948 1514/321/948 1513/319/948
f 1481/337/949 1483/339/949 1523/339/949 1522/337/949
f 1437/293/950 1439/295/950 1501/295/950 1500/293/950
f 1455/311/951 1457/313/951 1510/313/951 1509/311/951
f 1473/329/952 1475/331/952 1519/331/952 1518/329/952
f 1491/347/953 1493/349/953 1528/349/953 1527/347/953
f 1447/303/954 1449/305/954 1506/305/954 1505/303/954
f 1465/321/955 1467/323/955 1515/323/955 1514/321/955
f 1538/305/956 1539/307/956 1571/307/956 1570/305/956
f 1530/353/957 1499/355/957 1531/355/957 1562/353/957
f 1517/327/958 1518/329/958 1550/329/958 1549/327/958
f 1504/301/959 1505/303/959 1537/303/959 1536/301/959
f 1518/329/960 1519/331/960 1551/331/960 1550/329/960
f 1505/303/961 1506/305/961 1538/305/961 1537/303/961
f 1519/331/962 1520/333/962 1552/333/962 1551/331/962
f 1506/305/963 1507/307/963 1539/307/963 1538/305/963
f 1520/333/964 1521/335/964 1553/335/964 1552/333/964
f 1507/307/965 1508/309/965 1540/309/965 1539/307/965
f 1521/335/966 1522/337/966 1554/337/966 1553/335/966
f 1508/309/967 1509/311/967 1541/311/967 1540/309/967
f 1522/337/968 1523/339/968 1555/339/968 1554/337/968
f 1509/311/969 1510/313/969 1542/313/969 1541/311/969
f 1523/339/970 1524/341/970 1556/341/970 1555/339/970
f 1510/313/971 1511/315/971 1543/315/971 1542/313/971
f 1524/341/972 1525/343/972 1557/343/972 1556/341/972
f 1511/315/973 1512/317/973 1544/317/973 1543/315/973
f 1525/343/974 1526/345/974 1558/345/974 1557/343/974
f 1512/317/975 1513/319/975 1545/319/975 1544/317/975
f 1499/290/976 1500/293/976 1532/293/976 1531/290/976
f 1526/345/977 1527/347/977 1559/347/977 1558/345/977
f 1513/319/978 1514/321/978 1546/321/978 1545/319/978
f 1500/293/979 1501/295/979 1533/295/979 1532/293/979
f 1527/347/980 1528/349/980 1560/349/980 1559/347/980
f 1514/321/981 1515/323/981 1547/323/981 1546/321/981
f 1501/295/982 1502/297/982 1534/297/982 1533/295/982
f 1528/349/983 1529/351/983 1561/351/983 1560/349/983
f 1515/323/984 1516/325/984 1548/325/984 1547/323/984
f 1502/297/985 1503/299/985 1535/299/985 1534/297/985
f 1529/351/986 1530/353/986 1562/353/986 1561/351/986
f 1516/325/987 1517/327/987 1549/327/987 1548/325/987
f 1573/311/988 1574/313/988 1606/313/988 1605/311/988
f 1552/333/989 1553/335/989 1585/335/989 1584/333/989
f 1539/307/990 1540/309/990 1572/309/990 1571/307/990
f 1553/335/991 1554/337/991 1586/337/991 1585/335/991
f 1540/309/992 1541/311/992 1573/311/992 1572/309/992
f 1554/337/993 1555/339/993 1587/339/993 1586/337/993
f 1541/311/994 1542/313/994 1574/313/994 1573/311/994
f 1555/339/995 1556/341/995 1588/341/995 1587/339/995
f 1542/313/996 1543/315/996 1575/315/996 1574/313/996
f 1556/341/997 1557/343/997 1589/343/997 1588/341/997
f 1543/315/998 1544/317/998 1576/317/998 1575/315/998
f 1557/343/999 1558/345/999 1590/345/999 1589/343/999
f 1544/317/1000 1545/319/1000 1577/319/1000 1576/317/1000
f 1531/290/1001 1532/293/1001 1564/293/1001 1563/290/1001
f 1558/345/1002 1559/347/1002 1591/347/1002 1590/345/1002
f 1545/319/1003 1546/321/1003 1578/321/1003 1577/319/1003
f 1532/293/1004 1533/295/1004 1565/295/1004 1564/293/1004
f 1559/347/1005 1560/349/1005 1592/349/1005 1591/347/1005
f 1546/321/1006 1547/323/1006 1579/323/1006 1578/321/1006
f 1533/295/1007 1534/297/1007 1566/297/1007 1565/295/1007
f 1560/349/1008 1561/351/1008 1593/351/1008 1592/349/1008
f 1547/323/1009 1548/325/1009 1580/325/1009 1579/323/1009
f 1534/297/1010 1535/299/1010 1567/299/1010 1566/297/1010
f 1561/351/1011 1562/353/1011 1594/353/1011 1593/351/1011
f 1548/325/1012 1549/327/1012 1581/327/1012 1580/325/1012
f 1535/299/1013 1536/301/1013 1568/301/1013 1567/299/1013
f 1562/353/1014 1531/355/1014 1563/355/1014 1594/353/1014
f 1549/327/1015 1550/329/1015 1582/329/1015 1581/327/1015
f 1536/301/1016 1537/303/1016 1569/303/1016 1568/301/1016
f 1550/329/1017 1551/331/1017 1583/331/1017 1582/329/1017
f 1537/303/1018 1538/305/1018 1570/305/1018 1569/303/1018
f 1551/331/1019 1552/333/1019 1584/333/1019 1583/331/1019
f 1595/356/1020 1596/357/1020 1597/358/1020 1598/359/1020 1599/360/1020 1600/361/1020 1601/362/1020 1602/363/1020 1603/364/1020 1604/365/1020 1605/366/1020 1606/367/1020 1607/368/1020 1608/369/1020 1609/370/1020 1610/371/1020 1611/372/1020 1612/373/1020 1613/374/1020 1614/375/1020 1615/376/1020 1616/377/1020 1617/378/1020 1618/379/1020 1619/380/1020 1620/381/1020 1621/382/1020 1622/383/1020 1623/384/1020 1624/385/1020 1625/386/1020 1626/387/1020
f 1587/339/1021 1588/341/1021 1620/341/1021 1619/339/1021
f 1574/313/1022 1575/315/1022 1607/315/1022 1606/313/1022
f 1588/341/1023 1589/343/1023 1621/343/1023 1620/341/1023
f 1575/315/1024 1576/317/1024 1608/317/1024 1607/315/1024
f 1589/343/1025 1590/345/1025 1622/345/1025 1621/343/1025
f 1576/317/1026 1577/319/1026 1609/319/1026 1608/317/1026
f 1563/290/1027 1564/293/1027 1596/293/1027 1595/290/1027
f 1590/345/1028 1591/347/1028 1623/347/1028 1622/345/1028
f 1577/319/1029 1578/321/1029 1610/321/1029 1609/319/1029
f 1564/293/1030 1565/295/1030 1597/295/1030 1596/293/1030
f 1591/347/1031 1592/349/1031 1624/349/1031 1623/347/1031
f 1578/321/1032 1579/323/1032 1611/323/1032 1610/321/1032
f 1565/295/1033 1566/297/1033 1598/297/1033 1597/295/1033
f 1592/349/1034 1593/351/1034 1625/351/1034 1624/349/1034
f 1579/323/1035 1580/325/1035 1612/325/1035 1611/323/1035
f 1566/297/1036 1567/299/1036 1599/299/1036 1598/297/1036
f 1593/351/1037 1594/353/1037 1626/353/1037 1625/351/1037
f 1580/325/1038 1581/327/1038 1613/327/1038 1612/325/1038
f 1567/299/1039 1568/301/1039 1600/301/1039 1599/299/1039
f 1594/353/1040 1563/355/1040 1595/355/1040 1626/353/1040
f 1581/327/1041 1582/329/1041 1614/329/1041 1613/327/1041
f 1568/301/1042 1569/303/1042 1601/303/1042 1600/301/1042
f 1582/329/1043 1583/331/1043 1615/331/1043 1614/329/1043
f 1569/303/1044 1570/305/1044 1602/305/1044 1601/303/1044
f 1583/331/1045 1584/333/1045 1616/333/1045 1615/331/1045
f 1570/305/1046 1571/307/1046 1603/307/1046 1602/305/1046
f 1584/333/1047 1585/335/1047 1617/335/1047 1616/333/1047
f 1571/307/1048 1572/309/1048 1604/309/1048 1603/307/1048
f 1585/335/1049 1586/337/1049 1618/337/1049 1617/335/1049
f 1572/309/1050 1573/311/1050 1605/311/1050 1604/309/1050
f 1586/337/1051 1587/339/1051 1619/339/1051 1618/337/1051
f 1644/324/907 1643/322/907 1675/322/907 1676/324/907
f 1468/322/906 1466/320/906 1642/320/906 1643/322/906
f 1486/340/915 1484/338/915 1651/338/915 1652/340/915
f 1442/296/893 1440/294/893 1629/294/893 1630/296/893
f 1460/314/902 1458/312/902 1638/312/902 1639/314/902
f 1478/332/911 1476/330/911 1647/330/911 1648/332/911
f 1496/350/920 1494/348/920 1656/348/920 1657/350/920
f 1452/306/898 1450/304/898 1634/304/898 1635/306/898
f 1470/324/907 1468/322/907 1643/322/907 1644/324/907
f 1488/342/916 1486/340/916 1652/340/916 1653/342/916
f 1444/298/894 1442/296/894 1630/296/894 1631/298/894
f 1462/316/903 1460/314/903 1639/314/903 1640/316/903
f 1480/334/912 1478/332/912 1648/332/912 1649/334/912
f 1498/352/921 1496/350/921 1657/350/921 1658/352/921
f 1454/308/899 1452/306/899 1635/306/899 1636/308/899
f 1472/326/908 1470/324/908 1644/324/908 1645/326/908
f 1490/344/917 1488/342/917 1653/342/917 1654/344/917
f 1446/300/895 1444/298/895 1631/298/895 1632/300/895
f 1464/318/904 1462/316/904 1640/316/904 1641/318/904
f 1482/336/913 1480/334/913 1649/334/913 1650/336/913
f 1438/292/891 1436/291/891 1627/291/891 1628/292/891
f 1436/354/922 1498/352/922 1658/352/922 1627/354/922
f 1456/310/900 1454/308/900 1636/308/900 1637/310/900
f 1474/328/909 1472/326/909 1645/326/909 1646/328/909
f 1492/346/918 1490/344/918 1654/344/918 1655/346/918
f 1448/302/896 1446/300/896 1632/300/896 1633/302/896
f 1466/320/905 1464/318/905 1641/318/905 1642/320/905
f 1484/338/914 1482/336/914 1650/336/914 1651/338/914
f 1440/294/892 1438/292/892 1628/292/892 1629/294/892
f 1458/312/901 1456/310/901 1637/310/901 1638/312/901
f 1476/330/910 1474/328/910 1646/328/910 1647/330/910
f 1494/348/919 1492/346/919 1655/346/919 1656/348/919
f 1679/330/1052 1678/328/1052 1710/328/1052 1711/330/1052
f 1631/298/894 1630/296/894 1662/296/894 1663/298/894
f 1658/352/921 1657/350/921 1689/350/921 1690/352/921
f 1645/326/908 1644/324/908 1676/324/908 1677/326/908
f 1632/300/895 1631/298/895 1663/298/895 1664/300/895
f 1627/354/922 1658/352/922 1690/352/922 1659/354/922
f 1646/328/909 1645/326/909 1677/326/909 1678/328/909
f 1633/302/896 1632/300/896 1664/300/896 1665/302/896
f 1647/330/910 1646/328/910 1678/328/910 1679/330/910
f 1634/304/897 1633/302/897 1665/302/897 1666/304/897
f 1648/332/911 1647/330/911 1679/330/911 1680/332/911
f 1635/306/898 1634/304/898 1666/304/898 1667/306/898
f 1649/334/912 1648/332/912 1680/332/912 1681/334/912
f 1636/308/899 1635/306/899 1667/306/899 1668/308/899
f 1650/336/913 1649/334/913 1681/334/913 1682/336/913
f 1637/310/900 1636/308/900 1668/308/900 1669/310/900
f 1651/338/914 1650/336/914 1682/336/914 1683/338/914
f 1638/312/901 1637/310/901 1669/310/901 1670/312/901
f 1652/340/915 1651/338/915 1683/338/915 1684/340/915
f 1639/314/902 1638/312/902 1670/312/902 1671/314/902
f 1653/342/916 1652/340/916 1684/340/916 1685/342/916
f 1640/316/903 1639/314/903 1671/314/903 1672/316/903
f 1654/344/917 1653/342/917 1685/342/917 1686/344/917
f 1641/318/904 1640/316/904 1672/316/904 1673/318/904
f 1628/292/891 1627/291/891 1659/291/891 1660/292/891
f 1655/346/918 1654/344/918 1686/344/918 1687/346/918
f 1642/320/905 1641/318/905 1673/318/905 1674/320/905
f 1629/294/892 1628/292/892 1660/292/892 1661/294/892
f 1656/348/919 1655/346/919 1687/346/919 1688/348/919
f 1643/322/906 1642/320/906 1674/320/906 1675/322/906
f 1630/296/893 1629/294/893 1661/294/893 1662/296/893
f 1657/350/920 1656/348/920 1688/348/920 1689/350/920
f 1714/336/1053 1713/334/1053 1745/334/1053 1746/336/1053
f 1666/304/1054 1665/302/1054 1697/302/1054 1698/304/1054
f 1680/332/1055 1679/330/1055 1711/330/1055 1712/332/1055
f 1667/306/1056 1666/304/1056 1698/304/1056 1699/306/1056
f 1681/334/1057 1680/332/1057 1712/332/1057 1713/334/1057
f 1668/308/1058 1667/306/1058 1699/306/1058 1700/308/1058
f 1682/336/1059 1681/334/1059 1713/334/1059 1714/336/1059
f 1669/310/1060 1668/308/1060 1700/308/1060 1701/310/1060
f 1683/338/1061 1682/336/1061 1714/336/1061 1715/338/1061
f 1670/312/1062 1669/310/1062 1701/310/1062 1702/312/1062
f 1684/340/1063 1683/338/1063 1715/338/1063 1716/340/1063
f 1671/314/1064 1670/312/1064 1702/312/1064 1703/314/1064
f 1685/342/1065 1684/340/1065 1716/340/1065 1717/342/1065
f 1672/316/1066 1671/314/1066 1703/314/1066 1704/316/1066
f 1686/344/1067 1685/342/1067 1717/342/1067 1718/344/1067
f 1673/318/1068 1672/316/1068 1704/316/1068 1705/318/1068
f 1660/292/1069 1659/291/1069 1691/291/1069 1692/292/1069
f 1687/346/1070 1686/344/1070 1718/344/1070 1719/346/1070
f 1674/320/1071 1673/318/1071 1705/318/1071 1706/320/1071
f 1661/294/1072 1660/292/1072 1692/292/1072 1693/294/1072
f 1688/348/1073 1687/346/1073 1719/346/1073 1720/348/1073
f 1675/322/1074 1674/320/1074 1706/320/1074 1707/322/1074
f 1662/296/1075 1661/294/1075 1693/294/1075 1694/296/1075
f 1689/350/1076 1688/348/1076 1720/348/1076 1721/350/1076
f 1676/324/1077 1675/322/1077 1707/322/1077 1708/324/1077
f 1663/298/1078 1662/296/1078 1694/296/1078 1695/298/1078
f 1690/352/1079 1689/350/1079 1721/350/1079 1722/352/1079
f 1677/326/1080 1676/324/1080 1708/324/1080 1709/326/1080
f 1664/300/1081 1663/298/1081 1695/298/1081 1696/300/1081
f 1659/354/1082 1690/352/1082 1722/352/1082 1691/354/1082
f 1678/328/1083 1677/326/1083 1709/326/1083 1710/328/1083
f 1665/302/1084 1664/300/1084 1696/300/1084 1697/302/1084
f 1749/342/1085 1748/340/1085 1780/340/1085 1781/342/1085
f 1701/310/1086 1700/308/1086 1732/308/1086 1733/310/1086
f 1715/338/1087 1714/336/1087 1746/336/1087 1747/338/1087
f 1702/312/1088 1701/310/1088 1733/310/1088 1734/312/1088
f 1716/340/1089 1715/338/1089 1747/338/1089 1748/340/1089
f 1703/314/1090 1702/312/1090 1734/312/1090 1735/314/1090
f 1717/342/1091 1716/340/1091 1748/340/1091 1749/342/1091
f 1704/316/1092 1703/314/1092 1735/314/1092 1736/316/1092
f 1718/344/1093 1717/342/1093 1749/342/1093 1750/344/1093
f 1705/318/1094 1704/316/1094 1736/316/1094 1737/318/1094
f 1692/292/1095 1691/291/1095 1723/291/1095 1724/292/1095
f 1719/346/1096 1718/344/1096 1750/344/1096 1751/346/1096
f 1706/320/1097 1705/318/1097 1737/318/1097 1738/320/1097
f 1693/294/1098 1692/292/1098 1724/292/1098 1725/294/1098
f 1720/348/1099 1719/346/1099 1751/346/1099 1752/348/1099
f 1707/322/1100 1706/320/1100 1738/320/1100 1739/322/1100
f 1694/296/1101 1693/294/1101 1725/294/1101 1726/296/1101
f 1721/350/1102 1720/348/1102 1752/348/1102 1753/350/1102
f 1708/324/1103 1707/322/1103 1739/322/1103 1740/324/1103
f 1695/298/1104 1694/296/1104 1726/296/1104 1727/298/1104
f 1722/352/1105 1721/350/1105 1753/350/1105 1754/352/1105
f 1709/326/1106 1708/324/1106 1740/324/1106 1741/326/1106
f 1696/300/1107 1695/298/1107 1727/298/1107 1728/300/1107
f 1691/354/1108 1722/352/1108 1754/352/1108 1723/354/1108
f 1710/328/1109 1709/326/1109 1741/326/1109 1742/328/1109
f 1697/302/1110 1696/300/1110 1728/300/1110 1729/302/1110
f 1711/330/1111 1710/328/1111 1742/328/1111 1743/330/1111
f 1698/304/1112 1697/302/1112 1729/302/1112 1730/304/1112
f 1712/332/1113 1711/330/1113 1743/330/1113 1744/332/1113
f 1699/306/1114 1698/304/1114 1730/304/1114 1731/306/1114
f 1713/334/1115 1712/332/1115 1744/332/1115 1745/334/1115
f 1700/308/1116 1699/306/1116 1731/306/1116 1732/308/1116
f 1757/294/1117 1756/292/1117 1788/292/1117 1789/294/1117
f 1736/316/1118 1735/314/1118 1767/314/1118 1768/316/1118
f 1750/344/1119 1749/342/1119 1781/342/1119 1782/344/1119
f 1737/318/1120 1736/316/1120 1768/316/1120 1769/318/1120
f 1724/292/1121 1723/291/1121 1755/291/1121 1756/292/1121
f 1751/346/1122 1750/344/1122 1782/344/1122 1783/346/1122
f 1738/320/1123 1737/318/1123 1769/318/1123 1770/320/1123
f 1725/294/1124 1724/292/1124 1756/292/1124 1757/294/1124
f 1752/348/1125 1751/346/1125 1783/346/1125 1784/348/1125
f 1739/322/1126 1738/320/1126 1770/320/1126 1771/322/1126
f 1726/296/1127 1725/294/1127 1757/294/1127 1758/296/1127
f 1753/350/1128 1752/348/1128 1784/348/1128 1785/350/1128
f 1740/324/1129 1739/322/1129 1771/322/1129 1772/324/1129
f 1727/298/1130 1726/296/1130 1758/296/1130 1759/298/1130
f 1754/352/1131 1753/350/1131 1785/350/1131 1786/352/1131
f 1741/326/1132 1740/324/1132 1772/324/1132 1773/326/1132
f 1728/300/1133 1727/298/1133 1759/298/1133 1760/300/1133
f 1723/354/1134 1754/352/1134 1786/352/1134 1755/354/1134
f 1742/328/1135 1741/326/1135 1773/326/1135 1774/328/1135
f 1729/302/1136 1728/300/1136 1760/300/1136 1761/302/1136
f 1743/330/1137 1742/328/1137 1774/328/1137 1775/330/1137
f 1730/304/1138 1729/302/1138 1761/302/1138 1762/304/1138
f 1744/332/1139 1743/330/1139 1775/330/1139 1776/332/1139
f 1731/306/1140 1730/304/1140 1762/304/1140 1763/306/1140
f 1745/334/1141 1744/332/1141 1776/332/1141 1777/334/1141
f 1732/308/1142 1731/306/1142 1763/306/1142 1764/308/1142
f 1746/336/1143 1745/334/1143 1777/334/1143 1778/336/1143
f 1733/310/1144 1732/308/1144 1764/308/1144 1765/310/1144
f 1747/338/1145 1746/336/1145 1778/336/1145 1779/338/1145
f 1734/312/1146 1733/310/1146 1765/310/1146 1766/312/1146
f 1748/340/1147 1747/338/1147 1779/338/1147 1780/340/1147
f 1735/314/1148 1734/312/1148 1766/312/1148 1767/314/1148
f 1792/300/1149 1791/298/1149 1823/298/1149 1824/300/1149
f 1784/348/1150 1783/346/1150 1815/346/1150 1816/348/1150
f 1771/322/1151 1770/320/1151 1802/320/1151 1803/322/1151
f 1758/296/1152 1757/294/1152 1789/294/1152 1790/296/1152
f 1785/350/1153 1784/348/1153 1816/348/1153 1817/350/1153
f 1772/324/1154 1771/322/1154 1803/322/1154 1804/324/1154
f 1759/298/1155 1758/296/1155 1790/296/1155 1791/298/1155
f 1786/352/1156 1785/350/1156 1817/350/1156 1818/352/1156
f 1773/326/1157 1772/324/1157 1804/324/1157 1805/326/1157
f 1760/300/1158 1759/298/1158 1791/298/1158 1792/300/1158
f 1755/354/1159 1786/352/1159 1818/352/1159 1787/354/1159
f 1774/328/1160 1773/326/1160 1805/326/1160 1806/328/1160
f 1761/302/1161 1760/300/1161 1792/300/1161 1793/302/1161
f 1775/330/1162 1774/328/1162 1806/328/1162 1807/330/1162
f 1762/304/1163 1761/302/1163 1793/302/1163 1794/304/1163
f 1776/332/1164 1775/330/1164 1807/330/1164 1808/332/1164
f 1763/306/1165 1762/304/1165 1794/304/1165 1795/306/1165
f 1777/334/1166 1776/332/1166 1808/332/1166 1809/334/1166
f 1764/308/1167 1763/306/1167 1795/306/1167 1796/308/1167
f 1778/336/1168 1777/334/1168 1809/334/1168 1810/336/1168
f 1765/310/1169 1764/308/1169 1796/308/1169 1797/310/1169
f 1779/338/1170 1778/336/1170 1810/336/1170 1811/338/1170
f 1766/312/1171 1765/310/1171 1797/310/1171 1798/312/1171
f 1780/340/1172 1779/338/1172 1811/338/1172 1812/340/1172
f 1767/314/1173 1766/312/1173 1798/312/1173 1799/314/1173
f 1781/342/1174 1780/340/1174 1812/340/1174 1813/342/1174
f 1768/316/1175 1767/314/1175 1799/314/1175 1800/316/1175
f 1782/344/1176 1781/342/1176 1813/342/1176 1814/344/1176
f 1769/318/1177 1768/316/1177 1800/316/1177 1801/318/1177
f 1756/292/1178 1755/291/1178 1787/291/1178 1788/292/1178
f 1783/346/1179 1782/344/1179 1814/344/1179 1815/346/1179
f 1770/320/1180 1769/318/1180 1801/318/1180 1802/320/1180
f 1820/388/1020 1819/389/1020 1850/390/1020 1849/391/1020 1848/392/1020 1847/393/1020 1846/394/1020 1845/395/1020 1844/396/1020 1843/397/1020 1842/398/1020 1841/399/1020 1840/400/1020 1839/401/1020 1838/402/1020 1837/403/1020 1836/404/1020 1835/405/1020 1834/406/1020 1833/407/1020 1832/408/1020 1831/409/1020 1830/410/1020 1829/411/1020 1828/412/1020 1827/413/1020 1826/414/1020 1825/415/1020 1824/416/1020 1823/417/1020 1822/418/1020 1821/419/1020
f 1787/354/1181 1818/352/1181 1850/352/1181 1819/354/1181
f 1806/328/1182 1805/326/1182 1837/326/1182 1838/328/1182
f 1793/302/1183 1792/300/1183 1824/300/1183 1825/302/1183
f 1807/330/1184 1806/328/1184 1838/328/1184 1839/330/1184
f 1794/304/1185 1793/302/1185 1825/302/1185 1826/304/1185
f 1808/332/1186 1807/330/1186 1839/330/1186 1840/332/1186
f 1795/306/1187 1794/304/1187 1826/304/1187 1827/306/1187
f 1809/334/1188 1808/332/1188 1840/332/1188 1841/334/1188
f 1796/308/1189 1795/306/1189 1827/306/1189 1828/308/1189
f 1810/336/1190 1809/334/1190 1841/334/1190 1842/336/1190
f 1797/310/1191 1796/308/1191 1828/308/1191 1829/310/1191
f 1811/338/1192 1810/336/1192 1842/336/1192 1843/338/1192
f 1798/312/1193 1797/310/1193 1829/310/1193 1830/312/1193
f 1812/340/1194 1811/338/1194 1843/338/1194 1844/340/1194
f 1799/314/1195 1798/312/1195 1830/312/1195 1831/314/1195
f 1813/342/1196 1812/340/1196 1844/340/1196 1845/342/1196
f 1800/316/1197 1799/314/1197 1831/314/1197 1832/316/1197
f 1814/344/1198 1813/342/1198 1845/342/1198 1846/344/1198
f 1801/318/1199 1800/316/1199 1832/316/1199 1833/318/1199
f 1788/292/1200 1787/291/1200 1819/291/1200 1820/292/1200
f 1815/346/1201 1814/344/1201 1846/344/1201 1847/346/1201
f 1802/320/1202 1801/318/1202 1833/318/1202 1834/320/1202
f 1789/294/1203 1788/292/1203 1820/292/1203 1821/294/1203
f 1816/348/1204 1815/346/1204 1847/346/1204 1848/348/1204
f 1803/322/1205 1802/320/1205 1834/320/1205 1835/322/1205
f 1790/296/1206 1789/294/1206 1821/294/1206 1822/296/1206
f 1817/350/1207 1816/348/1207 1848/348/1207 1849/350/1207
f 1804/324/1208 1803/322/1208 1835/322/1208 1836/324/1208
f 1791/298/1209 1790/296/1209 1822/296/1209 1823/298/1209
f 1818/352/1210 1817/350/1210 1849/350/1210 1850/352/1210
f 1805/326/1211 1804/324/1211 1836/324/1211 1837/326/1211
o Cylinder.002
v 1.703428 -5.088119 14.980608
v 2.224092 -5.088119 15.060496
v 1.703428 -5.142625 14.985976
v 2.224092 -5.127040 15.064329
v 1.703428 -5.195037 15.001875
v 2.224092 -5.164465 15.075683
v 1.703428 -5.243341 15.027694
v 2.224092 -5.198957 15.094119
v 1.703428 -5.285679 15.062440
v 2.224092 -5.229189 15.118930
v 1.703428 -5.320425 15.104778
v 2.224092 -5.254000 15.149161
v 1.703428 -5.346244 15.153081
v 2.224092 -5.272436 15.183653
v 1.703428 -5.362143 15.205493
v 2.224092 -5.283789 15.221079
v 1.703428 -5.367511 15.260000
v 2.224092 -5.287622 15.260000
v 1.703428 -5.362143 15.314507
v 2.224092 -5.283789 15.298922
v 1.703428 -5.346244 15.366920
v 2.224092 -5.272436 15.336348
v 1.703428 -5.320425 15.415222
v 2.224092 -5.254000 15.370839
v 1.703428 -5.285679 15.457561
v 2.224092 -5.229189 15.401071
v 1.703428 -5.243341 15.492307
v 2.224092 -5.198957 15.425881
v 1.703428 -5.195037 15.518126
v 2.224092 -5.164465 15.444318
v 1.703428 -5.142625 15.534024
v 2.224092 -5.127040 15.455671
v 1.703428 -5.088119 15.539392
v 2.224092 -5.088119 15.459504
v 1.703428 -5.033612 15.534024
v 2.224092 -5.049197 15.455671
v 1.703428 -4.981200 15.518126
v 2.224092 -5.011772 15.444318
v 1.703428 -4.932897 15.492307
v 2.224092 -4.977280 15.425881
v 1.703428 -4.890558 15.457561
v 2.224092 -4.947048 15.401071
v 1.703428 -4.855812 15.415222
v 2.224092 -4.922237 15.370839
v 1.703428 -4.829994 15.366920
v 2.224092 -4.903801 15.336348
v 1.703428 -4.814095 15.314507
v 2.224092 -4.892448 15.298922
v 1.703428 -4.808726 15.260000
v 2.224092 -4.888615 15.260000
v 1.703428 -4.814095 15.205493
v 2.224092 -4.892448 15.221079
v 1.703428 -4.829994 15.153081
v 2.224092 -4.903801 15.183653
v 1.703428 -4.855812 15.104778
v 2.224092 -4.922237 15.149161
v 1.703428 -4.890558 15.062440
v 2.224092 -4.947048 15.118930
v 1.703428 -4.932897 15.027694
v 2.224092 -4.977280 15.094119
v 1.703428 -4.981200 15.001875
v 2.224092 -5.011772 15.075683
v 1.703428 -5.033612 14.985976
v 2.224092 -5.049197 15.064329
v 1.572385 -5.088119 15.060911
v 1.572385 -5.126959 15.064736
v 1.572385 -5.164307 15.076066
v 1.572385 -5.198727 15.094463
v 1.572385 -5.228896 15.119223
v 1.572385 -5.253655 15.149392
v 1.572385 -5.272053 15.183812
v 1.572385 -5.283382 15.221160
v 1.572385 -5.287208 15.260000
v 1.572385 -5.283382 15.298841
v 1.572385 -5.272053 15.336188
v 1.572385 -5.253655 15.370608
v 1.572385 -5.228896 15.400778
v 1.572385 -5.198727 15.425537
v 1.572385 -5.164307 15.443934
v 1.572385 -5.126959 15.455264
v 1.572385 -5.088119 15.459089
v 1.572385 -5.049278 15.455264
v 1.572385 -5.011930 15.443934
v 1.572385 -4.977510 15.425537
v 1.572385 -4.947341 15.400778
v 1.572385 -4.922582 15.370608
v 1.572385 -4.904184 15.336188
v 1.572385 -4.892855 15.298841
v 1.572385 -4.889030 15.260000
v 1.572385 -4.892855 15.221160
v 1.572385 -4.904184 15.183812
v 1.572385 -4.922582 15.149392
v 1.572385 -4.947341 15.119223
v 1.572385 -4.977510 15.094463
v 1.572385 -5.011930 15.076066
v 1.572385 -5.049278 15.064736
v 2.224092 -5.142625 14.985976
v 2.224092 -5.088119 14.980608
v 2.224092 -5.195037 15.001875
v 2.224092 -5.243340 15.027694
v 2.224092 -5.285679 15.062440
v 2.224092 -5.320425 15.104778
v 2.224092 -5.346243 15.153081
v 2.224092 -5.362143 15.205493
v 2.224092 -5.367511 15.260000
v 2.224092 -5.362143 15.314507
v 2.224092 -5.346243 15.366920
v 2.224092 -5.320425 15.415222
v 2.224092 -5.285679 15.457561
v 2.224092 -5.243340 15.492307
v 2.224092 -5.195037 15.518126
v 2.224092 -5.142625 15.534024
v 2.224092 -5.088119 15.539392
v 2.224092 -5.033612 15.534024
v 2.224092 -4.981200 15.518126
v 2.224092 -4.932896 15.492307
v 2.224092 -4.890558 15.457561
v 2.224092 -4.855812 15.415222
v 2.224092 -4.829993 15.366920
v 2.224092 -4.814095 15.314507
v 2.224092 -4.808726 15.260000
v 2.224092 -4.814095 15.205493
v 2.224092 -4.829993 15.153081
v 2.224092 -4.855812 15.104778
v 2.224092 -4.890558 15.062440
v 2.224092 -4.932896 15.027694
v 2.224092 -4.981200 15.001875
v 2.224092 -5.033612 14.985976
v 2.569568 -5.122933 15.084975
v 2.569568 -5.088119 15.081546
v 2.569568 -5.156410 15.095130
v 2.569568 -5.187262 15.111621
v 2.569568 -5.214304 15.133814
v 2.569568 -5.236497 15.160856
v 2.569568 -5.252988 15.191709
v 2.569568 -5.263144 15.225185
v 2.569568 -5.266572 15.260000
v 2.569568 -5.263144 15.294815
v 2.569568 -5.252988 15.328292
v 2.569568 -5.236497 15.359144
v 2.569568 -5.214304 15.386187
v 2.569568 -5.187262 15.408380
v 2.569568 -5.156410 15.424870
v 2.569568 -5.122933 15.435025
v 2.569568 -5.088119 15.438455
v 2.569568 -5.053304 15.435025
v 2.569568 -5.019827 15.424870
v 2.569568 -4.988975 15.408380
v 2.569568 -4.961932 15.386187
v 2.569568 -4.939739 15.359144
v 2.569568 -4.923248 15.328292
v 2.569568 -4.913093 15.294815
v 2.569568 -4.909664 15.260000
v 2.569568 -4.913093 15.225185
v 2.569568 -4.923248 15.191709
v 2.569568 -4.939739 15.160856
v 2.569568 -4.961932 15.133814
v 2.569568 -4.988975 15.111621
v 2.569568 -5.019827 15.095130
v 2.569568 -5.053304 15.084975
v 2.752234 -5.113883 15.130475
v 2.752234 -5.088119 15.127937
v 2.752234 -5.138657 15.137990
v 2.752234 -5.161489 15.150194
v 2.752234 -5.181501 15.166617
v 2.752234 -5.197925 15.186630
v 2.752234 -5.210129 15.209462
v 2.752234 -5.217644 15.234236
v 2.752234 -5.220181 15.260000
v 2.752234 -5.217644 15.285765
v 2.752234 -5.210129 15.310538
v 2.752234 -5.197925 15.333370
v 2.752234 -5.181501 15.353383
v 2.752234 -5.161489 15.369806
v 2.752234 -5.138657 15.382010
v 2.752234 -5.113883 15.389525
v 2.752234 -5.088119 15.392063
v 2.752234 -5.062354 15.389525
v 2.752234 -5.037580 15.382010
v 2.752234 -5.014748 15.369806
v 2.752234 -4.994736 15.353383
v 2.752234 -4.978312 15.333370
v 2.752234 -4.966108 15.310538
v 2.752234 -4.958593 15.285765
v 2.752234 -4.956055 15.260000
v 2.752234 -4.958593 15.234236
v 2.752234 -4.966108 15.209462
v 2.752234 -4.978312 15.186630
v 2.752234 -4.994736 15.166617
v 2.752234 -5.014748 15.150194
v 2.752234 -5.037580 15.137990
v 2.752234 -5.062354 15.130475
v 1.572385 -5.088119 15.021164
v 1.572385 -5.134713 15.025753
v 1.572385 -5.179517 15.039345
v 1.572385 -5.220809 15.061416
v 1.572385 -5.257001 15.091118
v 1.572385 -5.286704 15.127310
v 1.572385 -5.308774 15.168602
v 1.572385 -5.322366 15.213406
v 1.572385 -5.326955 15.260000
v 1.572385 -5.322366 15.306595
v 1.572385 -5.308774 15.351398
v 1.572385 -5.286704 15.392691
v 1.572385 -5.257001 15.428883
v 1.572385 -5.220809 15.458585
v 1.572385 -5.179517 15.480656
v 1.572385 -5.134713 15.494247
v 1.572385 -5.088119 15.498837
v 1.572385 -5.041524 15.494247
v 1.572385 -4.996720 15.480656
v 1.572385 -4.955428 15.458585
v 1.572385 -4.919236 15.428883
v 1.572385 -4.889534 15.392691
v 1.572385 -4.867463 15.351398
v 1.572385 -4.853872 15.306595
v 1.572385 -4.849282 15.260000
v 1.572385 -4.853872 15.213406
v 1.572385 -4.867463 15.168602
v 1.572385 -4.889534 15.127310
v 1.572385 -4.919236 15.091118
v 1.572385 -4.955428 15.061416
v 1.572385 -4.996720 15.039345
v 1.572385 -5.041524 15.025753
v 1.702132 -5.088119 15.060911
v 1.702132 -5.126959 15.064736
v 1.702132 -5.164307 15.076066
v 1.702132 -5.198727 15.094463
v 1.702132 -5.228896 15.119223
v 1.702132 -5.253655 15.149392
v 1.702132 -5.272053 15.183812
v 1.702132 -5.283382 15.221160
v 1.702132 -5.287208 15.260000
v 1.702132 -5.283382 15.298841
v 1.702132 -5.272053 15.336188
v 1.702132 -5.253655 15.370608
v 1.702132 -5.228896 15.400778
v 1.702132 -5.198727 15.425537
v 1.702132 -5.164307 15.443934
v 1.702132 -5.126959 15.455264
v 1.702132 -5.088119 15.459089
v 1.702132 -5.049278 15.455264
v 1.702132 -5.011930 15.443934
v 1.702132 -4.977510 15.425537
v 1.702132 -4.947341 15.400778
v 1.702132 -4.922582 15.370608
v 1.702132 -4.904184 15.336188
v 1.702132 -4.892855 15.298841
v 1.702132 -4.889030 15.260000
v 1.702132 -4.892855 15.221160
v 1.702132 -4.904184 15.183812
v 1.702132 -4.922582 15.149392
v 1.702132 -4.947341 15.119223
v 1.702132 -4.977510 15.094463
v 1.702132 -5.011930 15.076066
v 1.702132 -5.049278 15.064736
v 1.703428 -5.088119 10.952991
v 2.224092 -5.088119 10.873102
v 1.703428 -5.142625 10.947622
v 2.224092 -5.127040 10.869268
v 1.703428 -5.195037 10.931723
v 2.224092 -5.164465 10.857916
v 1.703428 -5.243341 10.905905
v 2.224092 -5.198957 10.839479
v 1.703428 -5.285679 10.871159
v 2.224092 -5.229189 10.814669
v 1.703428 -5.320425 10.828820
v 2.224092 -5.254000 10.784437
v 1.703428 -5.346244 10.780517
v 2.224092 -5.272436 10.749945
v 1.703428 -5.362143 10.728105
v 2.224092 -5.283789 10.712519
v 1.703428 -5.367511 10.673597
v 2.224092 -5.287622 10.673597
v 1.703428 -5.362143 10.619091
v 2.224092 -5.283789 10.634676
v 1.703428 -5.346244 10.566679
v 2.224092 -5.272436 10.597251
v 1.703428 -5.320425 10.518375
v 2.224092 -5.254000 10.562759
v 1.703428 -5.285679 10.476037
v 2.224092 -5.229189 10.532527
v 1.703428 -5.243341 10.441292
v 2.224092 -5.198957 10.507716
v 1.703428 -5.195037 10.415472
v 2.224092 -5.164465 10.489281
v 1.703428 -5.142625 10.399574
v 2.224092 -5.127040 10.477927
v 1.703428 -5.088119 10.394205
v 2.224092 -5.088119 10.474093
v 1.703428 -5.033612 10.399574
v 2.224092 -5.049197 10.477927
v 1.703428 -4.981200 10.415472
v 2.224092 -5.011772 10.489281
v 1.703428 -4.932897 10.441292
v 2.224092 -4.977280 10.507716
v 1.703428 -4.890558 10.476037
v 2.224092 -4.947048 10.532527
v 1.703428 -4.855812 10.518375
v 2.224092 -4.922237 10.562759
v 1.703428 -4.829994 10.566679
v 2.224092 -4.903801 10.597251
v 1.703428 -4.814095 10.619091
v 2.224092 -4.892448 10.634676
v 1.703428 -4.808726 10.673597
v 2.224092 -4.888615 10.673597
v 1.703428 -4.814095 10.728105
v 2.224092 -4.892448 10.712519
v 1.703428 -4.829994 10.780517
v 2.224092 -4.903801 10.749945
v 1.703428 -4.855812 10.828820
v 2.224092 -4.922237 10.784437
v 1.703428 -4.890558 10.871159
v 2.224092 -4.947048 10.814669
v 1.703428 -4.932897 10.905905
v 2.224092 -4.977280 10.839479
v 1.703428 -4.981200 10.931723
v 2.224092 -5.011772 10.857916
v 1.703428 -5.033612 10.947622
v 2.224092 -5.049197 10.869268
v 1.572385 -5.088119 10.872686
v 1.572385 -5.126959 10.868861
v 1.572385 -5.164307 10.857533
v 1.572385 -5.198727 10.839134
v 1.572385 -5.228896 10.814375
v 1.572385 -5.253655 10.784206
v 1.572385 -5.272053 10.749786
v 1.572385 -5.283382 10.712439
v 1.572385 -5.287208 10.673597
v 1.572385 -5.283382 10.634758
v 1.572385 -5.272053 10.597410
v 1.572385 -5.253655 10.562990
v 1.572385 -5.228896 10.532821
v 1.572385 -5.198727 10.508061
v 1.572385 -5.164307 10.489664
v 1.572385 -5.126959 10.478334
v 1.572385 -5.088119 10.474508
v 1.572385 -5.049278 10.478334
v 1.572385 -5.011930 10.489664
v 1.572385 -4.977510 10.508061
v 1.572385 -4.947341 10.532821
v 1.572385 -4.922582 10.562990
v 1.572385 -4.904184 10.597410
v 1.572385 -4.892855 10.634758
v 1.572385 -4.889030 10.673597
v 1.572385 -4.892855 10.712439
v 1.572385 -4.904184 10.749786
v 1.572385 -4.922582 10.784206
v 1.572385 -4.947341 10.814375
v 1.572385 -4.977510 10.839134
v 1.572385 -5.011930 10.857533
v 1.572385 -5.049278 10.868861
v 2.224092 -5.142625 10.947622
v 2.224092 -5.088119 10.952991
v 2.224092 -5.195037 10.931723
v 2.224092 -5.243340 10.905905
v 2.224092 -5.285679 10.871159
v 2.224092 -5.320425 10.828820
v 2.224092 -5.346243 10.780517
v 2.224092 -5.362143 10.728105
v 2.224092 -5.367511 10.673597
v 2.224092 -5.362143 10.619091
v 2.224092 -5.346243 10.566679
v 2.224092 -5.320425 10.518375
v 2.224092 -5.285679 10.476037
v 2.224092 -5.243340 10.441292
v 2.224092 -5.195037 10.415472
v 2.224092 -5.142625 10.399574
v 2.224092 -5.088119 10.394205
v 2.224092 -5.033612 10.399574
v 2.224092 -4.981200 10.415472
v 2.224092 -4.932896 10.441292
v 2.224092 -4.890558 10.476037
v 2.224092 -4.855812 10.518375
v 2.224092 -4.829993 10.566679
v 2.224092 -4.814095 10.619091
v 2.224092 -4.808726 10.673597
v 2.224092 -4.814095 10.728105
v 2.224092 -4.829993 10.780517
v 2.224092 -4.855812 10.828820
v 2.224092 -4.890558 10.871159
v 2.224092 -4.932896 10.905905
v 2.224092 -4.981200 10.931723
v 2.224092 -5.033612 10.947622
v 2.569568 -5.122933 10.848623
v 2.569568 -5.088119 10.852052
v 2.569568 -5.156410 10.838469
v 2.569568 -5.187262 10.821977
v 2.569568 -5.214304 10.799784
v 2.569568 -5.236497 10.772741
v 2.569568 -5.252988 10.741890
v 2.569568 -5.263144 10.708412
v 2.569568 -5.266572 10.673597
v 2.569568 -5.263144 10.638783
v 2.569568 -5.252988 10.605307
v 2.569568 -5.236497 10.574453
v 2.569568 -5.214304 10.547411
v 2.569568 -5.187262 10.525219
v 2.569568 -5.156410 10.508728
v 2.569568 -5.122933 10.498572
v 2.569568 -5.088119 10.495144
v 2.569568 -5.053304 10.498572
v 2.569568 -5.019827 10.508728
v 2.569568 -4.988975 10.525219
v 2.569568 -4.961932 10.547411
v 2.569568 -4.939739 10.574453
v 2.569568 -4.923248 10.605307
v 2.569568 -4.913093 10.638783
v 2.569568 -4.909664 10.673597
v 2.569568 -4.913093 10.708412
v 2.569568 -4.923248 10.741890
v 2.569568 -4.939739 10.772741
v 2.569568 -4.961932 10.799784
v 2.569568 -4.988975 10.821977
v 2.569568 -5.019827 10.838469
v 2.569568 -5.053304 10.848623
v 2.752234 -5.113883 10.803123
v 2.752234 -5.088119 10.805660
v 2.752234 -5.138657 10.795609
v 2.752234 -5.161489 10.783404
v 2.752234 -5.181501 10.766980
v 2.752234 -5.197925 10.746967
v 2.752234 -5.210129 10.724136
v 2.752234 -5.217644 10.699362
v 2.752234 -5.220181 10.673597
v 2.752234 -5.217644 10.647834
v 2.752234 -5.210129 10.623059
v 2.752234 -5.197925 10.600227
v 2.752234 -5.181501 10.580215
v 2.752234 -5.161489 10.563791
v 2.752234 -5.138657 10.551587
v 2.752234 -5.113883 10.544072
v 2.752234 -5.088119 10.541534
v 2.752234 -5.062354 10.544072
v 2.752234 -5.037580 10.551587
v 2.752234 -5.014748 10.563791
v 2.752234 -4.994736 10.580215
v 2.752234 -4.978312 10.600227
v 2.752234 -4.966108 10.623059
v 2.752234 -4.958593 10.647834
v 2.752234 -4.956055 10.673597
v 2.752234 -4.958593 10.699362
v 2.752234 -4.966108 10.724136
v 2.752234 -4.978312 10.746967
v 2.752234 -4.994736 10.766980
v 2.752234 -5.014748 10.783404
v 2.752234 -5.037580 10.795609
v 2.752234 -5.062354 10.803123
v 1.572385 -5.088119 10.912434
v 1.572385 -5.134713 10.907845
v 1.572385 -5.179517 10.894254
v 1.572385 -5.220809 10.872183
v 1.572385 -5.257001 10.842480
v 1.572385 -5.286704 10.806288
v 1.572385 -5.308774 10.764997
v 1.572385 -5.322366 10.720192
v 1.572385 -5.326955 10.673597
v 1.572385 -5.322366 10.627003
v 1.572385 -5.308774 10.582199
v 1.572385 -5.286704 10.540907
v 1.572385 -5.257001 10.504715
v 1.572385 -5.220809 10.475013
v 1.572385 -5.179517 10.452942
v 1.572385 -5.134713 10.439350
v 1.572385 -5.088119 10.434761
v 1.572385 -5.041524 10.439350
v 1.572385 -4.996720 10.452942
v 1.572385 -4.955428 10.475013
v 1.572385 -4.919236 10.504715
v 1.572385 -4.889534 10.540907
v 1.572385 -4.867463 10.582199
v 1.572385 -4.853872 10.627003
v 1.572385 -4.849282 10.673597
v 1.572385 -4.853872 10.720192
v 1.572385 -4.867463 10.764997
v 1.572385 -4.889534 10.806288
v 1.572385 -4.919236 10.842480
v 1.572385 -4.955428 10.872183
v 1.572385 -4.996720 10.894254
v 1.572385 -5.041524 10.907845
v 1.702132 -5.088119 10.872686
v 1.702132 -5.126959 10.868861
v 1.702132 -5.164307 10.857533
v 1.702132 -5.198727 10.839134
v 1.702132 -5.228896 10.814375
v 1.702132 -5.253655 10.784206
v 1.702132 -5.272053 10.749786
v 1.702132 -5.283382 10.712439
v 1.702132 -5.287208 10.673597
v 1.702132 -5.283382 10.634758
v 1.702132 -5.272053 10.597410
v 1.702132 -5.253655 10.562990
v 1.702132 -5.228896 10.532821
v 1.702132 -5.198727 10.508061
v 1.702132 -5.164307 10.489664
v 1.702132 -5.126959 10.478334
v 1.702132 -5.088119 10.474508
v 1.702132 -5.049278 10.478334
v 1.702132 -5.011930 10.489664
v 1.702132 -4.977510 10.508061
v 1.702132 -4.947341 10.532821
v 1.702132 -4.922582 10.562990
v 1.702132 -4.904184 10.597410
v 1.702132 -4.892855 10.634758
v 1.702132 -4.889030 10.673597
v 1.702132 -4.892855 10.712439
v 1.702132 -4.904184 10.749786
v 1.702132 -4.922582 10.784206
v 1.702132 -4.947341 10.814375
v 1.702132 -4.977510 10.839134
v 1.702132 -5.011930 10.857533
v 1.702132 -5.049278 10.868861
vn -0.0000 -0.0980 -0.9952
vn -0.0000 -0.2903 -0.9569
vn -0.0000 -0.4714 -0.8819
vn -0.0000 -0.6344 -0.7730
vn -0.0000 -0.7730 -0.6344
vn -0.0000 -0.8819 -0.4714
vn -0.0000 -0.9569 -0.2903
vn -0.0000 -0.9952 -0.0980
vn -0.0000 -0.9952 0.0980
vn -0.0000 -0.9569 0.2903
vn -0.0000 -0.8819 0.4714
vn -0.0000 -0.7730 0.6344
vn -0.0000 -0.6344 0.7730
vn -0.0000 -0.4714 0.8819
vn -0.0000 -0.2903 0.9569
vn -0.0000 -0.0980 0.9952
vn -0.0000 0.0980 0.9952
vn -0.0000 0.2903 0.9569
vn -0.0000 0.4714 0.8819
vn -0.0000 0.6344 0.7730
vn -0.0000 0.7730 0.6344
vn -0.0000 0.8819 0.4714
vn -0.0000 0.9569 0.2903
vn -0.0000 0.9952 0.0980
vn -0.0000 0.9952 -0.0980
vn -0.0000 0.9569 -0.2903
vn -0.0000 0.8819 -0.4714
vn -0.0000 0.7730 -0.6344
vn -0.0000 0.6344 -0.7730
vn -0.0000 0.4714 -0.8819
vn 0.0605 0.8803 -0.4705
vn -0.0000 0.2903 -0.9569
vn -0.0000 0.0980 -0.9952
vn -0.2944 -0.7388 -0.6063
vn -0.2944 -0.4505 0.8428
vn -0.2944 0.9145 0.2774
vn -0.2944 -0.0937 -0.9511
vn -0.2944 0.0937 -0.9511
vn -0.2944 -0.9145 0.2774
vn -0.2944 0.4505 0.8428
vn -0.2944 0.7388 -0.6063
vn -0.2944 -0.8428 -0.4505
vn -0.2944 -0.2774 0.9145
vn -0.2944 0.9511 0.0937
vn -0.2944 -0.2774 -0.9145
vn -0.2944 -0.8428 0.4505
vn -0.2944 0.6063 0.7388
vn -0.2944 0.6063 -0.7388
vn -0.2944 -0.9145 -0.2774
vn -0.2944 -0.0937 0.9511
vn -0.2944 0.9511 -0.0937
vn -0.2944 -0.4505 -0.8428
vn -0.2944 -0.7388 0.6063
vn -0.2944 0.7388 0.6063
vn -0.2944 0.4505 -0.8428
vn -0.2944 -0.9511 -0.0937
vn -0.2944 0.0937 0.9511
vn -0.2944 0.9145 -0.2774
vn -0.2944 -0.6063 -0.7388
vn -0.2944 -0.6063 0.7388
vn -0.2944 0.8428 0.4505
vn -0.2944 0.2774 -0.9145
vn -0.2944 -0.9511 0.0937
vn -0.2944 0.2774 0.9145
vn -0.2944 0.8428 -0.4505
vn 1.0000 -0.0000 -0.0000
vn 0.2450 -0.4570 -0.8550
vn 0.0605 -0.4705 0.8803
vn 0.0605 -0.0978 -0.9934
vn 0.0605 0.7716 -0.6332
vn 0.0605 -0.2898 0.9552
vn 0.0605 -0.2898 -0.9552
vn 0.0605 0.6332 -0.7716
vn 0.0605 -0.0978 0.9934
vn 0.0605 -0.4705 -0.8803
vn 0.0605 0.4705 -0.8803
vn 0.0605 0.0978 0.9934
vn 0.0605 -0.6332 -0.7716
vn 0.0605 0.2898 -0.9552
vn 0.0605 0.2898 0.9552
vn 0.0605 -0.7716 -0.6332
vn 0.0605 0.0978 -0.9934
vn 0.0605 0.4705 0.8803
vn 0.0605 -0.8803 -0.4705
vn 0.0605 0.6332 0.7716
vn 0.0605 -0.9552 -0.2898
vn 0.0605 0.7716 0.6332
vn 0.0605 -0.9934 -0.0978
vn 0.0605 0.8803 0.4705
vn 0.0605 -0.9934 0.0978
vn 0.0605 0.9552 0.2898
vn 0.0605 -0.9552 0.2898
vn 0.0605 0.9934 0.0978
vn 0.0605 -0.8803 0.4705
vn 0.0605 0.9934 -0.0978
vn 0.0605 -0.7716 0.6332
vn 0.0605 0.9552 -0.2898
vn 0.0605 -0.6332 0.7716
vn 0.2450 0.4570 -0.8550
vn 0.2450 0.0950 0.9648
vn 0.2450 -0.6151 -0.7494
vn 0.2450 0.2814 -0.9278
vn 0.2450 0.2814 0.9278
vn 0.2450 -0.7494 -0.6151
vn 0.2450 0.0950 -0.9648
vn 0.2450 0.4570 0.8550
vn 0.2450 -0.8550 -0.4570
vn 0.2450 0.6151 0.7494
vn 0.2450 -0.9278 -0.2814
vn 0.2450 0.7494 0.6151
vn 0.2450 -0.9648 -0.0950
vn 0.2450 0.8550 0.4570
vn 0.2450 -0.9648 0.0950
vn 0.2450 0.9278 0.2814
vn 0.2450 -0.9278 0.2814
vn 0.2450 0.9648 0.0950
vn 0.2450 -0.8550 0.4570
vn 0.2450 0.9648 -0.0950
vn 0.2450 -0.7494 0.6151
vn 0.2450 0.9278 -0.2814
vn 0.2450 -0.6151 0.7494
vn 0.2450 0.8550 -0.4570
vn 0.2450 -0.4570 0.8550
vn 0.2450 -0.0950 -0.9648
vn 0.2450 0.7494 -0.6151
vn 0.2450 -0.2814 0.9278
vn 0.2450 -0.2814 -0.9278
vn 0.2450 0.6151 -0.7494
vn 0.2450 -0.0950 0.9648
vn -1.0000 -0.0000 -0.0000
vn -0.2944 -0.8429 -0.4505
vt 1.000000 0.500000
vt 1.000000 1.000000
vt 0.968750 1.000000
vt 0.968750 0.500000
vt 0.937500 1.000000
vt 0.937500 0.500000
vt 0.906250 1.000000
vt 0.906250 0.500000
vt 0.875000 1.000000
vt 0.875000 0.500000
vt 0.843750 1.000000
vt 0.843750 0.500000
vt 0.812500 1.000000
vt 0.812500 0.500000
vt 0.781250 1.000000
vt 0.781250 0.500000
vt 0.750000 1.000000
vt 0.750000 0.500000
vt 0.718750 1.000000
vt 0.718750 0.500000
vt 0.687500 1.000000
vt 0.687500 0.500000
vt 0.656250 1.000000
vt 0.656250 0.500000
vt 0.625000 1.000000
vt 0.625000 0.500000
vt 0.593750 1.000000
vt 0.593750 0.500000
vt 0.562500 1.000000
vt 0.562500 0.500000
vt 0.531250 1.000000
vt 0.531250 0.500000
vt 0.500000 1.000000
vt 0.500000 0.500000
vt 0.468750 1.000000
vt 0.468750 0.500000
vt 0.437500 1.000000
vt 0.437500 0.500000
vt 0.406250 1.000000
vt 0.406250 0.500000
vt 0.375000 1.000000
vt 0.375000 0.500000
vt 0.343750 1.000000
vt 0.343750 0.500000
vt 0.312500 1.000000
vt 0.312500 0.500000
vt 0.281250 1.000000
vt 0.281250 0.500000
vt 0.250000 1.000000
vt 0.250000 0.500000
vt 0.218750 1.000000
vt 0.218750 0.500000
vt 0.187500 1.000000
vt 0.187500 0.500000
vt 0.156250 1.000000
vt 0.156250 0.500000
vt 0.125000 1.000000
vt 0.125000 0.500000
vt 0.093750 1.000000
vt 0.093750 0.500000
vt 0.062500 1.000000
vt 0.062500 0.500000
vt 0.107507 0.345211
vt 0.091670 0.315583
vt 0.031250 1.000000
vt 0.031250 0.500000
vt 0.000000 1.000000
vt 0.000000 0.500000
vt 0.608537 0.108537
vt 0.583657 0.138853
vt 0.250000 0.421375
vt 0.283434 0.418082
vt 0.296822 0.485388
vt 0.250000 0.490000
vt 0.315582 0.408330
vt 0.341844 0.471731
vt 0.345211 0.392493
vt 0.383337 0.449553
vt 0.371181 0.371181
vt 0.419706 0.419706
vt 0.392493 0.345211
vt 0.449553 0.383337
vt 0.408330 0.315582
vt 0.471731 0.341844
vt 0.418082 0.283434
vt 0.485388 0.296822
vt 0.421375 0.250000
vt 0.490000 0.250000
vt 0.418082 0.216566
vt 0.485388 0.203178
vt 0.408330 0.184418
vt 0.471731 0.158156
vt 0.392493 0.154789
vt 0.449553 0.116663
vt 0.371181 0.128819
vt 0.419706 0.080294
vt 0.345211 0.107507
vt 0.383337 0.050447
vt 0.315582 0.091670
vt 0.341844 0.028269
vt 0.283434 0.081918
vt 0.296822 0.014612
vt 0.250000 0.078625
vt 0.250000 0.010000
vt 0.216566 0.081918
vt 0.203178 0.014612
vt 0.184418 0.091670
vt 0.158156 0.028269
vt 0.154789 0.107507
vt 0.116663 0.050447
vt 0.128819 0.128819
vt 0.080294 0.080294
vt 0.107507 0.154789
vt 0.050447 0.116663
vt 0.091670 0.184418
vt 0.028269 0.158156
vt 0.081918 0.216566
vt 0.014612 0.203178
vt 0.078625 0.250000
vt 0.010000 0.250000
vt 0.081918 0.283434
vt 0.014612 0.296822
vt 0.028269 0.341844
vt 0.050447 0.383337
vt 0.128819 0.371181
vt 0.080294 0.419706
vt 0.154789 0.392493
vt 0.116663 0.449553
vt 0.184418 0.408330
vt 0.158156 0.471731
vt 0.216566 0.418083
vt 0.203178 0.485388
vt 0.789029 0.446215
vt 0.750000 0.450059
vt 0.750000 0.490000
vt 0.796822 0.485388
vt 0.826559 0.434831
vt 0.841844 0.471731
vt 0.861147 0.416343
vt 0.883337 0.449553
vt 0.891463 0.391463
vt 0.919706 0.419706
vt 0.916343 0.361147
vt 0.949553 0.383337
vt 0.934831 0.326559
vt 0.971731 0.341844
vt 0.946215 0.289030
vt 0.985388 0.296822
vt 0.950059 0.250000
vt 0.990000 0.250000
vt 0.946215 0.210970
vt 0.985388 0.203178
vt 0.934831 0.173441
vt 0.971731 0.158156
vt 0.916343 0.138853
vt 0.949553 0.116663
vt 0.891463 0.108537
vt 0.919706 0.080294
vt 0.861147 0.083657
vt 0.883337 0.050447
vt 0.826559 0.065169
vt 0.841844 0.028269
vt 0.789030 0.053785
vt 0.796822 0.014612
vt 0.750000 0.049941
vt 0.750000 0.010000
vt 0.710970 0.053785
vt 0.703178 0.014612
vt 0.673441 0.065169
vt 0.658156 0.028269
vt 0.638853 0.083657
vt 0.616663 0.050447
vt 0.580294 0.080294
vt 0.550447 0.116663
vt 0.565169 0.173441
vt 0.528269 0.158156
vt 0.553785 0.210970
vt 0.514612 0.203178
vt 0.549941 0.250000
vt 0.510000 0.250000
vt 0.553785 0.289030
vt 0.514612 0.296822
vt 0.565169 0.326559
vt 0.528269 0.341844
vt 0.583657 0.361147
vt 0.550447 0.383337
vt 0.608537 0.391463
vt 0.580294 0.419706
vt 0.638853 0.416343
vt 0.616663 0.449553
vt 0.673441 0.434831
vt 0.658156 0.471731
vt 0.710971 0.446215
vt 0.703178 0.485388
s 0
usemtl Material.001
f 1851/420/1212 1948/421/1212 1947/422/1212 1853/423/1212
f 1853/423/1213 1947/422/1213 1949/424/1213 1855/425/1213
f 1855/425/1214 1949/424/1214 1950/426/1214 1857/427/1214
f 1857/427/1215 1950/426/1215 1951/428/1215 1859/429/1215
f 1859/429/1216 1951/428/1216 1952/430/1216 1861/431/1216
f 1861/431/1217 1952/430/1217 1953/432/1217 1863/433/1217
f 1863/433/1218 1953/432/1218 1954/434/1218 1865/435/1218
f 1865/435/1219 1954/434/1219 1955/436/1219 1867/437/1219
f 1867/437/1220 1955/436/1220 1956/438/1220 1869/439/1220
f 1869/439/1221 1956/438/1221 1957/440/1221 1871/441/1221
f 1871/441/1222 1957/440/1222 1958/442/1222 1873/443/1222
f 1873/443/1223 1958/442/1223 1959/444/1223 1875/445/1223
f 1875/445/1224 1959/444/1224 1960/446/1224 1877/447/1224
f 1877/447/1225 1960/446/1225 1961/448/1225 1879/449/1225
f 1879/449/1226 1961/448/1226 1962/450/1226 1881/451/1226
f 1881/451/1227 1962/450/1227 1963/452/1227 1883/453/1227
f 1883/453/1228 1963/452/1228 1964/454/1228 1885/455/1228
f 1885/455/1229 1964/454/1229 1965/456/1229 1887/457/1229
f 1887/457/1230 1965/456/1230 1966/458/1230 1889/459/1230
f 1889/459/1231 1966/458/1231 1967/460/1231 1891/461/1231
f 1891/461/1232 1967/460/1232 1968/462/1232 1893/463/1232
f 1893/463/1233 1968/462/1233 1969/464/1233 1895/465/1233
f 1895/465/1234 1969/464/1234 1970/466/1234 1897/467/1234
f 1897/467/1235 1970/466/1235 1971/468/1235 1899/469/1235
f 1899/469/1236 1971/468/1236 1972/470/1236 1901/471/1236
f 1901/471/1237 1972/470/1237 1973/472/1237 1903/473/1237
f 1903/473/1238 1973/472/1238 1974/474/1238 1905/475/1238
f 1905/475/1239 1974/474/1239 1975/476/1239 1907/477/1239
f 1907/477/1240 1975/476/1240 1976/478/1240 1909/479/1240
f 1909/479/1241 1976/478/1241 1977/480/1241 1911/481/1241
f 1911/481/1243 1977/480/1243 1978/484/1243 1913/485/1243
f 1913/485/1244 1978/484/1244 1948/486/1244 1851/487/1244
f 1852/490/1277 1854/491/1277 1947/492/1277 1948/493/1277
f 1854/491/1277 1856/494/1277 1949/495/1277 1947/492/1277
f 1856/494/1277 1858/496/1277 1950/497/1277 1949/495/1277
f 1858/496/1277 1860/498/1277 1951/499/1277 1950/497/1277
f 1860/498/1277 1862/500/1277 1952/501/1277 1951/499/1277
f 1862/500/1277 1864/502/1277 1953/503/1277 1952/501/1277
f 1864/502/1277 1866/504/1277 1954/505/1277 1953/503/1277
f 1866/504/1277 1868/506/1277 1955/507/1277 1954/505/1277
f 1868/506/1277 1870/508/1277 1956/509/1277 1955/507/1277
f 1870/508/1277 1872/510/1277 1957/511/1277 1956/509/1277
f 1872/510/1277 1874/512/1277 1958/513/1277 1957/511/1277
f 1874/512/1277 1876/514/1277 1959/515/1277 1958/513/1277
f 1876/514/1277 1878/516/1277 1960/517/1277 1959/515/1277
f 1878/516/1277 1880/518/1277 1961/519/1277 1960/517/1277
f 1880/518/1277 1882/520/1277 1962/521/1277 1961/519/1277
f 1882/520/1277 1884/522/1277 1963/523/1277 1962/521/1277
f 1884/522/1277 1886/524/1277 1964/525/1277 1963/523/1277
f 1886/524/1277 1888/526/1277 1965/527/1277 1964/525/1277
f 1888/526/1277 1890/528/1277 1966/529/1277 1965/527/1277
f 1890/528/1277 1892/530/1277 1967/531/1277 1966/529/1277
f 1892/530/1277 1894/532/1277 1968/533/1277 1967/531/1277
f 1894/532/1277 1896/534/1277 1969/535/1277 1968/533/1277
f 1896/534/1277 1898/536/1277 1970/537/1277 1969/535/1277
f 1898/536/1277 1900/538/1277 1971/539/1277 1970/537/1277
f 1900/538/1277 1902/540/1277 1972/541/1277 1971/539/1277
f 1902/540/1277 1904/483/1277 1973/542/1277 1972/541/1277
f 1904/483/1277 1906/482/1277 1974/543/1277 1973/542/1277
f 1906/482/1277 1908/544/1277 1975/545/1277 1974/543/1277
f 1908/544/1277 1910/546/1277 1976/547/1277 1975/545/1277
f 1910/546/1277 1912/548/1277 1977/549/1277 1976/547/1277
f 1912/548/1277 1914/550/1277 1978/551/1277 1977/549/1277
f 1914/550/1277 1852/490/1277 1948/493/1277 1978/551/1277
f 2107/420/1227 2109/423/1227 2203/422/1227 2204/421/1227
f 2109/423/1226 2111/425/1226 2205/424/1226 2203/422/1226
f 2111/425/1225 2113/427/1225 2206/426/1225 2205/424/1225
f 2113/427/1224 2115/429/1224 2207/428/1224 2206/426/1224
f 2115/429/1223 2117/431/1223 2208/430/1223 2207/428/1223
f 2117/431/1222 2119/433/1222 2209/432/1222 2208/430/1222
f 2119/433/1221 2121/435/1221 2210/434/1221 2209/432/1221
f 2121/435/1220 2123/437/1220 2211/436/1220 2210/434/1220
f 2123/437/1219 2125/439/1219 2212/438/1219 2211/436/1219
f 2125/439/1218 2127/441/1218 2213/440/1218 2212/438/1218
f 2127/441/1217 2129/443/1217 2214/442/1217 2213/440/1217
f 2129/443/1216 2131/445/1216 2215/444/1216 2214/442/1216
f 2131/445/1215 2133/447/1215 2216/446/1215 2215/444/1215
f 2133/447/1214 2135/449/1214 2217/448/1214 2216/446/1214
f 2135/449/1213 2137/451/1213 2218/450/1213 2217/448/1213
f 2137/451/1212 2139/453/1212 2219/452/1212 2218/450/1212
f 2139/453/1244 2141/455/1244 2220/454/1244 2219/452/1244
f 2141/455/1243 2143/457/1243 2221/456/1243 2220/454/1243
f 2143/457/1241 2145/459/1241 2222/458/1241 2221/456/1241
f 2145/459/1240 2147/461/1240 2223/460/1240 2222/458/1240
f 2147/461/1239 2149/463/1239 2224/462/1239 2223/460/1239
f 2149/463/1238 2151/465/1238 2225/464/1238 2224/462/1238
f 2151/465/1237 2153/467/1237 2226/466/1237 2225/464/1237
f 2153/467/1236 2155/469/1236 2227/468/1236 2226/466/1236
f 2155/469/1235 2157/471/1235 2228/470/1235 2227/468/1235
f 2157/471/1234 2159/473/1234 2229/472/1234 2228/470/1234
f 2159/473/1233 2161/475/1233 2230/474/1233 2229/472/1233
f 2161/475/1232 2163/477/1232 2231/476/1232 2230/474/1232
f 2163/477/1231 2165/479/1231 2232/478/1231 2231/476/1231
f 2165/479/1230 2167/481/1230 2233/480/1230 2232/478/1230
f 2167/481/1229 2169/485/1229 2234/484/1229 2233/480/1229
f 2169/485/1228 2107/487/1228 2204/486/1228 2234/484/1228
f 2108/490/1277 2204/493/1277 2203/492/1277 2110/491/1277
f 2110/491/1277 2203/492/1277 2205/495/1277 2112/494/1277
f 2112/494/1277 2205/495/1277 2206/497/1277 2114/496/1277
f 2114/496/1277 2206/497/1277 2207/499/1277 2116/498/1277
f 2116/498/1277 2207/499/1277 2208/501/1277 2118/500/1277
f 2118/500/1277 2208/501/1277 2209/503/1277 2120/502/1277
f 2120/502/1277 2209/503/1277 2210/505/1277 2122/504/1277
f 2122/504/1277 2210/505/1277 2211/507/1277 2124/506/1277
f 2124/506/1277 2211/507/1277 2212/509/1277 2126/508/1277
f 2126/508/1277 2212/509/1277 2213/511/1277 2128/510/1277
f 2128/510/1277 2213/511/1277 2214/513/1277 2130/512/1277
f 2130/512/1277 2214/513/1277 2215/515/1277 2132/514/1277
f 2132/514/1277 2215/515/1277 2216/517/1277 2134/516/1277
f 2134/516/1277 2216/517/1277 2217/519/1277 2136/518/1277
f 2136/518/1277 2217/519/1277 2218/521/1277 2138/520/1277
f 2138/520/1277 2218/521/1277 2219/523/1277 2140/522/1277
f 2140/522/1277 2219/523/1277 2220/525/1277 2142/524/1277
f 2142/524/1277 2220/525/1277 2221/527/1277 2144/526/1277
f 2144/526/1277 2221/527/1277 2222/529/1277 2146/528/1277
f 2146/528/1277 2222/529/1277 2223/531/1277 2148/530/1277
f 2148/530/1277 2223/531/1277 2224/533/1277 2150/532/1277
f 2150/532/1277 2224/533/1277 2225/535/1277 2152/534/1277
f 2152/534/1277 2225/535/1277 2226/537/1277 2154/536/1277
f 2154/536/1277 2226/537/1277 2227/539/1277 2156/538/1277
f 2156/538/1277 2227/539/1277 2228/541/1277 2158/540/1277
f 2158/540/1277 2228/541/1277 2229/542/1277 2160/483/1277
f 2160/483/1277 2229/542/1277 2230/543/1277 2162/482/1277
f 2162/482/1277 2230/543/1277 2231/545/1277 2164/544/1277
f 2164/544/1277 2231/545/1277 2232/547/1277 2166/546/1277
f 2166/546/1277 2232/547/1277 2233/549/1277 2168/548/1277
f 2168/548/1277 2233/549/1277 2234/551/1277 2170/550/1277
f 2170/550/1277 2234/551/1277 2204/493/1277 2108/490/1277
usemtl Material.003
f 1906/482/1242 1904/483/1242 2005/483/1242 2006/482/1242
f 1859/429/1245 1861/431/1245 2048/431/1245 2047/429/1245
f 1935/488/1216 1936/489/1216 2096/489/1216 2095/488/1216
f 1877/447/1246 1879/449/1246 2057/449/1246 2056/447/1246
f 1895/465/1247 1897/467/1247 2066/467/1247 2065/465/1247
f 1851/420/1248 1853/423/1248 2044/423/1248 2043/420/1248
f 1913/485/1249 1851/487/1249 2043/487/1249 2074/485/1249
f 1869/439/1250 1871/441/1250 2053/441/1250 2052/439/1250
f 1887/457/1251 1889/459/1251 2062/459/1251 2061/457/1251
f 1905/475/1252 1907/477/1252 2071/477/1252 2070/475/1252
f 1861/431/1253 1863/433/1253 2049/433/1253 2048/431/1253
f 1879/449/1254 1881/451/1254 2058/451/1254 2057/449/1254
f 1897/467/1255 1899/469/1255 2067/469/1255 2066/467/1255
f 1853/423/1256 1855/425/1256 2045/425/1256 2044/423/1256
f 1871/441/1257 1873/443/1257 2054/443/1257 2053/441/1257
f 1889/459/1258 1891/461/1258 2063/461/1258 2062/459/1258
f 1907/477/1259 1909/479/1259 2072/479/1259 2071/477/1259
f 1863/433/1260 1865/435/1260 2050/435/1260 2049/433/1260
f 1881/451/1261 1883/453/1261 2059/453/1261 2058/451/1261
f 1899/469/1262 1901/471/1262 2068/471/1262 2067/469/1262
f 1855/425/1263 1857/427/1263 2046/427/1263 2045/425/1263
f 1873/443/1264 1875/445/1264 2055/445/1264 2054/443/1264
f 1891/461/1265 1893/463/1265 2064/463/1265 2063/461/1265
f 1909/479/1266 1911/481/1266 2073/481/1266 2072/479/1266
f 1865/435/1267 1867/437/1267 2051/437/1267 2050/435/1267
f 1883/453/1268 1885/455/1268 2060/455/1268 2059/453/1268
f 1901/471/1269 1903/473/1269 2069/473/1269 2068/471/1269
f 1857/427/1270 1859/429/1270 2047/429/1270 2046/427/1270
f 1875/445/1271 1877/447/1271 2056/447/1271 2055/445/1271
f 1893/463/1272 1895/465/1272 2065/465/1272 2064/463/1272
f 1911/481/1273 1913/485/1273 2074/485/1273 2073/481/1273
f 1867/437/1274 1869/439/1274 2052/439/1274 2051/437/1274
f 1885/455/1275 1887/457/1275 2061/457/1275 2060/455/1275
f 1903/473/1276 1905/475/1276 2070/475/1276 2069/473/1276
f 1982/496/1278 1981/494/1278 2013/494/1278 2014/496/1278
f 1880/518/1279 1878/516/1279 1992/516/1279 1993/518/1279
f 1854/491/1280 1852/490/1280 1980/490/1280 1979/491/1280
f 1908/544/1281 1906/482/1281 2006/482/1281 2007/544/1281
f 1882/520/1282 1880/518/1282 1993/518/1282 1994/520/1282
f 1856/494/1283 1854/491/1283 1979/491/1283 1981/494/1283
f 1910/546/1284 1908/544/1284 2007/544/1284 2008/546/1284
f 1884/522/1285 1882/520/1285 1994/520/1285 1995/522/1285
f 1858/496/1286 1856/494/1286 1981/494/1286 1982/496/1286
f 1912/548/1287 1910/546/1287 2008/546/1287 2009/548/1287
f 1886/524/1288 1884/522/1288 1995/522/1288 1996/524/1288
f 1860/498/1289 1858/496/1289 1982/496/1289 1983/498/1289
f 1914/550/1290 1912/548/1290 2009/548/1290 2010/550/1290
f 1888/526/1291 1886/524/1291 1996/524/1291 1997/526/1291
f 1862/500/1292 1860/498/1292 1983/498/1292 1984/500/1292
f 1852/490/1293 1914/550/1293 2010/550/1293 1980/490/1293
f 1890/528/1294 1888/526/1294 1997/526/1294 1998/528/1294
f 1864/502/1295 1862/500/1295 1984/500/1295 1985/502/1295
f 1892/530/1296 1890/528/1296 1998/528/1296 1999/530/1296
f 1866/504/1297 1864/502/1297 1985/502/1297 1986/504/1297
f 1894/532/1298 1892/530/1298 1999/530/1298 2000/532/1298
f 1868/506/1299 1866/504/1299 1986/504/1299 1987/506/1299
f 1896/534/1300 1894/532/1300 2000/532/1300 2001/534/1300
f 1870/508/1301 1868/506/1301 1987/506/1301 1988/508/1301
f 1898/536/1302 1896/534/1302 2001/534/1302 2002/536/1302
f 1872/510/1303 1870/508/1303 1988/508/1303 1989/510/1303
f 1900/538/1304 1898/536/1304 2002/536/1304 2003/538/1304
f 1874/512/1305 1872/510/1305 1989/510/1305 1990/512/1305
f 1902/540/1306 1900/538/1306 2003/538/1306 2004/540/1306
f 1876/514/1307 1874/512/1307 1990/512/1307 1991/514/1307
f 1904/483/1308 1902/540/1308 2004/540/1308 2005/483/1308
f 1878/516/1309 1876/514/1309 1991/514/1309 1992/516/1309
f 2011/491/1277 2012/490/1277 2042/550/1277 2041/548/1277 2040/546/1277 2039/544/1277 2038/482/1277 2037/483/1277 2036/540/1277 2035/538/1277 2034/536/1277 2033/534/1277 2032/532/1277 2031/530/1277 2030/528/1277 2029/526/1277 2028/524/1277 2027/522/1277 2026/520/1277 2025/518/1277 2024/516/1277 2023/514/1277 2022/512/1277 2021/510/1277 2020/508/1277 2019/506/1277 2018/504/1277 2017/502/1277 2016/500/1277 2015/498/1277 2014/496/1277 2013/494/1277
f 2009/548/1310 2008/546/1310 2040/546/1310 2041/548/1310
f 1996/524/1311 1995/522/1311 2027/522/1311 2028/524/1311
f 1983/498/1312 1982/496/1312 2014/496/1312 2015/498/1312
f 2010/550/1313 2009/548/1313 2041/548/1313 2042/550/1313
f 1997/526/1314 1996/524/1314 2028/524/1314 2029/526/1314
f 1984/500/1315 1983/498/1315 2015/498/1315 2016/500/1315
f 1980/490/1316 2010/550/1316 2042/550/1316 2012/490/1316
f 1998/528/1317 1997/526/1317 2029/526/1317 2030/528/1317
f 1985/502/1318 1984/500/1318 2016/500/1318 2017/502/1318
f 1999/530/1319 1998/528/1319 2030/528/1319 2031/530/1319
f 1986/504/1320 1985/502/1320 2017/502/1320 2018/504/1320
f 2000/532/1321 1999/530/1321 2031/530/1321 2032/532/1321
f 1987/506/1322 1986/504/1322 2018/504/1322 2019/506/1322
f 2001/534/1323 2000/532/1323 2032/532/1323 2033/534/1323
f 1988/508/1324 1987/506/1324 2019/506/1324 2020/508/1324
f 2002/536/1325 2001/534/1325 2033/534/1325 2034/536/1325
f 1989/510/1326 1988/508/1326 2020/508/1326 2021/510/1326
f 2003/538/1327 2002/536/1327 2034/536/1327 2035/538/1327
f 1990/512/1328 1989/510/1328 2021/510/1328 2022/512/1328
f 2004/540/1329 2003/538/1329 2035/538/1329 2036/540/1329
f 1991/514/1330 1990/512/1330 2022/512/1330 2023/514/1330
f 2005/483/1331 2004/540/1331 2036/540/1331 2037/483/1331
f 1992/516/1332 1991/514/1332 2023/514/1332 2024/516/1332
f 2006/482/1333 2005/483/1333 2037/483/1333 2038/482/1333
f 1993/518/1334 1992/516/1334 2024/516/1334 2025/518/1334
f 1979/491/1335 1980/490/1335 2012/490/1335 2011/491/1335
f 2007/544/1336 2006/482/1336 2038/482/1336 2039/544/1336
f 1994/520/1337 1993/518/1337 2025/518/1337 2026/520/1337
f 1981/494/1338 1979/491/1338 2011/491/1338 2013/494/1338
f 2008/546/1339 2007/544/1339 2039/544/1339 2040/546/1339
f 1995/522/1340 1994/520/1340 2026/520/1340 2027/522/1340
f 1916/552/1341 1915/553/1341 2043/554/1341 2044/555/1341
f 1917/556/1341 1916/552/1341 2044/555/1341 2045/557/1341
f 1918/558/1341 1917/556/1341 2045/557/1341 2046/559/1341
f 1919/560/1341 1918/558/1341 2046/559/1341 2047/561/1341
f 1920/562/1341 1919/560/1341 2047/561/1341 2048/563/1341
f 1921/564/1341 1920/562/1341 2048/563/1341 2049/565/1341
f 1922/566/1341 1921/564/1341 2049/565/1341 2050/567/1341
f 1923/568/1341 1922/566/1341 2050/567/1341 2051/569/1341
f 1924/570/1341 1923/568/1341 2051/569/1341 2052/571/1341
f 1925/572/1341 1924/570/1341 2052/571/1341 2053/573/1341
f 1926/574/1341 1925/572/1341 2053/573/1341 2054/575/1341
f 1927/576/1341 1926/574/1341 2054/575/1341 2055/577/1341
f 1928/578/1341 1927/576/1341 2055/577/1341 2056/579/1341
f 1929/580/1341 1928/578/1341 2056/579/1341 2057/581/1341
f 1930/582/1341 1929/580/1341 2057/581/1341 2058/583/1341
f 1931/584/1341 1930/582/1341 2058/583/1341 2059/585/1341
f 1932/586/1341 1931/584/1341 2059/585/1341 2060/587/1341
f 1933/588/1341 1932/586/1341 2060/587/1341 2061/589/1341
f 1934/590/1341 1933/588/1341 2061/589/1341 2062/591/1341
f 1935/488/1341 1934/590/1341 2062/591/1341 2063/592/1341
f 1936/489/1341 1935/488/1341 2063/592/1341 2064/593/1341
f 1937/594/1341 1936/489/1341 2064/593/1341 2065/595/1341
f 1938/596/1341 1937/594/1341 2065/595/1341 2066/597/1341
f 1939/598/1341 1938/596/1341 2066/597/1341 2067/599/1341
f 1940/600/1341 1939/598/1341 2067/599/1341 2068/601/1341
f 1941/602/1341 1940/600/1341 2068/601/1341 2069/603/1341
f 1942/604/1341 1941/602/1341 2069/603/1341 2070/605/1341
f 1943/606/1341 1942/604/1341 2070/605/1341 2071/607/1341
f 1944/608/1341 1943/606/1341 2071/607/1341 2072/609/1341
f 1945/610/1341 1944/608/1341 2072/609/1341 2073/611/1341
f 1946/612/1341 1945/610/1341 2073/611/1341 2074/613/1341
f 1915/553/1341 1946/612/1341 2074/613/1341 2043/554/1341
f 1922/566/1235 1923/568/1235 2083/568/1235 2082/566/1235
f 1936/489/1217 1937/594/1217 2097/594/1217 2096/489/1217
f 1923/568/1236 1924/570/1236 2084/570/1236 2083/568/1236
f 1937/594/1218 1938/596/1218 2098/596/1218 2097/594/1218
f 1924/570/1237 1925/572/1237 2085/572/1237 2084/570/1237
f 1938/596/1219 1939/598/1219 2099/598/1219 2098/596/1219
f 1925/572/1238 1926/574/1238 2086/574/1238 2085/572/1238
f 1939/598/1220 1940/600/1220 2100/600/1220 2099/598/1220
f 1926/574/1239 1927/576/1239 2087/576/1239 2086/574/1239
f 1940/600/1221 1941/602/1221 2101/602/1221 2100/600/1221
f 1927/576/1240 1928/578/1240 2088/578/1240 2087/576/1240
f 1941/602/1222 1942/604/1222 2102/604/1222 2101/602/1222
f 1928/578/1241 1929/580/1241 2089/580/1241 2088/578/1241
f 1915/553/1228 1916/552/1228 2076/552/1228 2075/553/1228
f 1942/604/1223 1943/606/1223 2103/606/1223 2102/604/1223
f 1929/580/1243 1930/582/1243 2090/582/1243 2089/580/1243
f 1916/552/1229 1917/556/1229 2077/556/1229 2076/552/1229
f 1943/606/1224 1944/608/1224 2104/608/1224 2103/606/1224
f 1930/582/1244 1931/584/1244 2091/584/1244 2090/582/1244
f 1917/556/1230 1918/558/1230 2078/558/1230 2077/556/1230
f 1944/608/1225 1945/610/1225 2105/610/1225 2104/608/1225
f 1931/584/1212 1932/586/1212 2092/586/1212 2091/584/1212
f 1918/558/1231 1919/560/1231 2079/560/1231 2078/558/1231
f 1945/610/1226 1946/612/1226 2106/612/1226 2105/610/1226
f 1932/586/1213 1933/588/1213 2093/588/1213 2092/586/1213
f 1919/560/1232 1920/562/1232 2080/562/1232 2079/560/1232
f 1946/612/1227 1915/553/1227 2075/553/1227 2106/612/1227
f 1933/588/1214 1934/590/1214 2094/590/1214 2093/588/1214
f 1920/562/1233 1921/564/1233 2081/564/1233 2080/562/1233
f 1934/590/1215 1935/488/1215 2095/488/1215 2094/590/1215
f 1921/564/1234 1922/566/1234 2082/566/1234 2081/564/1234
f 2162/482/1300 2262/482/1300 2261/483/1300 2160/483/1300
f 2115/429/1264 2303/429/1264 2304/431/1264 2117/431/1264
f 2191/488/1223 2351/488/1223 2352/489/1223 2192/489/1223
f 2133/447/1263 2312/447/1263 2313/449/1263 2135/449/1263
f 2151/465/1269 2321/465/1269 2322/467/1269 2153/467/1269
f 2107/420/1261 2299/420/1261 2300/423/1261 2109/423/1261
f 2169/485/1268 2330/485/1268 2299/487/1268 2107/487/1268
f 2125/439/1260 2308/439/1260 2309/441/1260 2127/441/1260
f 2143/457/1266 2317/457/1266 2318/459/1266 2145/459/1266
f 2161/475/1265 2326/475/1265 2327/477/1265 2163/477/1265
f 2117/431/1257 2304/431/1257 2305/433/1257 2119/433/1257
f 2135/449/1256 2313/449/1256 2314/451/1256 2137/451/1256
f 2153/467/1262 2322/467/1262 2323/469/1262 2155/469/1262
f 2109/423/1254 2300/423/1254 2301/425/1254 2111/425/1254
f 2127/441/1342 2309/441/1342 2310/443/1342 2129/443/1342
f 2145/459/1259 2318/459/1259 2319/461/1259 2147/461/1259
f 2163/477/1258 2327/477/1258 2328/479/1258 2165/479/1258
f 2119/433/1250 2305/433/1250 2306/435/1250 2121/435/1250
f 2137/451/1248 2314/451/1248 2315/453/1248 2139/453/1248
f 2155/469/1255 2323/469/1255 2324/471/1255 2157/471/1255
f 2111/425/1246 2301/425/1246 2302/427/1246 2113/427/1246
f 2129/443/1245 2310/443/1245 2311/445/1245 2131/445/1245
f 2147/461/1252 2319/461/1252 2320/463/1252 2149/463/1252
f 2165/479/1251 2328/479/1251 2329/481/1251 2167/481/1251
f 2121/435/1274 2306/435/1274 2307/437/1274 2123/437/1274
f 2139/453/1249 2315/453/1249 2316/455/1249 2141/455/1249
f 2157/471/1247 2324/471/1247 2325/473/1247 2159/473/1247
f 2113/427/1271 2302/427/1271 2303/429/1271 2115/429/1271
f 2131/445/1270 2311/445/1270 2312/447/1270 2133/447/1270
f 2149/463/1276 2320/463/1276 2321/465/1276 2151/465/1276
f 2167/481/1275 2329/481/1275 2330/485/1275 2169/485/1275
f 2123/437/1267 2307/437/1267 2308/439/1267 2125/439/1267
f 2141/455/1273 2316/455/1273 2317/457/1273 2143/457/1273
f 2159/473/1272 2325/473/1272 2326/475/1272 2161/475/1272
f 2238/496/1334 2270/496/1334 2269/494/1334 2237/494/1334
f 2136/518/1286 2249/518/1286 2248/516/1286 2134/516/1286
f 2110/491/1285 2235/491/1285 2236/490/1285 2108/490/1285
f 2164/544/1298 2263/544/1298 2262/482/1298 2162/482/1298
f 2138/520/1283 2250/520/1283 2249/518/1283 2136/518/1283
f 2112/494/1282 2237/494/1282 2235/491/1282 2110/491/1282
f 2166/546/1296 2264/546/1296 2263/544/1296 2164/544/1296
f 2140/522/1280 2251/522/1280 2250/520/1280 2138/520/1280
f 2114/496/1279 2238/496/1279 2237/494/1279 2112/494/1279
f 2168/548/1294 2265/548/1294 2264/546/1294 2166/546/1294
f 2142/524/1293 2252/524/1293 2251/522/1293 2140/522/1293
f 2116/498/1309 2239/498/1309 2238/496/1309 2114/496/1309
f 2170/550/1291 2266/550/1291 2265/548/1291 2168/548/1291
f 2144/526/1290 2253/526/1290 2252/524/1290 2142/524/1290
f 2118/500/1307 2240/500/1307 2239/498/1307 2116/498/1307
f 2108/490/1288 2236/490/1288 2266/550/1288 2170/550/1288
f 2146/528/1287 2254/528/1287 2253/526/1287 2144/526/1287
f 2120/502/1305 2241/502/1305 2240/500/1305 2118/500/1305
f 2148/530/1284 2255/530/1284 2254/528/1284 2146/528/1284
f 2122/504/1303 2242/504/1303 2241/502/1303 2120/502/1303
f 2150/532/1281 2256/532/1281 2255/530/1281 2148/530/1281
f 2124/506/1301 2243/506/1301 2242/504/1301 2122/504/1301
f 2152/534/1242 2257/534/1242 2256/532/1242 2150/532/1242
f 2126/508/1299 2244/508/1299 2243/506/1299 2124/506/1299
f 2154/536/1308 2258/536/1308 2257/534/1308 2152/534/1308
f 2128/510/1297 2245/510/1297 2244/508/1297 2126/508/1297
f 2156/538/1306 2259/538/1306 2258/536/1306 2154/536/1306
f 2130/512/1295 2246/512/1295 2245/510/1295 2128/510/1295
f 2158/540/1304 2260/540/1304 2259/538/1304 2156/538/1304
f 2132/514/1292 2247/514/1292 2246/512/1292 2130/512/1292
f 2160/483/1302 2261/483/1302 2260/540/1302 2158/540/1302
f 2134/516/1289 2248/516/1289 2247/514/1289 2132/514/1289
f 2267/491/1277 2269/494/1277 2270/496/1277 2271/498/1277 2272/500/1277 2273/502/1277 2274/504/1277 2275/506/1277 2276/508/1277 2277/510/1277 2278/512/1277 2279/514/1277 2280/516/1277 2281/518/1277 2282/520/1277 2283/522/1277 2284/524/1277 2285/526/1277 2286/528/1277 2287/530/1277 2288/532/1277 2289/534/1277 2290/536/1277 2291/538/1277 2292/540/1277 2293/483/1277 2294/482/1277 2295/544/1277 2296/546/1277 2297/548/1277 2298/550/1277 2268/490/1277
f 2265/548/1317 2297/548/1317 2296/546/1317 2264/546/1317
f 2252/524/1316 2284/524/1316 2283/522/1316 2251/522/1316
f 2239/498/1332 2271/498/1332 2270/496/1332 2238/496/1332
f 2266/550/1314 2298/550/1314 2297/548/1314 2265/548/1314
f 2253/526/1313 2285/526/1313 2284/524/1313 2252/524/1313
f 2240/500/1330 2272/500/1330 2271/498/1330 2239/498/1330
f 2236/490/1311 2268/490/1311 2298/550/1311 2266/550/1311
f 2254/528/1310 2286/528/1310 2285/526/1310 2253/526/1310
f 2241/502/1328 2273/502/1328 2272/500/1328 2240/500/1328
f 2255/530/1339 2287/530/1339 2286/528/1339 2254/528/1339
f 2242/504/1326 2274/504/1326 2273/502/1326 2241/502/1326
f 2256/532/1336 2288/532/1336 2287/530/1336 2255/530/1336
f 2243/506/1324 2275/506/1324 2274/504/1324 2242/504/1324
f 2257/534/1333 2289/534/1333 2288/532/1333 2256/532/1333
f 2244/508/1322 2276/508/1322 2275/506/1322 2243/506/1322
f 2258/536/1331 2290/536/1331 2289/534/1331 2257/534/1331
f 2245/510/1320 2277/510/1320 2276/508/1320 2244/508/1320
f 2259/538/1329 2291/538/1329 2290/536/1329 2258/536/1329
f 2246/512/1318 2278/512/1318 2277/510/1318 2245/510/1318
f 2260/540/1327 2292/540/1327 2291/538/1327 2259/538/1327
f 2247/514/1315 2279/514/1315 2278/512/1315 2246/512/1315
f 2261/483/1325 2293/483/1325 2292/540/1325 2260/540/1325
f 2248/516/1312 2280/516/1312 2279/514/1312 2247/514/1312
f 2262/482/1323 2294/482/1323 2293/483/1323 2261/483/1323
f 2249/518/1278 2281/518/1278 2280/516/1278 2248/516/1278
f 2235/491/1340 2267/491/1340 2268/490/1340 2236/490/1340
f 2263/544/1321 2295/544/1321 2294/482/1321 2262/482/1321
f 2250/520/1338 2282/520/1338 2281/518/1338 2249/518/1338
f 2237/494/1337 2269/494/1337 2267/491/1337 2235/491/1337
f 2264/546/1319 2296/546/1319 2295/544/1319 2263/544/1319
f 2251/522/1335 2283/522/1335 2282/520/1335 2250/520/1335
f 2172/552/1341 2300/555/1341 2299/554/1341 2171/553/1341
f 2173/556/1341 2301/557/1341 2300/555/1341 2172/552/1341
f 2174/558/1341 2302/559/1341 2301/557/1341 2173/556/1341
f 2175/560/1341 2303/561/1341 2302/559/1341 2174/558/1341
f 2176/562/1341 2304/563/1341 2303/561/1341 2175/560/1341
f 2177/564/1341 2305/565/1341 2304/563/1341 2176/562/1341
f 2178/566/1341 2306/567/1341 2305/565/1341 2177/564/1341
f 2179/568/1341 2307/569/1341 2306/567/1341 2178/566/1341
f 2180/570/1341 2308/571/1341 2307/569/1341 2179/568/1341
f 2181/572/1341 2309/573/1341 2308/571/1341 2180/570/1341
f 2182/574/1341 2310/575/1341 2309/573/1341 2181/572/1341
f 2183/576/1341 2311/577/1341 2310/575/1341 2182/574/1341
f 2184/578/1341 2312/579/1341 2311/577/1341 2183/576/1341
f 2185/580/1341 2313/581/1341 2312/579/1341 2184/578/1341
f 2186/582/1341 2314/583/1341 2313/581/1341 2185/580/1341
f 2187/584/1341 2315/585/1341 2314/583/1341 2186/582/1341
f 2188/586/1341 2316/587/1341 2315/585/1341 2187/584/1341
f 2189/588/1341 2317/589/1341 2316/587/1341 2188/586/1341
f 2190/590/1341 2318/591/1341 2317/589/1341 2189/588/1341
f 2191/488/1341 2319/592/1341 2318/591/1341 2190/590/1341
f 2192/489/1341 2320/593/1341 2319/592/1341 2191/488/1341
f 2193/594/1341 2321/595/1341 2320/593/1341 2192/489/1341
f 2194/596/1341 2322/597/1341 2321/595/1341 2193/594/1341
f 2195/598/1341 2323/599/1341 2322/597/1341 2194/596/1341
f 2196/600/1341 2324/601/1341 2323/599/1341 2195/598/1341
f 2197/602/1341 2325/603/1341 2324/601/1341 2196/600/1341
f 2198/604/1341 2326/605/1341 2325/603/1341 2197/602/1341
f 2199/606/1341 2327/607/1341 2326/605/1341 2198/604/1341
f 2200/608/1341 2328/609/1341 2327/607/1341 2199/606/1341
f 2201/610/1341 2329/611/1341 2328/609/1341 2200/608/1341
f 2202/612/1341 2330/613/1341 2329/611/1341 2201/610/1341
f 2171/553/1341 2299/554/1341 2330/613/1341 2202/612/1341
f 2178/566/1236 2338/566/1236 2339/568/1236 2179/568/1236
f 2192/489/1222 2352/489/1222 2353/594/1222 2193/594/1222
f 2179/568/1235 2339/568/1235 2340/570/1235 2180/570/1235
f 2193/594/1221 2353/594/1221 2354/596/1221 2194/596/1221
f 2180/570/1234 2340/570/1234 2341/572/1234 2181/572/1234
f 2194/596/1220 2354/596/1220 2355/598/1220 2195/598/1220
f 2181/572/1233 2341/572/1233 2342/574/1233 2182/574/1233
f 2195/598/1219 2355/598/1219 2356/600/1219 2196/600/1219
f 2182/574/1232 2342/574/1232 2343/576/1232 2183/576/1232
f 2196/600/1218 2356/600/1218 2357/602/1218 2197/602/1218
f 2183/576/1231 2343/576/1231 2344/578/1231 2184/578/1231
f 2197/602/1217 2357/602/1217 2358/604/1217 2198/604/1217
f 2184/578/1230 2344/578/1230 2345/580/1230 2185/580/1230
f 2171/553/1244 2331/553/1244 2332/552/1244 2172/552/1244
f 2198/604/1216 2358/604/1216 2359/606/1216 2199/606/1216
f 2185/580/1229 2345/580/1229 2346/582/1229 2186/582/1229
f 2172/552/1243 2332/552/1243 2333/556/1243 2173/556/1243
f 2199/606/1215 2359/606/1215 2360/608/1215 2200/608/1215
f 2186/582/1228 2346/582/1228 2347/584/1228 2187/584/1228
f 2173/556/1241 2333/556/1241 2334/558/1241 2174/558/1241
f 2200/608/1214 2360/608/1214 2361/610/1214 2201/610/1214
f 2187/584/1227 2347/584/1227 2348/586/1227 2188/586/1227
f 2174/558/1240 2334/558/1240 2335/560/1240 2175/560/1240
f 2201/610/1213 2361/610/1213 2362/612/1213 2202/612/1213
f 2188/586/1226 2348/586/1226 2349/588/1226 2189/588/1226
f 2175/560/1239 2335/560/1239 2336/562/1239 2176/562/1239
f 2202/612/1212 2362/612/1212 2331/553/1212 2171/553/1212
f 2189/588/1225 2349/588/1225 2350/590/1225 2190/590/1225
f 2176/562/1238 2336/562/1238 2337/564/1238 2177/564/1238
f 2190/590/1224 2350/590/1224 2351/488/1224 2191/488/1224
f 2177/564/1237 2337/564/1237 2338/566/1237 2178/566/1237
usemtl Material.004
f 2075/553/1341 2076/552/1341 2077/556/1341 2078/558/1341 2079/560/1341 2080/562/1341 2081/564/1341 2082/566/1341 2083/568/1341 2084/570/1341 2085/572/1341 2086/574/1341 2087/576/1341 2088/578/1341 2089/580/1341 2090/582/1341 2091/584/1341 2092/586/1341 2093/588/1341 2094/590/1341 2095/488/1341 2096/489/1341 2097/594/1341 2098/596/1341 2099/598/1341 2100/600/1341 2101/602/1341 2102/604/1341 2103/606/1341 2104/608/1341 2105/610/1341 2106/612/1341
f 2331/553/1341 2362/612/1341 2361/610/1341 2360/608/1341 2359/606/1341 2358/604/1341 2357/602/1341 2356/600/1341 2355/598/1341 2354/596/1341 2353/594/1341 2352/489/1341 2351/488/1341 2350/590/1341 2349/588/1341 2348/586/1341 2347/584/1341 2346/582/1341 2345/580/1341 2344/578/1341 2343/576/1341 2342/574/1341 2341/572/1341 2340/570/1341 2339/568/1341 2338/566/1341 2337/564/1341 2336/562/1341 2335/560/1341 2334/558/1341 2333/556/1341 2332/552/1341
o Cylinder.003
v 3.287975 -4.937538 16.733133
v 3.815484 -4.937538 16.814072
v 3.287975 -4.992761 16.738573
v 3.815484 -4.976971 16.817957
v 3.287975 -5.045862 16.754681
v 3.815484 -5.014888 16.829458
v 3.287975 -5.094800 16.780838
v 3.815484 -5.049833 16.848137
v 3.287975 -5.137695 16.816042
v 3.815484 -5.080463 16.873274
v 3.287975 -5.172898 16.858936
v 3.815484 -5.105600 16.903904
v 3.287975 -5.199056 16.907875
v 3.815484 -5.124279 16.938848
v 3.287975 -5.215164 16.960976
v 3.815484 -5.135781 16.976767
v 3.287975 -5.220603 17.016199
v 3.815484 -5.139665 17.016199
v 3.287975 -5.215164 17.071423
v 3.815484 -5.135781 17.055632
v 3.287975 -5.199056 17.124523
v 3.815484 -5.124279 17.093550
v 3.287975 -5.172898 17.173462
v 3.815484 -5.105600 17.128494
v 3.287975 -5.137695 17.216356
v 3.815484 -5.080463 17.159124
v 3.287975 -5.094800 17.251560
v 3.815484 -5.049833 17.184261
v 3.287975 -5.045862 17.277718
v 3.815484 -5.014888 17.202940
v 3.287975 -4.992761 17.293825
v 3.815484 -4.976971 17.214441
v 3.287975 -4.937538 17.299265
v 3.815484 -4.937538 17.218327
v 3.287975 -4.882314 17.293825
v 3.815484 -4.898105 17.214441
v 3.287975 -4.829213 17.277718
v 3.815484 -4.860187 17.202940
v 3.287975 -4.780275 17.251560
v 3.815484 -4.825242 17.184261
v 3.287975 -4.737380 17.216356
v 3.815484 -4.794612 17.159124
v 3.287975 -4.702177 17.173462
v 3.815484 -4.769475 17.128494
v 3.287975 -4.676019 17.124523
v 3.815484 -4.750797 17.093550
v 3.287975 -4.659911 17.071423
v 3.815484 -4.739295 17.055632
v 3.287975 -4.654472 17.016199
v 3.815484 -4.735411 17.016199
v 3.287975 -4.659911 16.960976
v 3.815484 -4.739295 16.976767
v 3.287975 -4.676019 16.907875
v 3.815484 -4.750797 16.938848
v 3.287975 -4.702177 16.858936
v 3.815484 -4.769475 16.903904
v 3.287975 -4.737380 16.816042
v 3.815484 -4.794612 16.873274
v 3.287975 -4.780275 16.780838
v 3.815484 -4.825242 16.848137
v 3.287975 -4.829213 16.754681
v 3.815484 -4.860187 16.829458
v 3.287975 -4.882314 16.738573
v 3.815484 -4.898105 16.817957
v 3.155210 -4.937538 16.811111
v 3.155210 -4.977549 16.815052
v 3.155210 -5.016021 16.826723
v 3.155210 -5.051478 16.845675
v 3.155210 -5.082557 16.871180
v 3.155210 -5.108062 16.902258
v 3.155210 -5.127014 16.937716
v 3.155210 -5.138685 16.976189
v 3.155210 -5.142626 17.016199
v 3.155210 -5.138685 17.056210
v 3.155210 -5.127014 17.094683
v 3.155210 -5.108062 17.130140
v 3.155210 -5.082557 17.161219
v 3.155210 -5.051478 17.186724
v 3.155210 -5.016021 17.205675
v 3.155210 -4.977549 17.217346
v 3.155210 -4.937538 17.221287
v 3.155210 -4.897527 17.217346
v 3.155210 -4.859054 17.205675
v 3.155210 -4.823597 17.186724
v 3.155210 -4.792519 17.161219
v 3.155210 -4.767014 17.130140
v 3.155210 -4.748061 17.094683
v 3.155210 -4.736391 17.056210
v 3.155210 -4.732450 17.016199
v 3.155210 -4.736391 16.976189
v 3.155210 -4.748061 16.937716
v 3.155210 -4.767014 16.902258
v 3.155210 -4.792519 16.871180
v 3.155210 -4.823597 16.845675
v 3.155210 -4.859054 16.826723
v 3.155210 -4.897527 16.815052
v 3.815484 -4.992761 16.738573
v 3.815484 -4.937538 16.733133
v 3.815484 -5.045862 16.754681
v 3.815484 -5.094800 16.780838
v 3.815484 -5.137695 16.816042
v 3.815484 -5.172898 16.858936
v 3.815484 -5.199056 16.907875
v 3.815484 -5.215164 16.960976
v 3.815484 -5.220603 17.016199
v 3.815484 -5.215164 17.071423
v 3.815484 -5.199056 17.124523
v 3.815484 -5.172898 17.173462
v 3.815484 -5.137695 17.216356
v 3.815484 -5.094800 17.251560
v 3.815484 -5.045862 17.277718
v 3.815484 -4.992761 17.293825
v 3.815484 -4.937538 17.299265
v 3.815484 -4.882314 17.293825
v 3.815484 -4.829213 17.277718
v 3.815484 -4.780275 17.251560
v 3.815484 -4.737380 17.216356
v 3.815484 -4.702177 17.173462
v 3.815484 -4.676019 17.124523
v 3.815484 -4.659911 17.071423
v 3.815484 -4.654472 17.016199
v 3.815484 -4.659911 16.960976
v 3.815484 -4.676019 16.907875
v 3.815484 -4.702177 16.858936
v 3.815484 -4.737380 16.816042
v 3.815484 -4.780275 16.780838
v 3.815484 -4.829213 16.754681
v 3.815484 -4.882314 16.738573
v 4.165502 -4.972810 16.838873
v 4.165502 -4.937538 16.835400
v 4.165502 -5.006727 16.849161
v 4.165502 -5.037985 16.865870
v 4.165502 -5.065382 16.888353
v 4.165502 -5.087867 16.915752
v 4.165502 -5.104575 16.947010
v 4.165502 -5.114864 16.980927
v 4.165502 -5.118338 17.016199
v 4.165502 -5.114864 17.051472
v 4.165502 -5.104575 17.085388
v 4.165502 -5.087867 17.116646
v 4.165502 -5.065382 17.144045
v 4.165502 -5.037985 17.166529
v 4.165502 -5.006727 17.183237
v 4.165502 -4.972810 17.193525
v 4.165502 -4.937538 17.196999
v 4.165502 -4.902265 17.193525
v 4.165502 -4.868348 17.183237
v 4.165502 -4.837090 17.166529
v 4.165502 -4.809692 17.144045
v 4.165502 -4.787208 17.116646
v 4.165502 -4.770500 17.085388
v 4.165502 -4.760211 17.051472
v 4.165502 -4.756737 17.016199
v 4.165502 -4.760211 16.980927
v 4.165502 -4.770500 16.947010
v 4.165502 -4.787208 16.915752
v 4.165502 -4.809692 16.888353
v 4.165502 -4.837090 16.865870
v 4.165502 -4.868348 16.849161
v 4.165502 -4.902265 16.838873
v 4.350570 -4.963641 16.884972
v 4.350570 -4.937538 16.882401
v 4.350570 -4.988740 16.892584
v 4.350570 -5.011872 16.904949
v 4.350570 -5.032148 16.921589
v 4.350570 -5.048788 16.941864
v 4.350570 -5.061152 16.964996
v 4.350570 -5.068766 16.990097
v 4.350570 -5.071337 17.016199
v 4.350570 -5.068766 17.042301
v 4.350570 -5.061152 17.067402
v 4.350570 -5.048788 17.090534
v 4.350570 -5.032148 17.110809
v 4.350570 -5.011872 17.127449
v 4.350570 -4.988740 17.139814
v 4.350570 -4.963641 17.147427
v 4.350570 -4.937538 17.149998
v 4.350570 -4.911435 17.147427
v 4.350570 -4.886335 17.139814
v 4.350570 -4.863203 17.127449
v 4.350570 -4.842927 17.110809
v 4.350570 -4.826288 17.090534
v 4.350570 -4.813923 17.067402
v 4.350570 -4.806309 17.042301
v 4.350570 -4.803738 17.016199
v 4.350570 -4.806309 16.990097
v 4.350570 -4.813923 16.964996
v 4.350570 -4.826288 16.941864
v 4.350570 -4.842927 16.921589
v 4.350570 -4.863203 16.904949
v 4.350570 -4.886335 16.892584
v 4.350570 -4.911435 16.884972
v 3.155210 -4.937538 16.774223
v 3.155210 -4.984745 16.778873
v 3.155210 -5.030138 16.792643
v 3.155210 -5.071972 16.815002
v 3.155210 -5.108641 16.845097
v 3.155210 -5.138733 16.881763
v 3.155210 -5.161094 16.923599
v 3.155210 -5.174864 16.968992
v 3.155210 -5.179514 17.016199
v 3.155210 -5.174864 17.063406
v 3.155210 -5.161094 17.108799
v 3.155210 -5.138733 17.150633
v 3.155210 -5.108641 17.187302
v 3.155210 -5.071972 17.217396
v 3.155210 -5.030138 17.239756
v 3.155210 -4.984745 17.253525
v 3.155210 -4.937538 17.258175
v 3.155210 -4.890330 17.253525
v 3.155210 -4.844937 17.239756
v 3.155210 -4.803103 17.217396
v 3.155210 -4.766435 17.187302
v 3.155210 -4.736342 17.150633
v 3.155210 -4.713981 17.108799
v 3.155210 -4.700211 17.063406
v 3.155210 -4.695561 17.016199
v 3.155210 -4.700211 16.968992
v 3.155210 -4.713981 16.923599
v 3.155210 -4.736342 16.881763
v 3.155210 -4.766435 16.845097
v 3.155210 -4.803103 16.815002
v 3.155210 -4.844937 16.792643
v 3.155210 -4.890330 16.778873
v 3.327825 -4.937538 16.811111
v 3.327825 -4.977548 16.815052
v 3.327825 -5.016021 16.826723
v 3.327825 -5.051478 16.845675
v 3.327825 -5.082557 16.871180
v 3.327825 -5.108062 16.902258
v 3.327825 -5.127014 16.937716
v 3.327825 -5.138685 16.976189
v 3.327825 -5.142626 17.016199
v 3.327825 -5.138685 17.056210
v 3.327825 -5.127014 17.094683
v 3.327825 -5.108062 17.130140
v 3.327825 -5.082557 17.161219
v 3.327825 -5.051478 17.186724
v 3.327825 -5.016021 17.205675
v 3.327825 -4.977548 17.217346
v 3.327825 -4.937538 17.221287
v 3.327825 -4.897527 17.217346
v 3.327825 -4.859054 17.205675
v 3.327825 -4.823597 17.186724
v 3.327825 -4.792519 17.161219
v 3.327825 -4.767014 17.130140
v 3.327825 -4.748061 17.094683
v 3.327825 -4.736391 17.056210
v 3.327825 -4.732450 17.016199
v 3.327825 -4.736391 16.976189
v 3.327825 -4.748061 16.937716
v 3.327825 -4.767014 16.902258
v 3.327825 -4.792519 16.871180
v 3.327825 -4.823597 16.845675
v 3.327825 -4.859054 16.826723
v 3.327825 -4.897527 16.815052
v 3.287975 -4.937538 9.200462
v 3.815484 -4.937538 9.119524
v 3.287975 -4.992761 9.195024
v 3.815484 -4.976971 9.115641
v 3.287975 -5.045862 9.178916
v 3.815484 -5.014888 9.104137
v 3.287975 -5.094800 9.152758
v 3.815484 -5.049833 9.085459
v 3.287975 -5.137695 9.117556
v 3.815484 -5.080463 9.060323
v 3.287975 -5.172898 9.074660
v 3.815484 -5.105600 9.029694
v 3.287975 -5.199056 9.025722
v 3.815484 -5.124279 8.994748
v 3.287975 -5.215164 8.972621
v 3.815484 -5.135781 8.956830
v 3.287975 -5.220603 8.917397
v 3.815484 -5.139665 8.917397
v 3.287975 -5.215164 8.862174
v 3.815484 -5.135781 8.877964
v 3.287975 -5.199056 8.809072
v 3.815484 -5.124279 8.840047
v 3.287975 -5.172898 8.760135
v 3.815484 -5.105600 8.805101
v 3.287975 -5.137695 8.717239
v 3.815484 -5.080463 8.774472
v 3.287975 -5.094800 8.682036
v 3.815484 -5.049833 8.749335
v 3.287975 -5.045862 8.655879
v 3.815484 -5.014888 8.730657
v 3.287975 -4.992761 8.639771
v 3.815484 -4.976971 8.719154
v 3.287975 -4.937538 8.634332
v 3.815484 -4.937538 8.715270
v 3.287975 -4.882314 8.639771
v 3.815484 -4.898105 8.719154
v 3.287975 -4.829213 8.655879
v 3.815484 -4.860187 8.730657
v 3.287975 -4.780275 8.682036
v 3.815484 -4.825242 8.749335
v 3.287975 -4.737380 8.717239
v 3.815484 -4.794612 8.774472
v 3.287975 -4.702177 8.760135
v 3.815484 -4.769475 8.805101
v 3.287975 -4.676019 8.809072
v 3.815484 -4.750797 8.840047
v 3.287975 -4.659911 8.862174
v 3.815484 -4.739295 8.877964
v 3.287975 -4.654472 8.917397
v 3.815484 -4.735411 8.917397
v 3.287975 -4.659911 8.972621
v 3.815484 -4.739295 8.956830
v 3.287975 -4.676019 9.025722
v 3.815484 -4.750797 8.994748
v 3.287975 -4.702177 9.074660
v 3.815484 -4.769475 9.029694
v 3.287975 -4.737380 9.117556
v 3.815484 -4.794612 9.060323
v 3.287975 -4.780275 9.152758
v 3.815484 -4.825242 9.085459
v 3.287975 -4.829213 9.178916
v 3.815484 -4.860187 9.104137
v 3.287975 -4.882314 9.195024
v 3.815484 -4.898105 9.115641
v 3.155210 -4.937538 9.122485
v 3.155210 -4.977549 9.118544
v 3.155210 -5.016022 9.106874
v 3.155210 -5.051478 9.087921
v 3.155210 -5.082557 9.062416
v 3.155210 -5.108062 9.031338
v 3.155210 -5.127014 8.995881
v 3.155210 -5.138685 8.957408
v 3.155210 -5.142626 8.917397
v 3.155210 -5.138685 8.877386
v 3.155210 -5.127014 8.838914
v 3.155210 -5.108062 8.803457
v 3.155210 -5.082557 8.772378
v 3.155210 -5.051478 8.746873
v 3.155210 -5.016022 8.727921
v 3.155210 -4.977549 8.716250
v 3.155210 -4.937538 8.712310
v 3.155210 -4.897527 8.716250
v 3.155210 -4.859054 8.727921
v 3.155210 -4.823597 8.746873
v 3.155210 -4.792519 8.772378
v 3.155210 -4.767014 8.803457
v 3.155210 -4.748061 8.838914
v 3.155210 -4.736391 8.877386
v 3.155210 -4.732450 8.917397
v 3.155210 -4.736391 8.957408
v 3.155210 -4.748061 8.995881
v 3.155210 -4.767014 9.031338
v 3.155210 -4.792519 9.062416
v 3.155210 -4.823597 9.087921
v 3.155210 -4.859054 9.106874
v 3.155210 -4.897527 9.118544
v 3.815484 -4.992761 9.195024
v 3.815484 -4.937538 9.200462
v 3.815484 -5.045862 9.178916
v 3.815484 -5.094800 9.152758
v 3.815484 -5.137695 9.117556
v 3.815484 -5.172898 9.074660
v 3.815484 -5.199056 9.025722
v 3.815484 -5.215164 8.972621
v 3.815484 -5.220603 8.917397
v 3.815484 -5.215164 8.862174
v 3.815484 -5.199056 8.809072
v 3.815484 -5.172898 8.760135
v 3.815484 -5.137695 8.717239
v 3.815484 -5.094800 8.682036
v 3.815484 -5.045862 8.655879
v 3.815484 -4.992761 8.639771
v 3.815484 -4.937538 8.634332
v 3.815484 -4.882314 8.639771
v 3.815484 -4.829213 8.655879
v 3.815484 -4.780275 8.682036
v 3.815484 -4.737380 8.717239
v 3.815484 -4.702177 8.760135
v 3.815484 -4.676019 8.809072
v 3.815484 -4.659911 8.862174
v 3.815484 -4.654472 8.917397
v 3.815484 -4.659911 8.972621
v 3.815484 -4.676019 9.025722
v 3.815484 -4.702177 9.074660
v 3.815484 -4.737380 9.117556
v 3.815484 -4.780275 9.152758
v 3.815484 -4.829213 9.178916
v 3.815484 -4.882314 9.195024
v 4.165502 -4.972810 9.094724
v 4.165502 -4.937538 9.098198
v 4.165502 -5.006727 9.084435
v 4.165502 -5.037985 9.067728
v 4.165502 -5.065382 9.045242
v 4.165502 -5.087867 9.017845
v 4.165502 -5.104575 8.986587
v 4.165502 -5.114864 8.952670
v 4.165502 -5.118338 8.917397
v 4.165502 -5.114864 8.882125
v 4.165502 -5.104575 8.848207
v 4.165502 -5.087867 8.816950
v 4.165502 -5.065382 8.789552
v 4.165502 -5.037985 8.767067
v 4.165502 -5.006727 8.750360
v 4.165502 -4.972810 8.740071
v 4.165502 -4.937538 8.736597
v 4.165502 -4.902265 8.740071
v 4.165502 -4.868349 8.750360
v 4.165502 -4.837090 8.767067
v 4.165502 -4.809692 8.789552
v 4.165502 -4.787208 8.816950
v 4.165502 -4.770500 8.848207
v 4.165502 -4.760211 8.882125
v 4.165502 -4.756737 8.917397
v 4.165502 -4.760211 8.952670
v 4.165502 -4.770500 8.986587
v 4.165502 -4.787208 9.017845
v 4.165502 -4.809692 9.045242
v 4.165502 -4.837090 9.067728
v 4.165502 -4.868349 9.084435
v 4.165502 -4.902265 9.094724
v 4.350569 -4.963641 9.048626
v 4.350569 -4.937538 9.051197
v 4.350569 -4.988740 9.041012
v 4.350569 -5.011872 9.028647
v 4.350569 -5.032148 9.012008
v 4.350569 -5.048788 8.991732
v 4.350569 -5.061152 8.968600
v 4.350569 -5.068766 8.943501
v 4.350569 -5.071337 8.917397
v 4.350569 -5.068766 8.891294
v 4.350569 -5.061152 8.866195
v 4.350569 -5.048788 8.843062
v 4.350569 -5.032148 8.822787
v 4.350569 -5.011872 8.806148
v 4.350569 -4.988740 8.793783
v 4.350569 -4.963641 8.786169
v 4.350569 -4.937538 8.783598
v 4.350569 -4.911435 8.786169
v 4.350569 -4.886335 8.793783
v 4.350569 -4.863203 8.806148
v 4.350569 -4.842927 8.822787
v 4.350569 -4.826288 8.843062
v 4.350569 -4.813923 8.866195
v 4.350569 -4.806309 8.891294
v 4.350569 -4.803738 8.917397
v 4.350569 -4.806309 8.943501
v 4.350569 -4.813923 8.968600
v 4.350569 -4.826288 8.991732
v 4.350569 -4.842927 9.012008
v 4.350569 -4.863203 9.028647
v 4.350569 -4.886335 9.041012
v 4.350569 -4.911435 9.048626
v 3.155210 -4.937538 9.159373
v 3.155210 -4.984745 9.154724
v 3.155210 -5.030138 9.140954
v 3.155210 -5.071972 9.118593
v 3.155210 -5.108641 9.088500
v 3.155210 -5.138733 9.051832
v 3.155210 -5.161095 9.009997
v 3.155210 -5.174864 8.964604
v 3.155210 -5.179514 8.917397
v 3.155210 -5.174864 8.870191
v 3.155210 -5.161095 8.824797
v 3.155210 -5.138733 8.782963
v 3.155210 -5.108641 8.746294
v 3.155210 -5.071972 8.716202
v 3.155210 -5.030138 8.693840
v 3.155210 -4.984745 8.680071
v 3.155210 -4.937538 8.675421
v 3.155210 -4.890331 8.680071
v 3.155210 -4.844937 8.693840
v 3.155210 -4.803103 8.716202
v 3.155210 -4.766435 8.746294
v 3.155210 -4.736342 8.782963
v 3.155210 -4.713981 8.824797
v 3.155210 -4.700211 8.870191
v 3.155210 -4.695562 8.917397
v 3.155210 -4.700211 8.964604
v 3.155210 -4.713981 9.009997
v 3.155210 -4.736342 9.051832
v 3.155210 -4.766435 9.088500
v 3.155210 -4.803103 9.118593
v 3.155210 -4.844937 9.140954
v 3.155210 -4.890331 9.154724
v 3.327825 -4.937538 9.122485
v 3.327825 -4.977549 9.118544
v 3.327825 -5.016022 9.106874
v 3.327825 -5.051478 9.087921
v 3.327825 -5.082557 9.062416
v 3.327825 -5.108062 9.031338
v 3.327825 -5.127014 8.995881
v 3.327825 -5.138685 8.957408
v 3.327825 -5.142626 8.917397
v 3.327825 -5.138685 8.877386
v 3.327825 -5.127014 8.838914
v 3.327825 -5.108062 8.803457
v 3.327825 -5.082557 8.772378
v 3.327825 -5.051478 8.746873
v 3.327825 -5.016022 8.727921
v 3.327825 -4.977549 8.716250
v 3.327825 -4.937538 8.712310
v 3.327825 -4.897527 8.716250
v 3.327825 -4.859054 8.727921
v 3.327825 -4.823597 8.746873
v 3.327825 -4.792519 8.772378
v 3.327825 -4.767014 8.803457
v 3.327825 -4.748061 8.838914
v 3.327825 -4.736391 8.877386
v 3.327825 -4.732450 8.917397
v 3.327825 -4.736391 8.957408
v 3.327825 -4.748061 8.995881
v 3.327825 -4.767014 9.031338
v 3.327825 -4.792519 9.062416
v 3.327825 -4.823597 9.087921
v 3.327825 -4.859054 9.106874
v 3.327825 -4.897527 9.118544
vn -0.0000 -0.0980 -0.9952
vn -0.0000 -0.2903 -0.9569
vn -0.0000 -0.4714 -0.8819
vn -0.0000 -0.6344 -0.7730
vn -0.0000 -0.7730 -0.6344
vn -0.0000 -0.8819 -0.4714
vn -0.0000 -0.9569 -0.2903
vn -0.0000 -0.9952 -0.0980
vn -0.0000 -0.9952 0.0980
vn -0.0000 -0.9569 0.2903
vn -0.0000 -0.8819 0.4714
vn -0.0000 -0.7730 0.6344
vn -0.0000 -0.6344 0.7730
vn -0.0000 -0.4714 0.8819
vn -0.0000 -0.2903 0.9569
vn -0.0000 -0.0980 0.9952
vn -0.0000 0.0980 0.9952
vn -0.0000 0.2903 0.9569
vn -0.0000 0.4714 0.8819
vn -0.0000 0.6344 0.7730
vn -0.0000 0.7730 0.6344
vn -0.0000 0.8819 0.4714
vn -0.0000 0.9569 0.2903
vn -0.0000 0.9952 0.0980
vn -0.0000 0.9952 -0.0980
vn -0.0000 0.9569 -0.2903
vn -0.0000 0.8819 -0.4714
vn -0.0000 0.7730 -0.6344
vn -0.0000 0.6344 -0.7730
vn -0.0000 0.4714 -0.8819
vn 0.0605 0.8803 -0.4705
vn -0.0000 0.2903 -0.9569
vn -0.0000 0.0980 -0.9952
vn -0.2944 -0.7388 -0.6063
vn -0.2944 -0.4505 0.8428
vn -0.2944 0.9145 0.2774
vn -0.2944 -0.0937 -0.9511
vn -0.2944 0.0937 -0.9511
vn -0.2944 -0.9145 0.2774
vn -0.2944 0.4505 0.8428
vn -0.2944 0.7388 -0.6063
vn -0.2944 -0.8428 -0.4505
vn -0.2944 -0.2774 0.9145
vn -0.2944 0.9511 0.0937
vn -0.2944 -0.2774 -0.9145
vn -0.2944 -0.8428 0.4505
vn -0.2944 0.6063 0.7388
vn -0.2944 0.6063 -0.7388
vn -0.2944 -0.9145 -0.2774
vn -0.2944 -0.0937 0.9511
vn -0.2944 0.9511 -0.0937
vn -0.2944 -0.4505 -0.8428
vn -0.2944 -0.7388 0.6063
vn -0.2944 0.7388 0.6063
vn -0.2944 0.4505 -0.8428
vn -0.2944 -0.9511 -0.0937
vn -0.2944 0.0937 0.9511
vn -0.2944 0.9145 -0.2774
vn -0.2944 -0.6063 -0.7388
vn -0.2944 -0.6063 0.7388
vn -0.2944 0.8428 0.4505
vn -0.2944 0.2774 -0.9145
vn -0.2944 -0.9511 0.0937
vn -0.2944 0.2774 0.9145
vn -0.2944 0.8428 -0.4505
vn 1.0000 -0.0000 -0.0000
vn 0.2450 -0.4570 -0.8550
vn 0.0605 -0.4705 0.8803
vn 0.0605 -0.0978 -0.9934
vn 0.0605 0.7716 -0.6332
vn 0.0605 -0.2898 0.9552
vn 0.0605 -0.2898 -0.9552
vn 0.0605 0.6332 -0.7716
vn 0.0605 -0.0978 0.9934
vn 0.0605 -0.4705 -0.8803
vn 0.0605 0.4705 -0.8803
vn 0.0605 0.0978 0.9934
vn 0.0605 -0.6332 -0.7716
vn 0.0605 0.2898 -0.9552
vn 0.0605 0.2898 0.9552
vn 0.0605 -0.7716 -0.6332
vn 0.0605 0.0978 -0.9934
vn 0.0605 0.4705 0.8803
vn 0.0605 -0.8803 -0.4705
vn 0.0605 0.6332 0.7716
vn 0.0605 -0.9552 -0.2898
vn 0.0605 0.7716 0.6332
vn 0.0605 -0.9934 -0.0978
vn 0.0605 0.8803 0.4705
vn 0.0605 -0.9934 0.0978
vn 0.0605 0.9552 0.2898
vn 0.0605 -0.9552 0.2898
vn 0.0605 0.9934 0.0978
vn 0.0605 -0.8803 0.4705
vn 0.0605 0.9934 -0.0978
vn 0.0605 -0.7716 0.6332
vn 0.0605 0.9552 -0.2898
vn 0.0605 -0.6332 0.7716
vn 0.2450 0.4570 -0.8550
vn 0.2450 0.0950 0.9648
vn 0.2450 -0.6151 -0.7494
vn 0.2450 0.2814 -0.9278
vn 0.2450 0.2814 0.9278
vn 0.2450 -0.7494 -0.6151
vn 0.2450 0.0950 -0.9648
vn 0.2450 0.4570 0.8550
vn 0.2450 -0.8550 -0.4570
vn 0.2450 0.6151 0.7494
vn 0.2450 -0.9278 -0.2814
vn 0.2450 0.7494 0.6151
vn 0.2450 -0.9648 -0.0950
vn 0.2450 0.8550 0.4570
vn 0.2450 -0.9648 0.0950
vn 0.2450 0.9278 0.2814
vn 0.2450 -0.9278 0.2814
vn 0.2450 0.9648 0.0950
vn 0.2450 -0.8550 0.4570
vn 0.2450 0.9648 -0.0950
vn 0.2450 -0.7494 0.6151
vn 0.2450 0.9278 -0.2814
vn 0.2450 -0.6151 0.7494
vn 0.2450 0.8550 -0.4570
vn 0.2450 -0.4570 0.8550
vn 0.2450 -0.0950 -0.9648
vn 0.2450 0.7494 -0.6151
vn 0.2450 -0.2814 0.9278
vn 0.2450 -0.2814 -0.9278
vn 0.2450 0.6151 -0.7494
vn 0.2450 -0.0950 0.9648
vn -1.0000 -0.0000 -0.0000
vn 0.2450 -0.7494 0.6150
vn 0.2450 0.7494 -0.6150
vn 0.2450 -0.7494 -0.6150
vt 1.000000 0.500000
vt 1.000000 1.000000
vt 0.968750 1.000000
vt 0.968750 0.500000
vt 0.937500 1.000000
vt 0.937500 0.500000
vt 0.906250 1.000000
vt 0.906250 0.500000
vt 0.875000 1.000000
vt 0.875000 0.500000
vt 0.843750 1.000000
vt 0.843750 0.500000
vt 0.812500 1.000000
vt 0.812500 0.500000
vt 0.781250 1.000000
vt 0.781250 0.500000
vt 0.750000 1.000000
vt 0.750000 0.500000
vt 0.718750 1.000000
vt 0.718750 0.500000
vt 0.687500 1.000000
vt 0.687500 0.500000
vt 0.656250 1.000000
vt 0.656250 0.500000
vt 0.625000 1.000000
vt 0.625000 0.500000
vt 0.593750 1.000000
vt 0.593750 0.500000
vt 0.562500 1.000000
vt 0.562500 0.500000
vt 0.531250 1.000000
vt 0.531250 0.500000
vt 0.500000 1.000000
vt 0.500000 0.500000
vt 0.468750 1.000000
vt 0.468750 0.500000
vt 0.437500 1.000000
vt 0.437500 0.500000
vt 0.406250 1.000000
vt 0.406250 0.500000
vt 0.375000 1.000000
vt 0.375000 0.500000
vt 0.343750 1.000000
vt 0.343750 0.500000
vt 0.312500 1.000000
vt 0.312500 0.500000
vt 0.281250 1.000000
vt 0.281250 0.500000
vt 0.250000 1.000000
vt 0.250000 0.500000
vt 0.218750 1.000000
vt 0.218750 0.500000
vt 0.187500 1.000000
vt 0.187500 0.500000
vt 0.156250 1.000000
vt 0.156250 0.500000
vt 0.125000 1.000000
vt 0.125000 0.500000
vt 0.093750 1.000000
vt 0.093750 0.500000
vt 0.062500 1.000000
vt 0.062500 0.500000
vt 0.107507 0.345211
vt 0.091670 0.315583
vt 0.031250 1.000000
vt 0.031250 0.500000
vt 0.000000 1.000000
vt 0.000000 0.500000
vt 0.562071 0.172157
vt 0.550495 0.210316
vt 0.250000 0.421375
vt 0.283434 0.418082
vt 0.296822 0.485388
vt 0.250000 0.490000
vt 0.315582 0.408330
vt 0.341844 0.471731
vt 0.345211 0.392493
vt 0.383337 0.449553
vt 0.371181 0.371181
vt 0.419706 0.419706
vt 0.392493 0.345211
vt 0.449553 0.383337
vt 0.408330 0.315582
vt 0.471731 0.341844
vt 0.418082 0.283434
vt 0.485388 0.296822
vt 0.421375 0.250000
vt 0.490000 0.250000
vt 0.418082 0.216566
vt 0.485388 0.203178
vt 0.408330 0.184418
vt 0.471731 0.158156
vt 0.392493 0.154789
vt 0.449553 0.116663
vt 0.371181 0.128819
vt 0.419706 0.080294
vt 0.345211 0.107507
vt 0.383337 0.050447
vt 0.315582 0.091670
vt 0.341844 0.028269
vt 0.283434 0.081918
vt 0.296822 0.014612
vt 0.250000 0.078625
vt 0.250000 0.010000
vt 0.216566 0.081918
vt 0.203178 0.014612
vt 0.184418 0.091670
vt 0.158156 0.028269
vt 0.154789 0.107507
vt 0.116663 0.050447
vt 0.128819 0.128819
vt 0.080294 0.080294
vt 0.107507 0.154789
vt 0.050447 0.116663
vt 0.091670 0.184418
vt 0.028269 0.158156
vt 0.081918 0.216566
vt 0.014612 0.203178
vt 0.078625 0.250000
vt 0.010000 0.250000
vt 0.081918 0.283434
vt 0.014612 0.296822
vt 0.028269 0.341844
vt 0.050447 0.383337
vt 0.128819 0.371181
vt 0.080294 0.419706
vt 0.154789 0.392493
vt 0.116663 0.449553
vt 0.184418 0.408330
vt 0.158156 0.471731
vt 0.216566 0.418083
vt 0.203178 0.485388
vt 0.789684 0.449505
vt 0.750000 0.453413
vt 0.750000 0.490000
vt 0.796822 0.485388
vt 0.827843 0.437929
vt 0.841844 0.471731
vt 0.863010 0.419132
vt 0.883337 0.449553
vt 0.893835 0.393835
vt 0.919706 0.419706
vt 0.919132 0.363010
vt 0.949553 0.383337
vt 0.937929 0.327843
vt 0.971731 0.341844
vt 0.949504 0.289684
vt 0.985388 0.296822
vt 0.953413 0.250000
vt 0.990000 0.250000
vt 0.949505 0.210316
vt 0.985388 0.203178
vt 0.937929 0.172157
vt 0.971731 0.158156
vt 0.919132 0.136990
vt 0.949553 0.116663
vt 0.893835 0.106165
vt 0.919706 0.080294
vt 0.863010 0.080868
vt 0.883337 0.050447
vt 0.827843 0.062071
vt 0.841844 0.028269
vt 0.789684 0.050495
vt 0.796822 0.014612
vt 0.750000 0.046587
vt 0.750000 0.010000
vt 0.710316 0.050495
vt 0.703178 0.014612
vt 0.672157 0.062071
vt 0.658156 0.028269
vt 0.636990 0.080868
vt 0.616663 0.050447
vt 0.606165 0.106165
vt 0.580294 0.080294
vt 0.580868 0.136990
vt 0.550447 0.116663
vt 0.528269 0.158156
vt 0.514612 0.203178
vt 0.546587 0.250000
vt 0.510000 0.250000
vt 0.550496 0.289684
vt 0.514612 0.296822
vt 0.562071 0.327843
vt 0.528269 0.341844
vt 0.580868 0.363010
vt 0.550447 0.383337
vt 0.606165 0.393835
vt 0.580294 0.419706
vt 0.636990 0.419132
vt 0.616663 0.449553
vt 0.672157 0.437929
vt 0.658156 0.471731
vt 0.710316 0.449504
vt 0.703178 0.485388
s 0
usemtl Material.001
f 2363/614/1343 2460/615/1343 2459/616/1343 2365/617/1343
f 2365/617/1344 2459/616/1344 2461/618/1344 2367/619/1344
f 2367/619/1345 2461/618/1345 2462/620/1345 2369/621/1345
f 2369/621/1346 2462/620/1346 2463/622/1346 2371/623/1346
f 2371/623/1347 2463/622/1347 2464/624/1347 2373/625/1347
f 2373/625/1348 2464/624/1348 2465/626/1348 2375/627/1348
f 2375/627/1349 2465/626/1349 2466/628/1349 2377/629/1349
f 2377/629/1350 2466/628/1350 2467/630/1350 2379/631/1350
f 2379/631/1351 2467/630/1351 2468/632/1351 2381/633/1351
f 2381/633/1352 2468/632/1352 2469/634/1352 2383/635/1352
f 2383/635/1353 2469/634/1353 2470/636/1353 2385/637/1353
f 2385/637/1354 2470/636/1354 2471/638/1354 2387/639/1354
f 2387/639/1355 2471/638/1355 2472/640/1355 2389/641/1355
f 2389/641/1356 2472/640/1356 2473/642/1356 2391/643/1356
f 2391/643/1357 2473/642/1357 2474/644/1357 2393/645/1357
f 2393/645/1358 2474/644/1358 2475/646/1358 2395/647/1358
f 2395/647/1359 2475/646/1359 2476/648/1359 2397/649/1359
f 2397/649/1360 2476/648/1360 2477/650/1360 2399/651/1360
f 2399/651/1361 2477/650/1361 2478/652/1361 2401/653/1361
f 2401/653/1362 2478/652/1362 2479/654/1362 2403/655/1362
f 2403/655/1363 2479/654/1363 2480/656/1363 2405/657/1363
f 2405/657/1364 2480/656/1364 2481/658/1364 2407/659/1364
f 2407/659/1365 2481/658/1365 2482/660/1365 2409/661/1365
f 2409/661/1366 2482/660/1366 2483/662/1366 2411/663/1366
f 2411/663/1367 2483/662/1367 2484/664/1367 2413/665/1367
f 2413/665/1368 2484/664/1368 2485/666/1368 2415/667/1368
f 2415/667/1369 2485/666/1369 2486/668/1369 2417/669/1369
f 2417/669/1370 2486/668/1370 2487/670/1370 2419/671/1370
f 2419/671/1371 2487/670/1371 2488/672/1371 2421/673/1371
f 2421/673/1372 2488/672/1372 2489/674/1372 2423/675/1372
f 2423/675/1374 2489/674/1374 2490/678/1374 2425/679/1374
f 2425/679/1375 2490/678/1375 2460/680/1375 2363/681/1375
f 2364/684/1408 2366/685/1408 2459/686/1408 2460/687/1408
f 2366/685/1408 2368/688/1408 2461/689/1408 2459/686/1408
f 2368/688/1408 2370/690/1408 2462/691/1408 2461/689/1408
f 2370/690/1408 2372/692/1408 2463/693/1408 2462/691/1408
f 2372/692/1408 2374/694/1408 2464/695/1408 2463/693/1408
f 2374/694/1408 2376/696/1408 2465/697/1408 2464/695/1408
f 2376/696/1408 2378/698/1408 2466/699/1408 2465/697/1408
f 2378/698/1408 2380/700/1408 2467/701/1408 2466/699/1408
f 2380/700/1408 2382/702/1408 2468/703/1408 2467/701/1408
f 2382/702/1408 2384/704/1408 2469/705/1408 2468/703/1408
f 2384/704/1408 2386/706/1408 2470/707/1408 2469/705/1408
f 2386/706/1408 2388/708/1408 2471/709/1408 2470/707/1408
f 2388/708/1408 2390/710/1408 2472/711/1408 2471/709/1408
f 2390/710/1408 2392/712/1408 2473/713/1408 2472/711/1408
f 2392/712/1408 2394/714/1408 2474/715/1408 2473/713/1408
f 2394/714/1408 2396/716/1408 2475/717/1408 2474/715/1408
f 2396/716/1408 2398/718/1408 2476/719/1408 2475/717/1408
f 2398/718/1408 2400/720/1408 2477/721/1408 2476/719/1408
f 2400/720/1408 2402/722/1408 2478/723/1408 2477/721/1408
f 2402/722/1408 2404/724/1408 2479/725/1408 2478/723/1408
f 2404/724/1408 2406/726/1408 2480/727/1408 2479/725/1408
f 2406/726/1408 2408/728/1408 2481/729/1408 2480/727/1408
f 2408/728/1408 2410/730/1408 2482/731/1408 2481/729/1408
f 2410/730/1408 2412/732/1408 2483/733/1408 2482/731/1408
f 2412/732/1408 2414/734/1408 2484/735/1408 2483/733/1408
f 2414/734/1408 2416/677/1408 2485/736/1408 2484/735/1408
f 2416/677/1408 2418/676/1408 2486/737/1408 2485/736/1408
f 2418/676/1408 2420/738/1408 2487/739/1408 2486/737/1408
f 2420/738/1408 2422/740/1408 2488/741/1408 2487/739/1408
f 2422/740/1408 2424/742/1408 2489/743/1408 2488/741/1408
f 2424/742/1408 2426/744/1408 2490/745/1408 2489/743/1408
f 2426/744/1408 2364/684/1408 2460/687/1408 2490/745/1408
f 2619/614/1358 2621/617/1358 2715/616/1358 2716/615/1358
f 2621/617/1357 2623/619/1357 2717/618/1357 2715/616/1357
f 2623/619/1356 2625/621/1356 2718/620/1356 2717/618/1356
f 2625/621/1355 2627/623/1355 2719/622/1355 2718/620/1355
f 2627/623/1354 2629/625/1354 2720/624/1354 2719/622/1354
f 2629/625/1353 2631/627/1353 2721/626/1353 2720/624/1353
f 2631/627/1352 2633/629/1352 2722/628/1352 2721/626/1352
f 2633/629/1351 2635/631/1351 2723/630/1351 2722/628/1351
f 2635/631/1350 2637/633/1350 2724/632/1350 2723/630/1350
f 2637/633/1349 2639/635/1349 2725/634/1349 2724/632/1349
f 2639/635/1348 2641/637/1348 2726/636/1348 2725/634/1348
f 2641/637/1347 2643/639/1347 2727/638/1347 2726/636/1347
f 2643/639/1346 2645/641/1346 2728/640/1346 2727/638/1346
f 2645/641/1345 2647/643/1345 2729/642/1345 2728/640/1345
f 2647/643/1344 2649/645/1344 2730/644/1344 2729/642/1344
f 2649/645/1343 2651/647/1343 2731/646/1343 2730/644/1343
f 2651/647/1375 2653/649/1375 2732/648/1375 2731/646/1375
f 2653/649/1374 2655/651/1374 2733/650/1374 2732/648/1374
f 2655/651/1372 2657/653/1372 2734/652/1372 2733/650/1372
f 2657/653/1371 2659/655/1371 2735/654/1371 2734/652/1371
f 2659/655/1370 2661/657/1370 2736/656/1370 2735/654/1370
f 2661/657/1369 2663/659/1369 2737/658/1369 2736/656/1369
f 2663/659/1368 2665/661/1368 2738/660/1368 2737/658/1368
f 2665/661/1367 2667/663/1367 2739/662/1367 2738/660/1367
f 2667/663/1366 2669/665/1366 2740/664/1366 2739/662/1366
f 2669/665/1365 2671/667/1365 2741/666/1365 2740/664/1365
f 2671/667/1364 2673/669/1364 2742/668/1364 2741/666/1364
f 2673/669/1363 2675/671/1363 2743/670/1363 2742/668/1363
f 2675/671/1362 2677/673/1362 2744/672/1362 2743/670/1362
f 2677/673/1361 2679/675/1361 2745/674/1361 2744/672/1361
f 2679/675/1360 2681/679/1360 2746/678/1360 2745/674/1360
f 2681/679/1359 2619/681/1359 2716/680/1359 2746/678/1359
f 2620/684/1408 2716/687/1408 2715/686/1408 2622/685/1408
f 2622/685/1408 2715/686/1408 2717/689/1408 2624/688/1408
f 2624/688/1408 2717/689/1408 2718/691/1408 2626/690/1408
f 2626/690/1408 2718/691/1408 2719/693/1408 2628/692/1408
f 2628/692/1408 2719/693/1408 2720/695/1408 2630/694/1408
f 2630/694/1408 2720/695/1408 2721/697/1408 2632/696/1408
f 2632/696/1408 2721/697/1408 2722/699/1408 2634/698/1408
f 2634/698/1408 2722/699/1408 2723/701/1408 2636/700/1408
f 2636/700/1408 2723/701/1408 2724/703/1408 2638/702/1408
f 2638/702/1408 2724/703/1408 2725/705/1408 2640/704/1408
f 2640/704/1408 2725/705/1408 2726/707/1408 2642/706/1408
f 2642/706/1408 2726/707/1408 2727/709/1408 2644/708/1408
f 2644/708/1408 2727/709/1408 2728/711/1408 2646/710/1408
f 2646/710/1408 2728/711/1408 2729/713/1408 2648/712/1408
f 2648/712/1408 2729/713/1408 2730/715/1408 2650/714/1408
f 2650/714/1408 2730/715/1408 2731/717/1408 2652/716/1408
f 2652/716/1408 2731/717/1408 2732/719/1408 2654/718/1408
f 2654/718/1408 2732/719/1408 2733/721/1408 2656/720/1408
f 2656/720/1408 2733/721/1408 2734/723/1408 2658/722/1408
f 2658/722/1408 2734/723/1408 2735/725/1408 2660/724/1408
f 2660/724/1408 2735/725/1408 2736/727/1408 2662/726/1408
f 2662/726/1408 2736/727/1408 2737/729/1408 2664/728/1408
f 2664/728/1408 2737/729/1408 2738/731/1408 2666/730/1408
f 2666/730/1408 2738/731/1408 2739/733/1408 2668/732/1408
f 2668/732/1408 2739/733/1408 2740/735/1408 2670/734/1408
f 2670/734/1408 2740/735/1408 2741/736/1408 2672/677/1408
f 2672/677/1408 2741/736/1408 2742/737/1408 2674/676/1408
f 2674/676/1408 2742/737/1408 2743/739/1408 2676/738/1408
f 2676/738/1408 2743/739/1408 2744/741/1408 2678/740/1408
f 2678/740/1408 2744/741/1408 2745/743/1408 2680/742/1408
f 2680/742/1408 2745/743/1408 2746/745/1408 2682/744/1408
f 2682/744/1408 2746/745/1408 2716/687/1408 2620/684/1408
usemtl Material.003
f 2418/676/1373 2416/677/1373 2517/677/1373 2518/676/1373
f 2371/623/1376 2373/625/1376 2560/625/1376 2559/623/1376
f 2449/682/1349 2450/683/1349 2610/683/1349 2609/682/1349
f 2389/641/1377 2391/643/1377 2569/643/1377 2568/641/1377
f 2407/659/1378 2409/661/1378 2578/661/1378 2577/659/1378
f 2363/614/1379 2365/617/1379 2556/617/1379 2555/614/1379
f 2425/679/1380 2363/681/1380 2555/681/1380 2586/679/1380
f 2381/633/1381 2383/635/1381 2565/635/1381 2564/633/1381
f 2399/651/1382 2401/653/1382 2574/653/1382 2573/651/1382
f 2417/669/1383 2419/671/1383 2583/671/1383 2582/669/1383
f 2373/625/1384 2375/627/1384 2561/627/1384 2560/625/1384
f 2391/643/1385 2393/645/1385 2570/645/1385 2569/643/1385
f 2409/661/1386 2411/663/1386 2579/663/1386 2578/661/1386
f 2365/617/1387 2367/619/1387 2557/619/1387 2556/617/1387
f 2383/635/1388 2385/637/1388 2566/637/1388 2565/635/1388
f 2401/653/1389 2403/655/1389 2575/655/1389 2574/653/1389
f 2419/671/1390 2421/673/1390 2584/673/1390 2583/671/1390
f 2375/627/1391 2377/629/1391 2562/629/1391 2561/627/1391
f 2393/645/1392 2395/647/1392 2571/647/1392 2570/645/1392
f 2411/663/1393 2413/665/1393 2580/665/1393 2579/663/1393
f 2367/619/1394 2369/621/1394 2558/621/1394 2557/619/1394
f 2385/637/1395 2387/639/1395 2567/639/1395 2566/637/1395
f 2403/655/1396 2405/657/1396 2576/657/1396 2575/655/1396
f 2421/673/1397 2423/675/1397 2585/675/1397 2584/673/1397
f 2377/629/1398 2379/631/1398 2563/631/1398 2562/629/1398
f 2395/647/1399 2397/649/1399 2572/649/1399 2571/647/1399
f 2413/665/1400 2415/667/1400 2581/667/1400 2580/665/1400
f 2369/621/1401 2371/623/1401 2559/623/1401 2558/621/1401
f 2387/639/1402 2389/641/1402 2568/641/1402 2567/639/1402
f 2405/657/1403 2407/659/1403 2577/659/1403 2576/657/1403
f 2423/675/1404 2425/679/1404 2586/679/1404 2585/675/1404
f 2379/631/1405 2381/633/1405 2564/633/1405 2563/631/1405
f 2397/649/1406 2399/651/1406 2573/651/1406 2572/649/1406
f 2415/667/1407 2417/669/1407 2582/669/1407 2581/667/1407
f 2494/690/1409 2493/688/1409 2525/688/1409 2526/690/1409
f 2392/712/1410 2390/710/1410 2504/710/1410 2505/712/1410
f 2366/685/1411 2364/684/1411 2492/684/1411 2491/685/1411
f 2420/738/1412 2418/676/1412 2518/676/1412 2519/738/1412
f 2394/714/1413 2392/712/1413 2505/712/1413 2506/714/1413
f 2368/688/1414 2366/685/1414 2491/685/1414 2493/688/1414
f 2422/740/1415 2420/738/1415 2519/738/1415 2520/740/1415
f 2396/716/1416 2394/714/1416 2506/714/1416 2507/716/1416
f 2370/690/1417 2368/688/1417 2493/688/1417 2494/690/1417
f 2424/742/1418 2422/740/1418 2520/740/1418 2521/742/1418
f 2398/718/1419 2396/716/1419 2507/716/1419 2508/718/1419
f 2372/692/1420 2370/690/1420 2494/690/1420 2495/692/1420
f 2426/744/1421 2424/742/1421 2521/742/1421 2522/744/1421
f 2400/720/1422 2398/718/1422 2508/718/1422 2509/720/1422
f 2374/694/1423 2372/692/1423 2495/692/1423 2496/694/1423
f 2364/684/1424 2426/744/1424 2522/744/1424 2492/684/1424
f 2402/722/1425 2400/720/1425 2509/720/1425 2510/722/1425
f 2376/696/1426 2374/694/1426 2496/694/1426 2497/696/1426
f 2404/724/1427 2402/722/1427 2510/722/1427 2511/724/1427
f 2378/698/1428 2376/696/1428 2497/696/1428 2498/698/1428
f 2406/726/1429 2404/724/1429 2511/724/1429 2512/726/1429
f 2380/700/1430 2378/698/1430 2498/698/1430 2499/700/1430
f 2408/728/1431 2406/726/1431 2512/726/1431 2513/728/1431
f 2382/702/1432 2380/700/1432 2499/700/1432 2500/702/1432
f 2410/730/1433 2408/728/1433 2513/728/1433 2514/730/1433
f 2384/704/1434 2382/702/1434 2500/702/1434 2501/704/1434
f 2412/732/1435 2410/730/1435 2514/730/1435 2515/732/1435
f 2386/706/1436 2384/704/1436 2501/704/1436 2502/706/1436
f 2414/734/1437 2412/732/1437 2515/732/1437 2516/734/1437
f 2388/708/1438 2386/706/1438 2502/706/1438 2503/708/1438
f 2416/677/1439 2414/734/1439 2516/734/1439 2517/677/1439
f 2390/710/1440 2388/708/1440 2503/708/1440 2504/710/1440
f 2523/685/1408 2524/684/1408 2554/744/1408 2553/742/1408 2552/740/1408 2551/738/1408 2550/676/1408 2549/677/1408 2548/734/1408 2547/732/1408 2546/730/1408 2545/728/1408 2544/726/1408 2543/724/1408 2542/722/1408 2541/720/1408 2540/718/1408 2539/716/1408 2538/714/1408 2537/712/1408 2536/710/1408 2535/708/1408 2534/706/1408 2533/704/1408 2532/702/1408 2531/700/1408 2530/698/1408 2529/696/1408 2528/694/1408 2527/692/1408 2526/690/1408 2525/688/1408
f 2521/742/1441 2520/740/1441 2552/740/1441 2553/742/1441
f 2508/718/1442 2507/716/1442 2539/716/1442 2540/718/1442
f 2495/692/1443 2494/690/1443 2526/690/1443 2527/692/1443
f 2522/744/1444 2521/742/1444 2553/742/1444 2554/744/1444
f 2509/720/1445 2508/718/1445 2540/718/1445 2541/720/1445
f 2496/694/1446 2495/692/1446 2527/692/1446 2528/694/1446
f 2492/684/1447 2522/744/1447 2554/744/1447 2524/684/1447
f 2510/722/1448 2509/720/1448 2541/720/1448 2542/722/1448
f 2497/696/1449 2496/694/1449 2528/694/1449 2529/696/1449
f 2511/724/1450 2510/722/1450 2542/722/1450 2543/724/1450
f 2498/698/1451 2497/696/1451 2529/696/1451 2530/698/1451
f 2512/726/1452 2511/724/1452 2543/724/1452 2544/726/1452
f 2499/700/1453 2498/698/1453 2530/698/1453 2531/700/1453
f 2513/728/1454 2512/726/1454 2544/726/1454 2545/728/1454
f 2500/702/1455 2499/700/1455 2531/700/1455 2532/702/1455
f 2514/730/1456 2513/728/1456 2545/728/1456 2546/730/1456
f 2501/704/1457 2500/702/1457 2532/702/1457 2533/704/1457
f 2515/732/1458 2514/730/1458 2546/730/1458 2547/732/1458
f 2502/706/1459 2501/704/1459 2533/704/1459 2534/706/1459
f 2516/734/1460 2515/732/1460 2547/732/1460 2548/734/1460
f 2503/708/1461 2502/706/1461 2534/706/1461 2535/708/1461
f 2517/677/1462 2516/734/1462 2548/734/1462 2549/677/1462
f 2504/710/1463 2503/708/1463 2535/708/1463 2536/710/1463
f 2518/676/1464 2517/677/1464 2549/677/1464 2550/676/1464
f 2505/712/1465 2504/710/1465 2536/710/1465 2537/712/1465
f 2491/685/1466 2492/684/1466 2524/684/1466 2523/685/1466
f 2519/738/1467 2518/676/1467 2550/676/1467 2551/738/1467
f 2506/714/1468 2505/712/1468 2537/712/1468 2538/714/1468
f 2493/688/1469 2491/685/1469 2523/685/1469 2525/688/1469
f 2520/740/1470 2519/738/1470 2551/738/1470 2552/740/1470
f 2507/716/1471 2506/714/1471 2538/714/1471 2539/716/1471
f 2428/746/1472 2427/747/1472 2555/748/1472 2556/749/1472
f 2429/750/1472 2428/746/1472 2556/749/1472 2557/751/1472
f 2430/752/1472 2429/750/1472 2557/751/1472 2558/753/1472
f 2431/754/1472 2430/752/1472 2558/753/1472 2559/755/1472
f 2432/756/1472 2431/754/1472 2559/755/1472 2560/757/1472
f 2433/758/1472 2432/756/1472 2560/757/1472 2561/759/1472
f 2434/760/1472 2433/758/1472 2561/759/1472 2562/761/1472
f 2435/762/1472 2434/760/1472 2562/761/1472 2563/763/1472
f 2436/764/1472 2435/762/1472 2563/763/1472 2564/765/1472
f 2437/766/1472 2436/764/1472 2564/765/1472 2565/767/1472
f 2438/768/1472 2437/766/1472 2565/767/1472 2566/769/1472
f 2439/770/1472 2438/768/1472 2566/769/1472 2567/771/1472
f 2440/772/1472 2439/770/1472 2567/771/1472 2568/773/1472
f 2441/774/1472 2440/772/1472 2568/773/1472 2569/775/1472
f 2442/776/1472 2441/774/1472 2569/775/1472 2570/777/1472
f 2443/778/1472 2442/776/1472 2570/777/1472 2571/779/1472
f 2444/780/1472 2443/778/1472 2571/779/1472 2572/781/1472
f 2445/782/1472 2444/780/1472 2572/781/1472 2573/783/1472
f 2446/784/1472 2445/782/1472 2573/783/1472 2574/785/1472
f 2447/786/1472 2446/784/1472 2574/785/1472 2575/787/1472
f 2448/788/1472 2447/786/1472 2575/787/1472 2576/789/1472
f 2449/682/1472 2448/788/1472 2576/789/1472 2577/790/1472
f 2450/683/1472 2449/682/1472 2577/790/1472 2578/791/1472
f 2451/792/1472 2450/683/1472 2578/791/1472 2579/793/1472
f 2452/794/1472 2451/792/1472 2579/793/1472 2580/795/1472
f 2453/796/1472 2452/794/1472 2580/795/1472 2581/797/1472
f 2454/798/1472 2453/796/1472 2581/797/1472 2582/799/1472
f 2455/800/1472 2454/798/1472 2582/799/1472 2583/801/1472
f 2456/802/1472 2455/800/1472 2583/801/1472 2584/803/1472
f 2457/804/1472 2456/802/1472 2584/803/1472 2585/805/1472
f 2458/806/1472 2457/804/1472 2585/805/1472 2586/807/1472
f 2427/747/1472 2458/806/1472 2586/807/1472 2555/748/1472
f 2436/764/1368 2437/766/1368 2597/766/1368 2596/764/1368
f 2450/683/1350 2451/792/1350 2611/792/1350 2610/683/1350
f 2437/766/1369 2438/768/1369 2598/768/1369 2597/766/1369
f 2451/792/1351 2452/794/1351 2612/794/1351 2611/792/1351
f 2438/768/1370 2439/770/1370 2599/770/1370 2598/768/1370
f 2452/794/1352 2453/796/1352 2613/796/1352 2612/794/1352
f 2439/770/1371 2440/772/1371 2600/772/1371 2599/770/1371
f 2453/796/1353 2454/798/1353 2614/798/1353 2613/796/1353
f 2440/772/1372 2441/774/1372 2601/774/1372 2600/772/1372
f 2427/747/1359 2428/746/1359 2588/746/1359 2587/747/1359
f 2454/798/1354 2455/800/1354 2615/800/1354 2614/798/1354
f 2441/774/1374 2442/776/1374 2602/776/1374 2601/774/1374
f 2428/746/1360 2429/750/1360 2589/750/1360 2588/746/1360
f 2455/800/1355 2456/802/1355 2616/802/1355 2615/800/1355
f 2442/776/1375 2443/778/1375 2603/778/1375 2602/776/1375
f 2429/750/1361 2430/752/1361 2590/752/1361 2589/750/1361
f 2456/802/1356 2457/804/1356 2617/804/1356 2616/802/1356
f 2443/778/1343 2444/780/1343 2604/780/1343 2603/778/1343
f 2430/752/1362 2431/754/1362 2591/754/1362 2590/752/1362
f 2457/804/1357 2458/806/1357 2618/806/1357 2617/804/1357
f 2444/780/1344 2445/782/1344 2605/782/1344 2604/780/1344
f 2431/754/1363 2432/756/1363 2592/756/1363 2591/754/1363
f 2458/806/1358 2427/747/1358 2587/747/1358 2618/806/1358
f 2445/782/1345 2446/784/1345 2606/784/1345 2605/782/1345
f 2432/756/1364 2433/758/1364 2593/758/1364 2592/756/1364
f 2446/784/1346 2447/786/1346 2607/786/1346 2606/784/1346
f 2433/758/1365 2434/760/1365 2594/760/1365 2593/758/1365
f 2447/786/1347 2448/788/1347 2608/788/1347 2607/786/1347
f 2434/760/1366 2435/762/1366 2595/762/1366 2594/760/1366
f 2448/788/1348 2449/682/1348 2609/682/1348 2608/788/1348
f 2435/762/1367 2436/764/1367 2596/764/1367 2595/762/1367
f 2674/676/1431 2774/676/1431 2773/677/1431 2672/677/1431
f 2627/623/1395 2815/623/1395 2816/625/1395 2629/625/1395
f 2705/682/1352 2865/682/1352 2866/683/1352 2706/683/1352
f 2645/641/1394 2824/641/1394 2825/643/1394 2647/643/1394
f 2663/659/1400 2833/659/1400 2834/661/1400 2665/661/1400
f 2619/614/1392 2811/614/1392 2812/617/1392 2621/617/1392
f 2681/679/1399 2842/679/1399 2811/681/1399 2619/681/1399
f 2637/633/1391 2820/633/1391 2821/635/1391 2639/635/1391
f 2655/651/1397 2829/651/1397 2830/653/1397 2657/653/1397
f 2673/669/1396 2838/669/1396 2839/671/1396 2675/671/1396
f 2629/625/1388 2816/625/1388 2817/627/1388 2631/627/1388
f 2647/643/1387 2825/643/1387 2826/645/1387 2649/645/1387
f 2665/661/1393 2834/661/1393 2835/663/1393 2667/663/1393
f 2621/617/1385 2812/617/1385 2813/619/1385 2623/619/1385
f 2639/635/1384 2821/635/1384 2822/637/1384 2641/637/1384
f 2657/653/1390 2830/653/1390 2831/655/1390 2659/655/1390
f 2675/671/1389 2839/671/1389 2840/673/1389 2677/673/1389
f 2631/627/1381 2817/627/1381 2818/629/1381 2633/629/1381
f 2649/645/1379 2826/645/1379 2827/647/1379 2651/647/1379
f 2667/663/1386 2835/663/1386 2836/665/1386 2669/665/1386
f 2623/619/1377 2813/619/1377 2814/621/1377 2625/621/1377
f 2641/637/1376 2822/637/1376 2823/639/1376 2643/639/1376
f 2659/655/1383 2831/655/1383 2832/657/1383 2661/657/1383
f 2677/673/1382 2840/673/1382 2841/675/1382 2679/675/1382
f 2633/629/1405 2818/629/1405 2819/631/1405 2635/631/1405
f 2651/647/1380 2827/647/1380 2828/649/1380 2653/649/1380
f 2669/665/1378 2836/665/1378 2837/667/1378 2671/667/1378
f 2625/621/1402 2814/621/1402 2815/623/1402 2627/623/1402
f 2643/639/1401 2823/639/1401 2824/641/1401 2645/641/1401
f 2661/657/1407 2832/657/1407 2833/659/1407 2663/659/1407
f 2679/675/1406 2841/675/1406 2842/679/1406 2681/679/1406
f 2635/631/1398 2819/631/1398 2820/633/1398 2637/633/1398
f 2653/649/1404 2828/649/1404 2829/651/1404 2655/651/1404
f 2671/667/1403 2837/667/1403 2838/669/1403 2673/669/1403
f 2750/690/1465 2782/690/1465 2781/688/1465 2749/688/1465
f 2648/712/1417 2761/712/1417 2760/710/1417 2646/710/1417
f 2622/685/1416 2747/685/1416 2748/684/1416 2620/684/1416
f 2676/738/1429 2775/738/1429 2774/676/1429 2674/676/1429
f 2650/714/1414 2762/714/1414 2761/712/1414 2648/712/1414
f 2624/688/1413 2749/688/1413 2747/685/1413 2622/685/1413
f 2678/740/1427 2776/740/1427 2775/738/1427 2676/738/1427
f 2652/716/1411 2763/716/1411 2762/714/1411 2650/714/1411
f 2626/690/1410 2750/690/1410 2749/688/1410 2624/688/1410
f 2680/742/1425 2777/742/1425 2776/740/1425 2678/740/1425
f 2654/718/1424 2764/718/1424 2763/716/1424 2652/716/1424
f 2628/692/1440 2751/692/1440 2750/690/1440 2626/690/1440
f 2682/744/1422 2778/744/1422 2777/742/1422 2680/742/1422
f 2656/720/1421 2765/720/1421 2764/718/1421 2654/718/1421
f 2630/694/1438 2752/694/1438 2751/692/1438 2628/692/1438
f 2620/684/1419 2748/684/1419 2778/744/1419 2682/744/1419
f 2658/722/1418 2766/722/1418 2765/720/1418 2656/720/1418
f 2632/696/1436 2753/696/1436 2752/694/1436 2630/694/1436
f 2660/724/1415 2767/724/1415 2766/722/1415 2658/722/1415
f 2634/698/1434 2754/698/1434 2753/696/1434 2632/696/1434
f 2662/726/1412 2768/726/1412 2767/724/1412 2660/724/1412
f 2636/700/1432 2755/700/1432 2754/698/1432 2634/698/1432
f 2664/728/1373 2769/728/1373 2768/726/1373 2662/726/1373
f 2638/702/1430 2756/702/1430 2755/700/1430 2636/700/1430
f 2666/730/1439 2770/730/1439 2769/728/1439 2664/728/1439
f 2640/704/1428 2757/704/1428 2756/702/1428 2638/702/1428
f 2668/732/1437 2771/732/1437 2770/730/1437 2666/730/1437
f 2642/706/1426 2758/706/1426 2757/704/1426 2640/704/1426
f 2670/734/1435 2772/734/1435 2771/732/1435 2668/732/1435
f 2644/708/1423 2759/708/1423 2758/706/1423 2642/706/1423
f 2672/677/1433 2773/677/1433 2772/734/1433 2670/734/1433
f 2646/710/1420 2760/710/1420 2759/708/1420 2644/708/1420
f 2779/685/1408 2781/688/1408 2782/690/1408 2783/692/1408 2784/694/1408 2785/696/1408 2786/698/1408 2787/700/1408 2788/702/1408 2789/704/1408 2790/706/1408 2791/708/1408 2792/710/1408 2793/712/1408 2794/714/1408 2795/716/1408 2796/718/1408 2797/720/1408 2798/722/1408 2799/724/1408 2800/726/1408 2801/728/1408 2802/730/1408 2803/732/1408 2804/734/1408 2805/677/1408 2806/676/1408 2807/738/1408 2808/740/1408 2809/742/1408 2810/744/1408 2780/684/1408
f 2777/742/1448 2809/742/1448 2808/740/1448 2776/740/1448
f 2764/718/1447 2796/718/1447 2795/716/1447 2763/716/1447
f 2751/692/1463 2783/692/1463 2782/690/1463 2750/690/1463
f 2778/744/1445 2810/744/1445 2809/742/1445 2777/742/1445
f 2765/720/1444 2797/720/1444 2796/718/1444 2764/718/1444
f 2752/694/1473 2784/694/1473 2783/692/1473 2751/692/1473
f 2748/684/1442 2780/684/1442 2810/744/1442 2778/744/1442
f 2766/722/1441 2798/722/1441 2797/720/1441 2765/720/1441
f 2753/696/1459 2785/696/1459 2784/694/1459 2752/694/1459
f 2767/724/1470 2799/724/1470 2798/722/1470 2766/722/1470
f 2754/698/1457 2786/698/1457 2785/696/1457 2753/696/1457
f 2768/726/1474 2800/726/1474 2799/724/1474 2767/724/1474
f 2755/700/1455 2787/700/1455 2786/698/1455 2754/698/1455
f 2769/728/1464 2801/728/1464 2800/726/1464 2768/726/1464
f 2756/702/1453 2788/702/1453 2787/700/1453 2755/700/1453
f 2770/730/1462 2802/730/1462 2801/728/1462 2769/728/1462
f 2757/704/1451 2789/704/1451 2788/702/1451 2756/702/1451
f 2771/732/1460 2803/732/1460 2802/730/1460 2770/730/1460
f 2758/706/1449 2790/706/1449 2789/704/1449 2757/704/1449
f 2772/734/1458 2804/734/1458 2803/732/1458 2771/732/1458
f 2759/708/1475 2791/708/1475 2790/706/1475 2758/706/1475
f 2773/677/1456 2805/677/1456 2804/734/1456 2772/734/1456
f 2760/710/1443 2792/710/1443 2791/708/1443 2759/708/1443
f 2774/676/1454 2806/676/1454 2805/677/1454 2773/677/1454
f 2761/712/1409 2793/712/1409 2792/710/1409 2760/710/1409
f 2747/685/1471 2779/685/1471 2780/684/1471 2748/684/1471
f 2775/738/1452 2807/738/1452 2806/676/1452 2774/676/1452
f 2762/714/1469 2794/714/1469 2793/712/1469 2761/712/1469
f 2749/688/1468 2781/688/1468 2779/685/1468 2747/685/1468
f 2776/740/1450 2808/740/1450 2807/738/1450 2775/738/1450
f 2763/716/1466 2795/716/1466 2794/714/1466 2762/714/1466
f 2684/746/1472 2812/749/1472 2811/748/1472 2683/747/1472
f 2685/750/1472 2813/751/1472 2812/749/1472 2684/746/1472
f 2686/752/1472 2814/753/1472 2813/751/1472 2685/750/1472
f 2687/754/1472 2815/755/1472 2814/753/1472 2686/752/1472
f 2688/756/1472 2816/757/1472 2815/755/1472 2687/754/1472
f 2689/758/1472 2817/759/1472 2816/757/1472 2688/756/1472
f 2690/760/1472 2818/761/1472 2817/759/1472 2689/758/1472
f 2691/762/1472 2819/763/1472 2818/761/1472 2690/760/1472
f 2692/764/1472 2820/765/1472 2819/763/1472 2691/762/1472
f 2693/766/1472 2821/767/1472 2820/765/1472 2692/764/1472
f 2694/768/1472 2822/769/1472 2821/767/1472 2693/766/1472
f 2695/770/1472 2823/771/1472 2822/769/1472 2694/768/1472
f 2696/772/1472 2824/773/1472 2823/771/1472 2695/770/1472
f 2697/774/1472 2825/775/1472 2824/773/1472 2696/772/1472
f 2698/776/1472 2826/777/1472 2825/775/1472 2697/774/1472
f 2699/778/1472 2827/779/1472 2826/777/1472 2698/776/1472
f 2700/780/1472 2828/781/1472 2827/779/1472 2699/778/1472
f 2701/782/1472 2829/783/1472 2828/781/1472 2700/780/1472
f 2702/784/1472 2830/785/1472 2829/783/1472 2701/782/1472
f 2703/786/1472 2831/787/1472 2830/785/1472 2702/784/1472
f 2704/788/1472 2832/789/1472 2831/787/1472 2703/786/1472
f 2705/682/1472 2833/790/1472 2832/789/1472 2704/788/1472
f 2706/683/1472 2834/791/1472 2833/790/1472 2705/682/1472
f 2707/792/1472 2835/793/1472 2834/791/1472 2706/683/1472
f 2708/794/1472 2836/795/1472 2835/793/1472 2707/792/1472
f 2709/796/1472 2837/797/1472 2836/795/1472 2708/794/1472
f 2710/798/1472 2838/799/1472 2837/797/1472 2709/796/1472
f 2711/800/1472 2839/801/1472 2838/799/1472 2710/798/1472
f 2712/802/1472 2840/803/1472 2839/801/1472 2711/800/1472
f 2713/804/1472 2841/805/1472 2840/803/1472 2712/802/1472
f 2714/806/1472 2842/807/1472 2841/805/1472 2713/804/1472
f 2683/747/1472 2811/748/1472 2842/807/1472 2714/806/1472
f 2692/764/1365 2852/764/1365 2853/766/1365 2693/766/1365
f 2706/683/1351 2866/683/1351 2867/792/1351 2707/792/1351
f 2693/766/1364 2853/766/1364 2854/768/1364 2694/768/1364
f 2707/792/1350 2867/792/1350 2868/794/1350 2708/794/1350
f 2694/768/1363 2854/768/1363 2855/770/1363 2695/770/1363
f 2708/794/1349 2868/794/1349 2869/796/1349 2709/796/1349
f 2695/770/1362 2855/770/1362 2856/772/1362 2696/772/1362
f 2709/796/1348 2869/796/1348 2870/798/1348 2710/798/1348
f 2696/772/1361 2856/772/1361 2857/774/1361 2697/774/1361
f 2683/747/1375 2843/747/1375 2844/746/1375 2684/746/1375
f 2710/798/1347 2870/798/1347 2871/800/1347 2711/800/1347
f 2697/774/1360 2857/774/1360 2858/776/1360 2698/776/1360
f 2684/746/1374 2844/746/1374 2845/750/1374 2685/750/1374
f 2711/800/1346 2871/800/1346 2872/802/1346 2712/802/1346
f 2698/776/1359 2858/776/1359 2859/778/1359 2699/778/1359
f 2685/750/1372 2845/750/1372 2846/752/1372 2686/752/1372
f 2712/802/1345 2872/802/1345 2873/804/1345 2713/804/1345
f 2699/778/1358 2859/778/1358 2860/780/1358 2700/780/1358
f 2686/752/1371 2846/752/1371 2847/754/1371 2687/754/1371
f 2713/804/1344 2873/804/1344 2874/806/1344 2714/806/1344
f 2700/780/1357 2860/780/1357 2861/782/1357 2701/782/1357
f 2687/754/1370 2847/754/1370 2848/756/1370 2688/756/1370
f 2714/806/1343 2874/806/1343 2843/747/1343 2683/747/1343
f 2701/782/1356 2861/782/1356 2862/784/1356 2702/784/1356
f 2688/756/1369 2848/756/1369 2849/758/1369 2689/758/1369
f 2702/784/1355 2862/784/1355 2863/786/1355 2703/786/1355
f 2689/758/1368 2849/758/1368 2850/760/1368 2690/760/1368
f 2703/786/1354 2863/786/1354 2864/788/1354 2704/788/1354
f 2690/760/1367 2850/760/1367 2851/762/1367 2691/762/1367
f 2704/788/1353 2864/788/1353 2865/682/1353 2705/682/1353
f 2691/762/1366 2851/762/1366 2852/764/1366 2692/764/1366
usemtl Material.004
f 2587/747/1472 2588/746/1472 2589/750/1472 2590/752/1472 2591/754/1472 2592/756/1472 2593/758/1472 2594/760/1472 2595/762/1472 2596/764/1472 2597/766/1472 2598/768/1472 2599/770/1472 2600/772/1472 2601/774/1472 2602/776/1472 2603/778/1472 2604/780/1472 2605/782/1472 2606/784/1472 2607/786/1472 2608/788/1472 2609/682/1472 2610/683/1472 2611/792/1472 2612/794/1472 2613/796/1472 2614/798/1472 2615/800/1472 2616/802/1472 2617/804/1472 2618/806/1472
f 2843/747/1472 2874/806/1472 2873/804/1472 2872/802/1472 2871/800/1472 2870/798/1472 2869/796/1472 2868/794/1472 2867/792/1472 2866/683/1472 2865/682/1472 2864/788/1472 2863/786/1472 2862/784/1472 2861/782/1472 2860/780/1472 2859/778/1472 2858/776/1472 2857/774/1472 2856/772/1472 2855/770/1472 2854/768/1472 2853/766/1472 2852/764/1472 2851/762/1472 2850/760/1472 2849/758/1472 2848/756/1472 2847/754/1472 2846/752/1472 2845/750/1472 2844/746/1472
o Cube.003
v 4.226080 -4.835259 17.069860
v 4.226080 -4.500379 17.069860
v 4.226080 -4.835259 16.962538
v 4.226080 -4.500379 16.962538
v 4.529057 -4.835259 17.069860
v 4.989377 -4.568743 17.069860
v 4.529057 -4.835259 16.962538
v 4.989377 -4.568743 16.962538
v 3.856912 -4.817029 17.069860
v 3.856912 -4.555071 17.069860
v 3.856912 -4.817029 16.962538
v 3.856912 -4.555071 16.962538
v 3.711067 -4.817029 17.069860
v 3.742971 -4.596089 17.069860
v 3.711067 -4.817029 16.962538
v 3.742971 -4.596089 16.962538
v 4.226080 -4.835259 17.016199
v 4.161601 -4.500379 17.016199
v 4.529057 -4.835259 17.016199
v 4.989377 -4.568743 17.016199
v 3.856912 -4.817029 17.016199
v 3.792432 -4.555071 17.016199
v 3.646588 -4.817029 17.016199
v 3.678491 -4.596089 17.016199
v 4.226080 -4.835259 8.863736
v 4.226080 -4.500379 8.863736
v 4.226080 -4.835259 8.971058
v 4.226080 -4.500379 8.971058
v 4.529057 -4.835259 8.863736
v 4.989377 -4.568743 8.863736
v 4.529057 -4.835259 8.971058
v 4.989377 -4.568743 8.971058
v 3.856912 -4.817029 8.863736
v 3.856912 -4.555071 8.863736
v 3.856912 -4.817029 8.971058
v 3.856912 -4.555071 8.971058
v 3.711067 -4.817029 8.863736
v 3.742971 -4.596089 8.863736
v 3.711067 -4.817029 8.971058
v 3.742971 -4.596089 8.971058
v 4.226080 -4.835259 8.917397
v 4.161600 -4.500379 8.917397
v 4.529057 -4.835259 8.917397
v 4.989377 -4.568743 8.917397
v 3.856912 -4.817029 8.917397
v 3.792432 -4.555071 8.917397
v 3.646588 -4.817029 8.917397
v 3.678491 -4.596089 8.917397
vn -0.0000 -0.0000 1.0000
vn -0.0000 -0.0000 -1.0000
vn 0.5011 -0.8654 -0.0000
vn -0.0000 -1.0000 -0.0000
vn 0.0855 0.9950 -0.0514
vn -0.1443 0.9742 -0.1734
vn -0.0493 -0.9988 -0.0000
vn -0.6370 0.0920 -0.7654
vn -0.3137 0.8715 -0.3770
vn -0.3137 0.8715 0.3770
vn -0.6370 0.0920 0.7654
vn -0.1443 0.9742 0.1734
vn 0.0855 0.9950 0.0514
vt 0.375000 1.000000
vt 0.625000 1.000000
vt 0.375000 0.250000
vt 0.625000 0.250000
vt 0.625000 0.500000
vt 0.375000 0.500000
vt 0.375000 0.625000
vt 0.625000 0.625000
vt 0.625000 0.750000
vt 0.375000 0.750000
vt 0.125000 0.625000
vt 0.125000 0.750000
vt 0.875000 0.625000
vt 0.875000 0.750000
vt 0.875000 0.500000
vt 0.375000 0.125000
vt 0.625000 0.125000
vt 0.375000 0.000000
vt 0.625000 0.000000
vt 0.125000 0.500000
s 0
usemtl Material.003
f 2875/808/1476 2876/809/1476 2884/809/1476 2883/808/1476
f 2877/810/1477 2878/811/1477 2882/812/1477 2881/813/1477
f 2893/814/1478 2894/815/1478 2880/816/1478 2879/817/1478
f 2879/817/1476 2880/816/1476 2876/809/1476 2875/808/1476
f 2891/818/1479 2893/814/1479 2879/817/1479 2875/819/1479
f 2894/815/1480 2892/820/1480 2876/821/1480 2880/816/1480
f 2895/818/1479 2883/819/1479 2887/819/1479 2897/818/1479
f 2892/820/1481 2878/822/1481 2886/822/1481 2896/820/1481
f 2891/818/1482 2875/819/1482 2883/819/1482 2895/818/1482
f 2878/811/1477 2877/810/1477 2885/810/1477 2886/811/1477
f 2897/823/1483 2898/824/1483 2890/811/1483 2889/810/1483
f 2886/811/1477 2885/810/1477 2889/810/1477 2890/811/1477
f 2883/808/1476 2884/809/1476 2888/809/1476 2887/808/1476
f 2896/820/1484 2886/822/1484 2890/822/1484 2898/820/1484
f 2884/821/1485 2896/820/1485 2898/820/1485 2888/821/1485
f 2887/825/1486 2888/826/1486 2898/824/1486 2897/823/1486
f 2877/827/1482 2891/818/1482 2895/818/1482 2885/827/1482
f 2876/821/1487 2892/820/1487 2896/820/1487 2884/821/1487
f 2885/827/1479 2895/818/1479 2897/818/1479 2889/827/1479
f 2882/812/1488 2878/822/1488 2892/820/1488 2894/815/1488
f 2877/827/1479 2881/813/1479 2893/814/1479 2891/818/1479
f 2881/813/1478 2882/812/1478 2894/815/1478 2893/814/1478
f 2899/808/1477 2907/808/1477 2908/809/1477 2900/809/1477
f 2901/810/1476 2905/813/1476 2906/812/1476 2902/811/1476
f 2917/814/1478 2903/817/1478 2904/816/1478 2918/815/1478
f 2903/817/1477 2899/808/1477 2900/809/1477 2904/816/1477
f 2915/818/1479 2899/819/1479 2903/817/1479 2917/814/1479
f 2918/815/1488 2904/816/1488 2900/821/1488 2916/820/1488
f 2919/818/1479 2921/818/1479 2911/819/1479 2907/819/1479
f 2916/820/1487 2920/820/1487 2910/822/1487 2902/822/1487
f 2915/818/1482 2919/818/1482 2907/819/1482 2899/819/1482
f 2902/811/1476 2910/811/1476 2909/810/1476 2901/810/1476
f 2921/823/1486 2913/810/1486 2914/811/1486 2922/824/1486
f 2910/811/1476 2914/811/1476 2913/810/1476 2909/810/1476
f 2907/808/1477 2911/808/1477 2912/809/1477 2908/809/1477
f 2920/820/1485 2922/820/1485 2914/822/1485 2910/822/1485
f 2908/821/1484 2912/821/1484 2922/820/1484 2920/820/1484
f 2911/825/1483 2921/823/1483 2922/824/1483 2912/826/1483
f 2901/827/1482 2909/827/1482 2919/818/1482 2915/818/1482
f 2900/821/1481 2908/821/1481 2920/820/1481 2916/820/1481
f 2909/827/1479 2913/827/1479 2921/818/1479 2919/818/1479
f 2906/812/1480 2918/815/1480 2916/820/1480 2902/822/1480
f 2901/827/1479 2915/818/1479 2917/814/1479 2905/813/1479
f 2905/813/1478 2917/814/1478 2918/815/1478 2906/812/1478
o Cube.004
v 2.619459 -4.977020 15.313661
v 2.619459 -4.642140 15.313661
v 2.619459 -4.977020 15.206340
v 2.619459 -4.642140 15.206340
v 2.922436 -4.977020 15.313661
v 3.382757 -4.710504 15.313661
v 2.922436 -4.977020 15.206340
v 3.382757 -4.710504 15.206340
v 2.250291 -4.958789 15.313661
v 2.250291 -4.696832 15.313661
v 2.250291 -4.958789 15.206340
v 2.250291 -4.696832 15.206340
v 2.104447 -4.958789 15.313661
v 2.136350 -4.737850 15.313661
v 2.104447 -4.958789 15.206340
v 2.136350 -4.737850 15.206340
v 2.619459 -4.977020 15.260000
v 2.554980 -4.642140 15.260000
v 2.922436 -4.977020 15.260000
v 3.382757 -4.710504 15.260000
v 2.250291 -4.958789 15.260000
v 2.185811 -4.696832 15.260000
v 2.039967 -4.958789 15.260000
v 2.071871 -4.737850 15.260000
v 2.619459 -4.977020 10.619936
v 2.619459 -4.642140 10.619936
v 2.619459 -4.977020 10.727258
v 2.619459 -4.642140 10.727258
v 2.922436 -4.977020 10.619936
v 3.382757 -4.710504 10.619936
v 2.922436 -4.977020 10.727258
v 3.382757 -4.710504 10.727258
v 2.250291 -4.958789 10.619936
v 2.250291 -4.696832 10.619936
v 2.250291 -4.958789 10.727258
v 2.250291 -4.696832 10.727258
v 2.104447 -4.958789 10.619936
v 2.136350 -4.737850 10.619936
v 2.104447 -4.958789 10.727258
v 2.136350 -4.737850 10.727258
v 2.619459 -4.977020 10.673597
v 2.554980 -4.642140 10.673597
v 2.922436 -4.977020 10.673597
v 3.382757 -4.710504 10.673597
v 2.250291 -4.958789 10.673597
v 2.185811 -4.696832 10.673597
v 2.039967 -4.958789 10.673597
v 2.071871 -4.737850 10.673597
vn -0.0000 -0.0000 1.0000
vn -0.0000 -0.0000 -1.0000
vn 0.5011 -0.8654 -0.0000
vn -0.0000 -1.0000 -0.0000
vn 0.0855 0.9950 -0.0514
vn -0.1443 0.9742 -0.1734
vn -0.0493 -0.9988 -0.0000
vn -0.6370 0.0920 -0.7654
vn -0.3137 0.8715 -0.3770
vn -0.3137 0.8715 0.3770
vn -0.6370 0.0920 0.7654
vn -0.1443 0.9742 0.1734
vn 0.0855 0.9950 0.0514
vt 0.375000 1.000000
vt 0.625000 1.000000
vt 0.375000 0.250000
vt 0.625000 0.250000
vt 0.625000 0.500000
vt 0.375000 0.500000
vt 0.375000 0.625000
vt 0.625000 0.625000
vt 0.625000 0.750000
vt 0.375000 0.750000
vt 0.125000 0.625000
vt 0.125000 0.750000
vt 0.875000 0.625000
vt 0.875000 0.750000
vt 0.875000 0.500000
vt 0.375000 0.125000
vt 0.625000 0.125000
vt 0.375000 0.000000
vt 0.625000 0.000000
vt 0.125000 0.500000
s 0
usemtl Material.003
f 2923/828/1489 2924/829/1489 2932/829/1489 2931/828/1489
f 2925/830/1490 2926/831/1490 2930/832/1490 2929/833/1490
f 2941/834/1491 2942/835/1491 2928/836/1491 2927/837/1491
f 2927/837/1489 2928/836/1489 2924/829/1489 2923/828/1489
f 2939/838/1492 2941/834/1492 2927/837/1492 2923/839/1492
f 2942/835/1493 2940/840/1493 2924/841/1493 2928/836/1493
f 2943/838/1492 2931/839/1492 2935/839/1492 2945/838/1492
f 2940/840/1494 2926/842/1494 2934/842/1494 2944/840/1494
f 2939/838/1495 2923/839/1495 2931/839/1495 2943/838/1495
f 2926/831/1490 2925/830/1490 2933/830/1490 2934/831/1490
f 2945/843/1496 2946/844/1496 2938/831/1496 2937/830/1496
f 2934/831/1490 2933/830/1490 2937/830/1490 2938/831/1490
f 2931/828/1489 2932/829/1489 2936/829/1489 2935/828/1489
f 2944/840/1497 2934/842/1497 2938/842/1497 2946/840/1497
f 2932/841/1498 2944/840/1498 2946/840/1498 2936/841/1498
f 2935/845/1499 2936/846/1499 2946/844/1499 2945/843/1499
f 2925/847/1495 2939/838/1495 2943/838/1495 2933/847/1495
f 2924/841/1500 2940/840/1500 2944/840/1500 2932/841/1500
f 2933/847/1492 2943/838/1492 2945/838/1492 2937/847/1492
f 2930/832/1501 2926/842/1501 2940/840/1501 2942/835/1501
f 2925/847/1492 2929/833/1492 2941/834/1492 2939/838/1492
f 2929/833/1491 2930/832/1491 2942/835/1491 2941/834/1491
f 2947/828/1490 2955/828/1490 2956/829/1490 2948/829/1490
f 2949/830/1489 2953/833/1489 2954/832/1489 2950/831/1489
f 2965/834/1491 2951/837/1491 2952/836/1491 2966/835/1491
f 2951/837/1490 2947/828/1490 2948/829/1490 2952/836/1490
f 2963/838/1492 2947/839/1492 2951/837/1492 2965/834/1492
f 2966/835/1501 2952/836/1501 2948/841/1501 2964/840/1501
f 2967/838/1492 2969/838/1492 2959/839/1492 2955/839/1492
f 2964/840/1500 2968/840/1500 2958/842/1500 2950/842/1500
f 2963/838/1495 2967/838/1495 2955/839/1495 2947/839/1495
f 2950/831/1489 2958/831/1489 2957/830/1489 2949/830/1489
f 2969/843/1499 2961/830/1499 2962/831/1499 2970/844/1499
f 2958/831/1489 2962/831/1489 2961/830/1489 2957/830/1489
f 2955/828/1490 2959/828/1490 2960/829/1490 2956/829/1490
f 2968/840/1498 2970/840/1498 2962/842/1498 2958/842/1498
f 2956/841/1497 2960/841/1497 2970/840/1497 2968/840/1497
f 2959/845/1496 2969/843/1496 2970/844/1496 2960/846/1496
f 2949/847/1495 2957/847/1495 2967/838/1495 2963/838/1495
f 2948/841/1494 2956/841/1494 2968/840/1494 2964/840/1494
f 2957/847/1492 2961/847/1492 2969/838/1492 2967/838/1492
f 2954/832/1493 2966/835/1493 2964/840/1493 2950/842/1493
f 2949/847/1492 2963/838/1492 2965/834/1492 2953/833/1492
f 2953/833/1491 2965/834/1491 2966/835/1491 2954/832/1491
o Cube.005
v 9.971799 -4.163117 12.907636
v 10.538841 -3.840218 10.832842
v 9.971799 -3.953395 12.907636
v 10.538841 -3.780132 10.832842
v 8.114370 -4.163117 12.888734
v 10.051766 -3.840218 10.832842
v 8.114370 -3.953395 12.888734
v 10.051766 -3.780132 10.832842
v 10.078387 -4.058256 12.907637
v 10.645430 -3.810175 10.747472
v 8.022529 -4.058256 12.888734
v 9.959925 -3.810175 10.747471
v 9.971798 -4.163117 13.025962
v 10.538841 -3.840218 15.100756
v 9.971798 -3.953395 13.025962
v 10.538841 -3.780132 15.100756
v 8.114370 -4.163117 13.044864
v 10.051765 -3.840218 15.100756
v 8.114370 -3.953395 13.044864
v 10.051765 -3.780132 15.100756
v 10.078386 -4.058256 13.025962
v 10.645430 -3.810175 15.186127
v 8.022529 -4.058256 13.044864
v 9.959925 -3.810175 15.186127
vn 0.5851 0.7765 0.2339
vn -0.0007 0.9965 0.0832
vn -0.3779 -0.8045 -0.4583
vn 0.0012 -0.9881 -0.1537
vn -0.0097 0.0007 1.0000
vn -0.0000 -0.9433 -0.3320
vn -0.0000 0.9433 -0.3320
vn -0.0097 -0.0007 1.0000
vn -0.4520 0.8270 -0.3343
vn 0.5437 -0.8386 0.0325
vn 0.5851 0.7765 -0.2339
vn -0.0007 0.9965 -0.0832
vn -0.3779 -0.8045 0.4583
vn 0.0012 -0.9881 0.1537
vn -0.0097 0.0007 -1.0000
vn -0.0000 -0.9433 0.3320
vn -0.0000 0.9433 0.3320
vn -0.0097 -0.0007 -1.0000
vn -0.4520 0.8270 0.3343
vn 0.5437 -0.8386 -0.0325
vt 0.375000 0.125000
vt 0.625000 0.125000
vt 0.625000 0.250000
vt 0.375000 0.250000
vt 0.625000 0.500000
vt 0.375000 0.500000
vt 0.375000 0.625000
vt 0.625000 0.625000
vt 0.625000 0.750000
vt 0.375000 0.750000
vt 0.625000 1.000000
vt 0.375000 1.000000
vt 0.125000 0.625000
vt 0.125000 0.750000
vt 0.875000 0.625000
vt 0.875000 0.750000
vt 0.875000 0.500000
vt 0.125000 0.500000
vt 0.375000 0.000000
vt 0.625000 0.000000
s 0
usemtl Material.003
f 2979/848/1502 2980/849/1502 2974/850/1502 2973/851/1502
f 2973/851/1503 2974/850/1503 2978/852/1503 2977/853/1503
f 2981/854/1504 2982/855/1504 2976/856/1504 2975/857/1504
f 2975/857/1505 2976/856/1505 2972/858/1505 2971/859/1505
f 2979/860/1506 2981/854/1506 2975/857/1506 2971/861/1506
f 2982/855/1507 2980/862/1507 2972/863/1507 2976/856/1507
f 2978/852/1508 2974/864/1508 2980/862/1508 2982/855/1508
f 2973/865/1509 2977/853/1509 2981/854/1509 2979/860/1509
f 2977/853/1510 2978/852/1510 2982/855/1510 2981/854/1510
f 2971/866/1511 2972/867/1511 2980/849/1511 2979/848/1511
f 2991/848/1512 2985/851/1512 2986/850/1512 2992/849/1512
f 2985/851/1513 2989/853/1513 2990/852/1513 2986/850/1513
f 2993/854/1514 2987/857/1514 2988/856/1514 2994/855/1514
f 2987/857/1515 2983/859/1515 2984/858/1515 2988/856/1515
f 2991/860/1516 2983/861/1516 2987/857/1516 2993/854/1516
f 2994/855/1517 2988/856/1517 2984/863/1517 2992/862/1517
f 2990/852/1518 2994/855/1518 2992/862/1518 2986/864/1518
f 2985/865/1519 2991/860/1519 2993/854/1519 2989/853/1519
f 2989/853/1520 2993/854/1520 2994/855/1520 2990/852/1520
f 2983/866/1521 2991/848/1521 2992/849/1521 2984/867/1521
o Cylinder.005
v -1.933488 -3.878912 12.615022
v -2.234923 -3.977747 12.882727
v -1.854853 -3.869251 12.608244
v -1.872769 -3.957440 12.546998
v -2.048637 -3.967302 12.632996
v -1.971223 -3.839508 12.695038
v -2.137512 -3.972286 12.715431
v -2.033805 -3.840110 12.784894
v -2.198911 -3.975728 12.798841
v -1.933488 -3.878912 13.318580
v -2.234923 -3.977747 13.050875
v -2.234923 -3.968441 12.966801
v -2.082762 -3.840582 12.966801
v -1.854853 -3.869251 13.325357
v -1.872769 -3.957440 13.386603
v -2.048637 -3.967302 13.300606
v -1.971223 -3.839508 13.238564
v -2.137512 -3.972286 13.218170
v -2.033805 -3.840110 13.148707
v -2.198911 -3.975728 13.134760
v -1.933488 -3.960845 13.378408
v -2.070615 -3.840465 13.057951
v -1.933488 -3.839145 13.275465
v -1.848570 -3.838327 13.293208
v -1.933488 -3.960845 12.555193
v -2.114137 -3.868865 12.984137
v -2.070615 -3.840465 12.875650
v -2.080488 -3.840560 12.983867
v -1.933488 -3.839145 12.658136
v -2.234923 -3.970468 12.985112
v -1.992487 -3.839713 13.208033
v -2.012947 -3.839910 13.178656
v -2.159626 -3.973526 13.188128
v -1.848570 -3.838327 12.640393
v -2.114137 -3.868865 12.949465
v -2.080488 -3.840560 12.949735
v -2.234923 -3.970468 12.948489
v -1.992487 -3.839713 12.725569
v -2.012947 -3.839910 12.754946
v -2.159626 -3.973526 12.745474
vn -0.6410 0.7629 -0.0844
vn -0.5009 0.5104 -0.6990
vn -0.1406 0.5839 -0.7996
vn -0.1471 0.7271 -0.6706
vn -0.5567 0.6107 -0.5632
vn -0.6269 0.7374 -0.2514
vn -0.5988 0.6866 -0.4124
vn -0.6410 0.7629 0.0844
vn -0.1406 0.5839 0.7996
vn -0.5567 0.6107 0.5632
vn -0.5988 0.6866 0.4124
vn -0.6269 0.7374 0.2514
vn -0.5009 0.5104 0.6990
vn -0.1471 0.7271 0.6706
vt 0.256806 0.500000
vt 0.250000 0.500000
vt 0.250000 0.752396
vt 0.256444 0.700352
vt 0.375000 0.809000
vt 0.375000 1.000000
vt 0.405220 1.000000
vt 0.281250 0.500000
vt 0.406250 1.000000
vt 0.357128 1.000000
vt 0.361723 1.000000
vt 0.343750 0.661580
vt 0.343750 0.937409
vt 0.281250 0.772544
vt 0.312500 0.833601
vt 0.312500 0.559735
vt 0.322915 0.868199
vt 0.332494 0.624897
vt 0.255851 0.756168
vt 0.333132 0.902138
s 0
usemtl Material.001
f 3031/868/1522 3006/869/1522 3007/870/1522 3029/871/1522
f 3007/870/1529 3020/871/1529 3022/886/1529
f 3007/870/1522 3030/886/1522 3029/871/1522
f 3024/868/1529 3020/871/1529 3007/870/1529 3006/869/1529
f 3026/884/1532 3027/885/1532 3012/879/1532 3025/887/1532
f 3033/884/1528 3032/887/1528 3001/879/1528 3034/885/1528
usemtl Material.002
f 2999/872/1523 2995/873/1523 3019/874/1523
f 2996/875/1522 3031/868/1522 3029/871/1522
f 2995/873/1524 2997/873/1524 2998/876/1524 3019/874/1524
f 2997/873/1525 2995/873/1525 3023/877/1525 3028/878/1525
f 3001/879/1526 3000/880/1526 3023/877/1526 2995/873/1526 2999/872/1526
f 2996/875/1527 3021/881/1527 3002/882/1527 3003/883/1527
f 3003/883/1528 3002/882/1528 3033/884/1528 3034/885/1528
f 3005/875/1529 3020/871/1529 3024/868/1529
f 3004/873/1530 3015/874/1530 3009/876/1530 3008/873/1530
f 3012/879/1531 3010/872/1531 3004/873/1531 3017/877/1531 3011/880/1531
f 3014/883/1532 3027/885/1532 3026/884/1532 3013/882/1532
f 3005/875/1533 3014/883/1533 3013/882/1533 3016/881/1533
f 3010/872/1534 3015/874/1534 3004/873/1534
f 3008/873/1535 3018/878/1535 3017/877/1535 3004/873/1535
f 3022/886/1529 3020/871/1529 3005/875/1529 3016/881/1529
f 3030/886/1522 3021/881/1522 2996/875/1522 3029/871/1522
f 3025/887/1532 3012/879/1532 3011/880/1532
f 3032/887/1528 3000/880/1528 3001/879/1528
o Cube.006
v -0.010050 -3.646920 12.985459
v 0.094396 -3.499059 12.985459
v -0.010050 -3.646920 12.948140
v 0.094396 -3.499059 12.948140
v 0.112490 -3.646920 12.985459
v 0.137810 -3.499059 12.985459
v 0.112490 -3.646920 12.948140
v 0.137810 -3.499059 12.948140
vn -0.8168 0.5770 -0.0000
vn -0.0000 -0.0000 -1.0000
vn 0.9857 -0.1688 -0.0000
vn -0.0000 -0.0000 1.0000
vn -0.0000 -1.0000 -0.0000
vn -0.0000 1.0000 -0.0000
vt 0.375000 0.000000
vt 0.625000 0.000000
vt 0.625000 0.250000
vt 0.375000 0.250000
vt 0.625000 0.500000
vt 0.375000 0.500000
vt 0.625000 0.750000
vt 0.375000 0.750000
vt 0.625000 1.000000
vt 0.375000 1.000000
vt 0.125000 0.500000
vt 0.125000 0.750000
vt 0.875000 0.500000
vt 0.875000 0.750000
s 0
usemtl Material.001
f 3035/888/1536 3036/889/1536 3038/890/1536 3037/891/1536
f 3037/891/1537 3038/890/1537 3042/892/1537 3041/893/1537
f 3041/893/1538 3042/892/1538 3040/894/1538 3039/895/1538
f 3039/895/1539 3040/894/1539 3036/896/1539 3035/897/1539
f 3037/898/1540 3041/893/1540 3039/895/1540 3035/899/1540
f 3042/892/1541 3038/900/1541 3036/901/1541 3040/894/1541
o Cube.007
v 2.927552 -3.875312 12.985459
v 3.031998 -3.727451 12.985459
v 2.927552 -3.875312 12.948140
v 3.031998 -3.727451 12.948140
v 3.050093 -3.875312 12.985459
v 3.075413 -3.727451 12.985459
v 3.050093 -3.875312 12.948140
v 3.075413 -3.727451 12.948140
vn -0.8168 0.5770 -0.0000
vn -0.0000 -0.0000 -1.0000
vn 0.9857 -0.1688 -0.0000
vn -0.0000 -0.0000 1.0000
vn -0.0000 -1.0000 -0.0000
vn -0.0000 1.0000 -0.0000
vt 0.375000 0.000000
vt 0.625000 0.000000
vt 0.625000 0.250000
vt 0.375000 0.250000
vt 0.625000 0.500000
vt 0.375000 0.500000
vt 0.625000 0.750000
vt 0.375000 0.750000
vt 0.625000 1.000000
vt 0.375000 1.000000
vt 0.125000 0.500000
vt 0.125000 0.750000
vt 0.875000 0.500000
vt 0.875000 0.750000
s 0
usemtl Material.001
f 3043/902/1542 3044/903/1542 3046/904/1542 3045/905/1542
f 3045/905/1543 3046/904/1543 3050/906/1543 3049/907/1543
f 3049/907/1544 3050/906/1544 3048/908/1544 3047/909/1544
f 3047/909/1545 3048/908/1545 3044/910/1545 3043/911/1545
f 3045/912/1546 3049/907/1546 3047/909/1546 3043/913/1546
f 3050/906/1547 3046/914/1547 3044/915/1547 3048/908/1547
o Cube.008
v 4.638135 -5.121697 12.948140
v 4.742581 -5.269557 12.948140
v 4.638135 -5.121697 12.985459
v 4.742581 -5.269557 12.985459
v 4.760676 -5.121697 12.948140
v 4.785996 -5.269557 12.948140
v 4.760676 -5.121697 12.985459
v 4.785996 -5.269557 12.985459
vn -0.8168 -0.5770 -0.0000
vn -0.0000 -0.0000 1.0000
vn 0.9857 0.1688 -0.0000
vn -0.0000 -0.0000 -1.0000
vn -0.0000 1.0000 -0.0000
vn -0.0000 -1.0000 -0.0000
vt 0.375000 0.000000
vt 0.625000 0.000000
vt 0.625000 0.250000
vt 0.375000 0.250000
vt 0.625000 0.500000
vt 0.375000 0.500000
vt 0.625000 0.750000
vt 0.375000 0.750000
vt 0.625000 1.000000
vt 0.375000 1.000000
vt 0.125000 0.500000
vt 0.125000 0.750000
vt 0.875000 0.500000
vt 0.875000 0.750000
s 0
usemtl Material.001
f 3051/916/1548 3052/917/1548 3054/918/1548 3053/919/1548
f 3053/919/1549 3054/918/1549 3058/920/1549 3057/921/1549
f 3057/921/1550 3058/920/1550 3056/922/1550 3055/923/1550
f 3055/923/1551 3056/922/1551 3052/924/1551 3051/925/1551
f 3053/926/1552 3057/921/1552 3055/923/1552 3051/927/1552
f 3058/920/1553 3054/928/1553 3052/929/1553 3056/922/1553
o Cube.009
v -1.331578 -5.082319 12.948140
v -1.227132 -5.230179 12.948140
v -1.331578 -5.082319 12.985459
v -1.227132 -5.230179 12.985459
v -1.209037 -5.082319 12.948140
v -1.183717 -5.230179 12.948140
v -1.209037 -5.082319 12.985459
v -1.183717 -5.230179 12.985459
vn -0.8168 -0.5770 -0.0000
vn -0.0000 -0.0000 1.0000
vn 0.9857 0.1688 -0.0000
vn -0.0000 -0.0000 -1.0000
vn -0.0000 1.0000 -0.0000
vn -0.0000 -1.0000 -0.0000
vt 0.375000 0.000000
vt 0.625000 0.000000
vt 0.625000 0.250000
vt 0.375000 0.250000
vt 0.625000 0.500000
vt 0.375000 0.500000
vt 0.625000 0.750000
vt 0.375000 0.750000
vt 0.625000 1.000000
vt 0.375000 1.000000
vt 0.125000 0.500000
vt 0.125000 0.750000
vt 0.875000 0.500000
vt 0.875000 0.750000
s 0
usemtl Material.001
f 3059/930/1554 3060/931/1554 3062/932/1554 3061/933/1554
f 3061/933/1555 3062/932/1555 3066/934/1555 3065/935/1555
f 3065/935/1556 3066/934/1556 3064/936/1556 3063/937/1556
f 3063/937/1557 3064/936/1557 3060/938/1557 3059/939/1557
f 3061/940/1558 3065/935/1558 3063/937/1558 3059/941/1558
f 3066/934/1559 3062/942/1559 3060/943/1559 3064/936/1559
